169 2 3 8 9 15 22 25 26 36 37 38 40 47 48 62 63 64 66 67 68 71 72 89 90 103 104 106 117 121 125 135 155 172 175 181 185 194 195 197 210 222 230 232 236 245 254 258 272 274 285 287 301 303 317 327 330 336 343 349 351 356 378 382 386 387 392 395 403 413 419 431 434 440 446 450 459 460 461 465 466 469 475 481 487 489 491 505 506 525 542 543 556 558 561 568 571 572 584 590 605 614 616 617 624 628 635 638 644 647 651 654 662 664 669 674 675 677 687 689 704 708 717 719 727 731 735 744 758 766 770 777 781 788 789 792 793 795 797 798 801 807 808 813 826 835 837 857 861 869 872 876 885 891 898 909 916 920 930 933 936 948 950 960 966 983 986 987 989 993
340 400 400 379 395 359 396 384 412 382 421 376 420 326 421 294 415 299 385 301 369 312 378 274 380 243 381 243 343 262 348 284 346 297 331 284 309 272 301 249 312 229 271 212 255 221 237 250 242 279 245 287 221 307 194 323 190 332 201 372 210 399 212 401 213 409 179 443 171 462 159 473 157 479 165 493 172 485 193 473 183 458 191 453 223 455 235 456 274 472 321 495 335 487 388 477 393 489 416 511 407 535 427 564 409 576 390 592 387 595 394 588 376 612 380 623 363 639 334 642 330 581 326 585 318 589 345 556 352 544 363 553 265 549 244 547 227 541 209 538 194 486 191 489 242 515 251 564 239 570 226 575 257 605 282 616 421 609 433 586 451 565 445 546 473 527 473 506 481 506 505 491 512 469 501 443 508 435 514 429 497 415 498 369 500 355 504 349 489 316 476 298 485 282 503 285 524 286 539 265 530 256 529 254 530 232 505 213 523 191 468 199 456 216 442 221 429 203 376 176 375 167 377 164 377 182 385 165 403 132 401 124 416 105 416 105 441 113 451 149 440 151 480 157 490 151 496 114 401 123 338 145 309 163 309 176 342 191 356 205 336 228 328 187 278 284 274 290 271 293 270 331 255 340 259 343 312 346 311 339 325 368 335 379 343 397 369 421 387 428 393 436 391 439 402 452 411 451 381 453 372 489 378 499 387 526 349 540 416 531 460 494 456 488 472 484 483 516 531 553 532 554 535 561 539 566 542 568 542 568 531 568 525 590 534 602 534 621 498 586 495 561 565 519 576 507 579 485 573 486 568 465 533 448 541 436 553 439 582 435 595 432 608 437 609 435 623 420 632 417 612 414 606 387 614 391 618 395 626 403 650 399 669 362 670 361 649 355 623 337 620 337 605 369 605 359 574 353 555 362 549 330 551 325 551 333 557 333 576 310 562 309 561 309 530 304 518 327 531 392 505 462 487 466 470 521 412 542 370 574 376 598 352 637 329 639 402 665 405 665 393 670 428 684 423 692 450 677 453 702 397 727 404 730 412 725 415 729 388 731 390 736 387 724 375 622 288 514 294 489 219 465 220 450 229 453 235 437 227 448 199 478 194 507 185 528 198 531 197 474 147 471 141 474 124 451 132 449 115 436 117 444 101 418 99 417 111 403 116 395 115 395 96 381 97 384 85 403 61 419 76 394 139 410 157 370 180 361 180 346 157 339 132 354 123 366 131 307 166 332 212 377 236 376 288 338 290 286 275 265 312 219 289 221 264 271 221 317 340 309 362 368 367 363 346 406 326 435 337 466 371 373 408 388 480 313 477 279 457 240 479 168 459 169 436 191 420 200 419 221 365 229 570 253 591 282 581 278 577 300 632 321 649 346 592 420 592 451 600 458 603 456 611 459 618 486 630 482 650 479 661 447 659 439 660 449 652 429 685 422 689 380 696 398 734 362 564 315 536 452 550 497 526 525 549 528 604 512 606 576 557 584 555 590 529 527 357 532 319 559 324 537 248 464 219 431 205 460 155 326 269 357 379 231 381 184 303 97 359 400 400
168 2 3 8 9 15 22 25 26 36 37 38 40 47 48 62 63 64 66 67 68 71 72 89 90 103 104 106 117 121 125 135 155 172 175 181 185 194 195 197 210 222 230 232 236 245 254 258 272 274 285 287 301 303 317 327 330 336 343 349 351 356 378 382 386 387 392 395 403 413 419 431 434 440 446 450 459 460 461 465 466 469 475 481 487 489 491 505 506 525 542 543 556 558 561 568 571 572 584 590 605 614 616 617 624 628 635 638 644 647 651 654 662 664 669 674 675 677 687 689 704 708 717 719 727 731 735 744 758 766 770 777 781 788 789 792 793 795 797 798 807 808 813 826 835 837 857 861 869 872 876 885 891 898 909 916 920 930 933 936 948 950 960 966 983 986 987 989 993
338 400 400 379 395 359 396 384 412 382 421 376 420 326 421 294 415 299 385 301 369 312 378 274 380 243 381 243 343 262 348 284 346 297 331 284 309 272 301 249 312 229 271 212 255 221 237 250 242 279 245 287 221 307 194 323 190 332 201 372 210 399 212 401 213 409 179 443 171 462 159 473 157 479 165 493 172 485 193 473 183 458 191 453 223 455 235 456 274 472 321 495 335 487 388 477 393 489 416 511 407 535 427 564 409 576 390 592 387 595 394 588 376 612 380 623 363 639 334 642 330 581 326 585 318 589 345 556 352 544 363 553 265 549 244 547 227 541 209 538 194 486 191 489 242 515 251 564 239 570 226 575 257 605 282 616 421 609 433 586 451 565 445 546 473 527 473 506 481 506 505 491 512 469 501 443 508 435 514 429 497 415 498 369 500 355 504 349 489 316 476 298 485 282 503 285 524 286 539 265 530 256 529 254 530 232 505 213 523 191 468 199 456 216 442 221 429 203 376 176 375 167 377 164 377 182 385 165 403 132 401 124 416 105 416 105 441 113 451 149 440 151 480 157 490 151 496 114 401 123 338 145 309 163 309 176 342 191 356 205 336 228 328 187 278 284 274 290 271 293 270 331 255 340 259 343 312 346 311 339 325 368 335 379 343 397 369 421 387 428 393 436 391 439 402 452 411 451 381 453 372 489 378 499 387 526 349 540 416 531 460 494 456 488 472 484 483 516 531 553 532 554 535 561 539 566 542 568 542 568 531 568 525 590 534 602 534 621 498 586 495 561 565 519 576 507 579 485 573 486 568 465 533 448 541 436 553 439 582 435 595 432 608 437 609 435 623 420 632 417 612 414 606 387 614 391 618 395 626 403 650 399 669 362 670 361 649 355 623 337 620 337 605 369 605 359 574 353 555 362 549 330 551 325 551 333 557 333 576 310 562 309 561 309 530 304 518 327 531 392 505 462 487 466 470 521 412 542 370 574 376 598 352 637 329 639 402 665 405 665 393 670 428 684 423 692 450 677 453 702 397 727 404 730 412 725 415 729 388 731 390 736 387 724 375 622 288 514 294 489 219 465 220 450 229 453 235 437 227 448 199 478 194 507 185 528 198 531 197 474 147 471 141 474 124 451 132 449 115 436 117 444 101 418 99 417 111 403 116 395 115 395 96 381 97 384 85 403 61 419 76 394 139 410 157 370 180 361 180 346 157 339 132 354 123 366 131 307 166 332 212 377 236 376 288 338 290 286 275 265 312 219 289 221 264 271 221 317 340 309 362 368 367 363 346 406 326 435 337 466 371 373 408 388 480 313 477 279 457 240 479 168 459 169 436 191 420 200 419 221 365 229 570 253 591 282 581 278 577 300 632 321 649 346 592 420 592 451 600 458 603 456 611 459 618 486 630 482 650 449 652 447 659 439 660 429 685 422 689 380 696 398 734 362 564 315 536 452 550 497 526 525 549 528 604 512 606 576 557 584 555 590 529 527 357 532 319 559 324 537 248 464 219 431 205 460 155 326 269 357 379 231 381 184 303 400 400
167 2 3 8 9 15 22 25 26 36 37 38 40 47 48 62 63 64 66 67 68 71 72 89 90 103 104 106 117 121 125 135 155 172 175 181 185 194 195 197 210 222 230 232 245 254 258 272 274 285 287 301 303 317 327 330 336 343 349 351 356 378 382 386 387 392 395 403 413 419 431 434 440 446 450 459 460 461 465 466 469 475 481 487 489 491 505 506 525 542 543 556 558 561 568 571 572 584 590 605 614 616 617 624 628 635 638 644 647 651 654 662 664 669 674 675 677 687 689 704 708 717 719 727 731 735 744 758 766 770 777 781 788 789 792 793 795 797 798 807 808 813 826 835 837 857 861 869 872 876 885 891 898 909 916 920 930 933 936 948 950 960 966 983 986 987 989 993
336 400 400 379 395 359 396 384 412 382 421 376 420 326 421 294 415 299 385 301 369 312 378 274 380 243 381 243 343 262 348 284 346 297 331 284 309 272 301 249 312 229 271 212 255 221 237 250 242 279 245 287 221 307 194 323 190 332 201 372 210 399 212 401 213 409 179 443 171 462 159 473 157 479 165 493 172 485 193 473 183 458 191 453 223 455 235 456 274 472 321 495 335 487 388 477 393 489 416 511 407 535 427 564 409 576 390 592 387 595 394 588 376 612 380 623 363 639 334 642 330 581 326 585 318 589 345 556 352 544 363 553 265 549 244 547 227 541 209 538 194 486 191 489 242 515 251 564 239 570 226 575 257 605 282 616 421 609 433 586 451 565 445 546 473 527 473 506 481 506 505 491 512 469 501 443 508 435 514 429 497 415 498 369 500 355 504 349 489 316 476 298 485 282 503 285 524 286 539 265 530 256 529 254 530 232 505 213 523 191 468 199 456 216 442 221 429 203 376 176 375 167 377 164 377 182 385 165 403 132 401 124 416 105 416 105 441 113 451 149 440 151 480 157 490 151 496 114 401 123 338 145 309 163 309 176 342 191 356 205 336 228 328 187 278 284 274 290 271 293 270 331 255 340 259 343 312 346 311 339 325 368 335 379 343 397 369 421 387 428 393 436 391 439 402 452 411 451 381 453 372 489 378 499 387 526 349 540 416 531 460 494 456 488 472 484 483 516 531 553 532 554 535 561 539 566 542 568 542 568 531 568 525 590 534 602 534 621 498 586 495 561 565 519 576 507 579 485 573 486 568 465 533 448 541 436 553 439 582 435 595 432 608 437 609 435 623 420 632 417 612 414 606 387 614 391 618 395 626 403 650 399 669 362 670 361 649 355 623 337 620 337 605 369 605 359 574 353 555 362 549 330 551 325 551 333 557 333 576 310 562 309 561 309 530 304 518 327 531 392 505 462 487 466 470 521 412 542 370 574 376 598 352 637 329 639 402 665 405 665 393 670 428 684 423 692 450 677 453 702 397 727 404 730 412 725 415 729 388 731 390 736 387 724 375 622 288 514 294 489 219 465 220 450 229 453 235 437 227 448 199 478 194 507 185 528 198 531 197 474 147 471 141 474 124 451 132 449 115 436 117 444 101 418 99 417 111 403 116 395 115 395 96 381 97 384 85 403 61 419 76 394 139 410 157 370 180 361 180 346 157 339 132 354 123 366 131 307 166 332 212 377 236 376 288 338 290 286 275 265 312 219 289 221 264 271 221 317 340 309 362 368 367 363 346 406 326 435 337 466 371 373 408 388 480 313 477 279 457 240 479 168 459 169 436 191 420 200 419 221 365 229 570 253 591 282 581 278 577 300 632 321 649 346 592 420 592 451 600 458 603 456 611 459 618 486 630 482 650 447 659 439 660 429 685 422 689 380 696 398 734 362 564 315 536 452 550 497 526 525 549 528 604 512 606 576 557 584 555 590 529 527 357 532 319 559 324 537 248 464 219 431 205 460 155 326 269 357 379 231 381 400 400
166 2 3 8 9 15 22 25 26 36 37 38 40 47 48 62 63 64 66 67 68 71 72 89 90 103 104 106 117 121 125 135 155 172 175 181 185 194 195 197 210 230 232 245 254 258 272 274 285 287 301 303 317 327 330 336 343 349 351 356 378 382 386 387 392 395 403 413 419 431 434 440 446 450 459 460 461 465 466 469 475 481 487 489 491 505 506 525 542 543 556 558 561 568 571 572 584 590 605 614 616 617 624 628 635 638 644 647 651 654 662 664 669 674 675 677 687 689 704 708 717 719 727 731 735 744 758 766 770 777 781 788 789 792 793 795 797 798 807 808 813 826 835 837 857 861 869 872 876 885 891 898 909 916 920 930 933 936 948 950 960 966 983 986 987 989 993
334 400 400 379 395 359 396 384 412 382 421 376 420 326 421 294 415 299 385 301 369 312 378 274 380 243 381 243 343 262 348 284 346 297 331 284 309 272 301 249 312 229 271 212 255 221 237 250 242 279 245 287 221 307 194 323 190 332 201 372 210 399 212 401 213 409 179 443 171 462 159 473 157 479 165 493 172 485 193 473 183 458 191 453 223 455 235 456 274 472 321 495 335 487 388 477 393 489 416 511 407 535 427 564 409 576 390 592 387 595 394 588 376 612 380 623 363 639 334 642 330 581 326 585 318 589 345 556 352 544 363 553 265 549 244 547 227 541 209 538 194 486 191 489 242 515 251 564 239 570 226 575 257 605 282 616 421 609 433 586 451 565 445 546 473 527 473 506 481 506 505 491 512 469 501 443 508 435 514 429 497 415 498 369 500 355 504 349 489 316 476 298 485 282 503 285 524 286 539 265 530 256 529 254 530 232 505 213 523 191 468 199 456 216 442 221 429 203 376 176 375 167 377 164 377 182 385 165 403 132 401 124 416 105 416 105 441 113 451 149 440 151 480 157 490 151 496 114 401 123 338 145 309 163 309 176 342 191 356 205 336 228 328 187 278 284 274 290 271 293 270 331 255 340 259 343 312 346 311 339 325 368 335 379 343 397 369 421 387 428 393 436 391 439 402 452 411 451 381 453 372 489 378 499 387 526 349 540 416 531 460 494 456 488 472 484 483 516 531 553 532 554 535 561 539 566 542 568 542 568 531 568 525 590 534 602 534 621 498 586 495 561 565 519 576 507 579 485 573 486 568 465 533 448 541 436 553 439 582 435 595 432 608 437 609 435 623 420 632 417 612 414 606 387 614 391 618 395 626 403 650 399 669 362 670 361 649 355 623 337 620 337 605 369 605 359 574 353 555 362 549 330 551 325 551 333 557 333 576 310 562 309 561 309 530 304 518 327 531 392 505 462 487 466 470 521 412 542 370 574 376 598 352 637 329 639 402 665 405 665 393 670 428 684 423 692 450 677 453 702 397 727 404 730 412 725 415 729 388 731 390 736 387 724 375 622 288 514 294 489 219 465 220 450 229 453 235 437 227 448 199 478 194 507 185 528 198 531 197 474 147 471 141 474 124 451 132 449 115 436 117 444 101 418 99 417 111 403 116 395 115 395 96 381 97 384 85 403 61 419 76 394 139 410 157 370 180 361 180 346 157 339 132 354 123 366 131 307 166 332 212 377 236 376 288 338 290 286 275 265 312 219 289 221 264 271 221 317 340 309 362 368 367 363 346 406 326 435 337 466 371 373 408 388 480 313 477 279 457 240 479 168 459 169 436 191 420 200 419 221 365 229 570 253 591 282 581 278 577 315 536 346 592 420 592 451 600 458 603 456 611 459 618 486 630 482 650 447 659 439 660 429 685 422 689 380 696 398 734 321 649 362 564 452 550 497 526 525 549 528 604 512 606 576 557 584 555 590 529 527 357 532 319 559 324 537 248 464 219 431 205 460 155 326 269 357 379 400 400
165 2 3 8 9 15 22 25 26 36 37 38 40 47 48 62 63 64 66 67 68 71 72 89 90 103 104 106 117 121 125 135 155 172 175 181 185 194 195 197 210 230 232 245 254 258 272 274 285 287 301 303 317 327 330 336 343 349 351 356 378 382 386 387 392 395 403 413 419 431 434 440 446 450 459 460 461 465 466 469 475 481 489 491 505 506 525 542 543 556 558 561 568 571 572 584 590 605 614 616 617 624 628 635 638 644 647 651 654 662 664 669 674 675 677 687 689 704 708 717 719 727 731 735 744 758 766 770 777 781 788 789 792 793 795 797 798 807 808 813 826 835 837 857 861 869 872 876 885 891 898 909 916 920 930 933 936 948 950 960 966 983 986 987 989 993
332 400 400 379 395 359 396 384 412 382 421 376 420 326 421 294 415 299 385 301 369 312 378 274 380 243 381 243 343 262 348 284 346 297 331 284 309 272 301 249 312 229 271 212 255 221 237 250 242 279 245 287 221 307 194 323 190 332 201 372 210 399 212 401 213 409 179 443 171 462 159 473 157 479 165 493 172 485 193 473 183 458 191 453 223 455 235 456 274 472 321 495 335 487 388 477 393 489 416 511 407 535 427 564 409 576 390 592 387 595 394 588 376 612 380 623 363 639 334 642 330 581 326 585 318 589 345 556 352 544 363 553 265 549 244 547 227 541 209 538 194 486 191 489 242 515 251 564 239 570 226 575 257 605 282 616 421 609 433 586 451 565 445 546 473 527 473 506 481 506 505 491 512 469 501 443 508 435 514 429 497 415 498 369 500 355 504 349 489 316 476 298 485 282 503 285 524 286 539 265 530 256 529 254 530 232 505 213 523 191 468 199 456 216 442 221 429 203 376 176 375 167 377 164 377 182 385 165 403 132 401 124 416 105 416 105 441 113 451 149 440 151 480 157 490 151 496 114 401 123 338 145 309 163 309 176 342 191 356 205 336 228 328 187 278 284 274 290 271 293 270 331 255 340 259 343 312 346 311 339 325 368 335 379 343 397 369 421 387 428 393 436 391 439 402 452 411 451 381 453 372 489 378 499 387 526 349 540 416 531 460 494 456 488 472 484 483 516 531 553 532 554 535 561 539 566 542 568 542 568 531 568 525 590 534 602 534 621 498 586 495 561 565 519 576 507 579 485 573 486 568 465 533 448 541 436 553 439 582 435 595 432 608 437 609 435 623 420 632 417 612 414 606 387 614 391 618 395 626 403 650 399 669 362 670 361 649 355 623 337 620 337 605 369 605 359 574 353 555 362 549 330 551 325 551 333 557 333 576 310 562 309 561 309 530 304 518 327 531 392 505 462 487 466 470 521 412 542 370 574 376 598 352 637 329 639 402 665 405 665 393 670 428 684 423 692 450 677 453 702 397 727 404 730 412 725 415 729 388 731 390 736 387 724 375 622 288 514 294 489 219 465 220 450 229 453 235 437 227 448 199 478 194 507 185 528 198 531 197 474 147 471 141 474 124 451 132 449 115 436 117 444 101 418 99 417 111 403 116 395 115 395 96 381 97 384 85 403 61 419 76 394 139 410 157 370 180 361 180 346 157 339 132 366 131 307 166 332 212 377 236 376 288 338 290 286 275 265 312 219 289 221 264 271 221 317 340 309 362 368 367 363 346 406 326 435 337 466 371 373 408 388 480 313 477 279 457 240 479 168 459 169 436 191 420 200 419 221 365 229 570 253 591 282 581 278 577 315 536 346 592 420 592 451 600 458 603 456 611 459 618 486 630 482 650 447 659 439 660 429 685 422 689 380 696 398 734 321 649 362 564 452 550 497 526 525 549 528 604 512 606 576 557 584 555 590 529 527 357 532 319 559 324 537 248 464 219 431 205 326 269 357 379 400 400
164 2 3 8 9 15 22 25 26 36 37 38 40 47 48 62 63 64 66 67 68 71 72 89 90 103 104 106 117 121 125 135 155 172 175 181 185 194 195 197 210 230 232 245 254 258 272 274 285 287 301 303 317 327 330 336 343 349 351 356 378 382 386 387 392 395 403 413 419 431 434 440 446 450 459 460 461 465 466 469 475 481 489 491 505 506 525 542 543 556 558 561 568 571 572 584 590 605 614 616 617 624 628 635 638 647 651 654 662 664 669 674 675 677 687 689 704 708 717 719 727 731 735 744 758 766 770 777 781 788 789 792 793 795 797 798 807 808 813 826 835 837 857 861 869 872 876 885 891 898 909 916 920 930 933 936 948 950 960 966 983 986 987 989 993
330 400 400 379 395 359 396 384 412 382 421 376 420 326 421 294 415 299 385 301 369 312 378 274 380 243 381 243 343 262 348 284 346 297 331 284 309 272 301 249 312 229 271 212 255 221 237 250 242 279 245 287 221 307 194 323 190 332 201 372 210 399 212 401 213 409 179 443 171 462 159 473 157 479 165 493 172 485 193 473 183 458 191 453 223 455 235 456 274 472 321 495 335 487 388 477 393 489 416 511 407 535 427 564 409 576 390 592 387 595 394 588 376 612 380 623 363 639 334 642 330 581 326 585 318 605 282 575 257 564 239 570 226 547 227 549 244 553 265 515 251 489 242 486 191 538 194 541 209 471 141 474 124 449 115 436 117 444 101 418 99 419 76 403 61 395 96 381 97 403 116 394 139 410 157 366 131 339 132 307 166 361 180 332 212 331 255 340 259 343 312 346 311 339 325 317 340 368 335 379 343 368 367 397 369 421 387 428 393 436 391 451 381 452 411 494 456 488 472 484 483 506 481 506 505 491 512 469 501 443 508 435 514 429 497 448 541 436 553 439 582 435 595 432 608 437 609 435 623 420 632 417 612 414 606 387 614 391 618 395 626 403 650 399 669 362 670 361 649 355 623 337 620 337 605 369 605 362 549 353 555 333 557 330 551 325 551 327 531 315 536 304 518 285 524 286 539 265 530 256 529 254 530 232 505 240 479 191 468 199 456 216 442 221 429 169 436 149 440 105 441 105 416 124 416 132 401 165 403 164 377 167 377 176 375 182 385 203 376 221 365 191 356 176 342 205 336 228 328 221 264 187 278 163 309 145 309 123 338 157 490 151 496 213 523 229 570 253 591 282 581 278 577 309 561 310 562 309 530 282 503 298 485 313 477 316 476 349 489 355 504 369 500 392 505 462 487 527 473 531 460 546 473 565 445 586 451 609 433 616 421 639 402 665 405 665 393 670 428 684 423 692 450 702 397 727 404 730 412 725 415 729 388 731 390 736 387 637 329 622 288 559 324 556 352 544 363 542 370 526 349 499 387 489 378 466 371 453 372 439 402 435 337 406 326 376 288 377 236 370 180 346 157 395 115 417 111 451 132 474 147 478 194 448 199 431 205 437 227 453 235 464 219 489 219 507 185 528 198 531 197 537 248 514 294 521 412 540 416 574 376 586 495 621 498 590 529 590 534 568 531 568 525 568 542 566 542 561 539 554 535 553 532 516 531 525 549 519 576 507 579 485 573 486 568 452 550 465 533 466 470 415 498 388 480 373 408 309 362 265 312 284 274 286 275 290 271 293 270 338 290 219 289 271 221 450 229 465 220 598 352 724 375 677 453 602 534 584 555 576 557 561 565 528 604 512 606 486 630 482 650 447 659 439 660 429 685 422 689 380 696 321 649 346 592 333 576 359 574 420 592 451 600 458 603 456 611 459 618 497 526 362 564 357 379 363 346 326 269 279 457 168 459 151 480 113 451 114 401 191 420 200 419 527 357 532 319 384 85 400 400
163 2 3 8 9 15 22 25 26 36 37 38 40 47 48 62 63 64 66 67 68 71 72 89 90 103 104 106 117 121 125 135 155 172 175 181 185 194 195 197 210 230 232 245 254 258 272 274 285 287 301 303 317 327 330 336 343 349 351 356 378 382 386 387 392 395 403 413 419 431 434 440 446 450 459 460 461 465 466 469 475 481 489 491 505 506 525 542 556 558 561 568 571 572 584 590 605 614 616 617 624 628 635 638 647 651 654 662 664 669 674 675 677 687 689 704 708 717 719 727 731 735 744 758 766 770 777 781 788 789 792 793 795 797 798 807 808 813 826 835 837 857 861 869 872 876 885 891 898 909 916 920 930 933 936 948 950 960 966 983 986 987 989 993
328 400 400 379 395 359 396 384 412 382 421 376 420 326 421 294 415 299 385 301 369 312 378 274 380 243 381 243 343 262 348 284 346 297 331 284 309 272 301 249 312 229 271 212 255 221 237 250 242 279 245 287 221 307 194 323 190 332 201 372 210 399 212 401 213 409 179 443 171 462 159 473 157 479 165 493 172 485 193 473 183 458 191 453 223 455 235 456 274 472 321 495 335 487 388 477 393 489 416 511 407 535 427 564 409 576 390 592 387 595 394 588 376 612 380 623 363 639 334 642 330 581 326 585 318 605 282 575 257 564 239 570 226 547 227 549 244 553 265 515 251 489 242 486 191 538 194 541 209 471 141 474 124 449 115 436 117 444 101 418 99 419 76 403 61 395 96 381 97 403 116 394 139 410 157 366 131 339 132 307 166 361 180 332 212 331 255 340 259 343 312 346 311 339 325 317 340 368 335 379 343 368 367 397 369 421 387 428 393 436 391 451 381 452 411 494 456 488 472 484 483 506 481 506 505 491 512 469 501 443 508 435 514 429 497 448 541 436 553 439 582 435 595 432 608 437 609 435 623 420 632 417 612 414 606 387 614 391 618 395 626 403 650 399 669 362 670 361 649 355 623 337 620 337 605 369 605 362 549 353 555 333 557 330 551 325 551 327 531 315 536 304 518 285 524 286 539 265 530 256 529 254 530 232 505 240 479 191 468 199 456 216 442 221 429 169 436 149 440 105 441 105 416 124 416 132 401 165 403 164 377 167 377 176 375 182 385 203 376 221 365 191 356 176 342 205 336 228 328 221 264 187 278 163 309 145 309 123 338 157 490 151 496 213 523 229 570 253 591 282 581 278 577 309 561 310 562 309 530 282 503 298 485 313 477 316 476 349 489 355 504 369 500 392 505 462 487 527 473 531 460 546 473 565 445 586 451 609 433 616 421 639 402 665 405 665 393 670 428 684 423 692 450 702 397 727 404 730 412 725 415 729 388 731 390 736 387 637 329 622 288 559 324 556 352 544 363 542 370 526 349 499 387 489 378 466 371 453 372 439 402 435 337 406 326 376 288 377 236 370 180 346 157 395 115 417 111 451 132 474 147 478 194 448 199 431 205 437 227 453 235 464 219 489 219 507 185 528 198 531 197 537 248 514 294 521 412 540 416 574 376 586 495 621 498 590 529 590 534 568 531 568 525 568 542 566 542 561 539 554 535 553 532 516 531 525 549 519 576 507 579 485 573 486 568 452 550 465 533 466 470 415 498 388 480 373 408 309 362 265 312 284 274 286 275 290 271 293 270 338 290 219 289 271 221 450 229 465 220 598 352 724 375 677 453 602 534 584 555 576 557 528 604 512 606 486 630 482 650 447 659 439 660 429 685 422 689 380 696 321 649 346 592 333 576 359 574 420 592 451 600 458 603 456 611 459 618 497 526 362 564 357 379 363 346 326 269 279 457 168 459 151 480 113 451 114 401 191 420 200 419 527 357 532 319 400 400
162 2 3 8 9 15 22 25 26 36 37 38 40 47 48 62 63 64 66 67 68 71 72 89 90 103 104 106 117 121 125 135 155 172 175 181 185 194 195 197 210 230 232 245 254 258 272 274 285 287 301 303 317 327 330 336 343 349 351 356 378 382 386 387 392 395 403 413 419 431 434 440 446 450 459 460 461 465 466 469 475 481 489 491 505 506 525 556 558 561 568 571 572 584 590 605 614 616 617 624 628 635 638 647 651 654 662 664 669 674 675 677 687 689 704 708 717 719 727 731 735 744 758 766 770 777 781 788 789 792 793 795 797 798 807 808 813 826 835 837 857 861 869 872 876 885 891 898 909 916 920 930 933 936 948 950 960 966 983 986 987 989 993
326 400 400 379 395 359 396 384 412 382 421 376 420 326 421 294 415 299 385 301 369 312 378 274 380 243 381 243 343 262 348 284 346 297 331 284 309 272 301 249 312 229 271 212 255 221 237 250 242 279 245 287 221 307 194 323 190 332 201 372 210 399 212 401 213 409 179 443 171 462 159 473 157 479 165 493 172 485 193 473 183 458 191 453 223 455 235 456 274 472 321 495 335 487 388 477 393 489 416 511 407 535 427 564 409 576 390 592 387 595 394 588 376 612 380 623 363 639 334 642 330 581 326 585 318 605 282 575 257 564 239 570 226 547 227 549 244 553 265 515 251 489 242 486 191 538 194 541 209 471 141 474 124 449 115 436 117 444 101 418 99 419 76 403 61 395 96 381 97 403 116 394 139 410 157 366 131 339 132 307 166 361 180 332 212 331 255 340 259 343 312 346 311 339 325 317 340 368 335 379 343 368 367 397 369 421 387 428 393 436 391 451 381 452 411 494 456 488 472 484 483 506 481 506 505 491 512 469 501 443 508 435 514 429 497 448 541 436 553 439 582 435 595 432 608 437 609 435 623 420 632 417 612 414 606 387 614 391 618 395 626 403 650 399 669 362 670 361 649 355 623 337 620 337 605 369 605 362 549 353 555 333 557 330 551 325 551 327 531 315 536 304 518 285 524 286 539 265 530 256 529 254 530 232 505 240 479 191 468 199 456 216 442 221 429 169 436 149 440 105 441 105 416 124 416 132 401 165 403 164 377 167 377 176 375 182 385 203 376 221 365 191 356 176 342 205 336 228 328 221 264 187 278 163 309 145 309 123 338 157 490 151 496 213 523 229 570 253 591 282 581 278 577 309 561 310 562 309 530 282 503 298 485 313 477 316 476 349 489 355 504 369 500 392 505 462 487 527 473 531 460 546 473 565 445 586 451 609 433 616 421 639 402 665 405 665 393 670 428 684 423 702 397 727 404 730 412 725 415 729 388 731 390 736 387 637 329 622 288 559 324 556 352 544 363 542 370 526 349 499 387 489 378 466 371 453 372 439 402 435 337 406 326 376 288 377 236 370 180 346 157 395 115 417 111 451 132 474 147 478 194 448 199 431 205 437 227 453 235 464 219 489 219 507 185 528 198 531 197 537 248 514 294 521 412 540 416 574 376 586 495 621 498 590 529 590 534 568 531 568 525 568 542 566 542 561 539 554 535 553 532 516 531 525 549 519 576 507 579 485 573 486 568 452 550 465 533 466 470 415 498 388 480 373 408 309 362 265 312 284 274 286 275 290 271 293 270 338 290 271 221 450 229 465 220 598 352 724 375 677 453 602 534 584 555 576 557 528 604 512 606 486 630 482 650 447 659 439 660 429 685 422 689 380 696 321 649 346 592 333 576 359 574 420 592 451 600 458 603 456 611 459 618 497 526 362 564 357 379 363 346 326 269 279 457 168 459 151 480 113 451 114 401 191 420 200 419 527 357 532 319 400 400
161 2 3 8 9 15 22 25 26 36 37 38 40 47 48 62 63 64 66 67 68 71 72 89 90 103 104 106 117 121 125 135 155 172 175 181 185 194 195 197 210 230 232 245 254 258 272 274 285 287 301 303 317 327 330 336 343 349 351 356 378 382 386 387 392 395 403 413 431 434 440 446 450 459 460 461 465 466 469 475 481 489 491 505 506 525 556 558 561 568 571 572 584 590 605 614 616 617 624 628 635 638 647 651 654 662 664 669 674 675 677 687 689 704 708 717 719 727 731 735 744 758 766 770 777 781 788 789 792 793 795 797 798 807 808 813 826 835 837 857 861 869 872 876 885 891 898 909 916 920 930 933 936 948 950 960 966 983 986 987 989 993
324 400 400 379 395 359 396 384 412 382 421 376 420 326 421 294 415 299 385 301 369 312 378 274 380 243 381 243 343 262 348 284 346 297 331 284 309 272 301 249 312 229 271 212 255 221 237 250 242 279 245 287 221 307 194 323 190 332 201 372 210 399 212 401 213 409 179 443 171 462 159 473 157 479 165 493 172 485 193 473 183 458 191 453 223 455 235 456 274 472 321 495 335 487 388 477 393 489 416 511 407 535 427 564 409 576 390 592 387 595 394 588 376 612 380 623 363 639 334 642 330 581 326 585 318 605 282 575 257 564 239 570 226 547 227 549 244 553 265 515 251 489 242 486 191 538 194 541 209 471 141 474 124 449 115 436 117 444 101 418 99 419 76 403 61 395 96 381 97 403 116 394 139 410 157 366 131 339 132 307 166 361 180 332 212 331 255 340 259 343 312 346 311 339 325 317 340 368 335 379 343 368 367 397 369 421 387 428 393 436 391 451 381 452 411 494 456 488 472 484 483 506 481 506 505 491 512 469 501 443 508 435 514 429 497 448 541 436 553 439 582 435 595 432 608 437 609 435 623 420 632 417 612 414 606 387 614 391 618 395 626 403 650 399 669 362 670 361 649 355 623 337 620 337 605 369 605 362 549 353 555 333 557 330 551 325 551 327 531 315 536 304 518 285 524 286 539 265 530 256 529 254 530 232 505 240 479 191 468 199 456 216 442 221 429 169 436 149 440 105 441 105 416 124 416 132 401 165 403 164 377 167 377 176 375 182 385 203 376 221 365 191 356 176 342 205 336 228 328 221 264 187 278 163 309 145 309 123 338 157 490 151 496 213 523 229 570 253 591 282 581 278 577 309 561 310 562 309 530 282 503 298 485 313 477 316 476 349 489 355 504 369 500 392 505 462 487 527 473 531 460 546 473 565 445 586 451 609 433 616 421 639 402 665 405 665 393 670 428 684 423 702 397 727 404 730 412 725 415 729 388 731 390 736 387 637 329 622 288 559 324 556 352 544 363 542 370 526 349 499 387 489 378 466 371 453 372 439 402 435 337 406 326 376 288 377 236 370 180 346 157 395 115 417 111 451 132 474 147 478 194 448 199 431 205 437 227 453 235 464 219 489 219 507 185 528 198 531 197 537 248 514 294 521 412 540 416 574 376 586 495 621 498 590 529 590 534 568 531 568 525 568 542 566 542 561 539 554 535 553 532 516 531 525 549 519 576 507 579 485 573 486 568 452 550 465 533 466 470 415 498 388 480 373 408 309 362 265 312 284 274 286 275 290 271 293 270 338 290 271 221 450 229 465 220 598 352 724 375 677 453 602 534 584 555 576 557 528 604 512 606 486 630 482 650 447 659 439 660 429 685 422 689 380 696 321 649 346 592 333 576 359 574 420 592 451 600 458 603 459 618 497 526 362 564 357 379 363 346 527 357 532 319 279 457 168 459 151 480 113 451 114 401 191 420 200 419 400 400
160 3 8 9 15 22 25 26 36 37 38 40 47 48 62 63 64 66 67 68 71 72 89 90 103 104 106 117 121 125 135 155 172 175 181 185 194 195 197 210 230 232 245 254 258 272 274 285 287 301 303 317 327 330 336 343 349 351 356 378 382 386 387 392 395 403 413 431 434 440 446 450 459 460 461 465 466 469 475 481 489 491 505 506 525 556 558 561 568 571 572 584 590 605 614 616 617 624 628 635 638 647 651 654 662 664 669 674 675 677 687 689 704 708 717 719 727 731 735 744 758 766 770 777 781 788 789 792 793 795 797 798 807 808 813 826 835 837 857 861 869 872 876 885 891 898 909 916 920 930 933 936 948 950 960 966 983 986 987 989 993
322 400 400 379 395 359 396 384 412 382 421 376 420 326 421 294 415 299 385 301 369 312 378 274 380 243 381 243 343 262 348 284 346 297 331 284 309 272 301 249 312 229 271 212 255 221 237 250 242 279 245 287 221 307 194 323 190 332 201 372 210 399 212 401 213 409 179 443 171 462 159 473 157 479 165 493 172 485 193 473 183 458 191 453 223 455 235 456 274 472 321 495 335 487 388 477 393 489 416 511 407 535 427 564 409 576 390 592 387 595 394 588 376 612 380 623 363 639 334 642 330 581 326 585 318 605 282 575 257 564 239 570 226 547 227 549 244 553 265 515 251 489 242 486 191 538 194 541 209 471 141 474 124 449 115 436 117 444 101 418 99 419 76 403 61 395 96 381 97 403 116 394 139 410 157 366 131 339 132 307 166 361 180 332 212 331 255 340 259 343 312 346 311 339 325 317 340 368 335 379 343 368 367 397 369 421 387 428 393 436 391 451 381 452 411 494 456 488 472 484 483 506 481 506 505 491 512 469 501 443 508 435 514 429 497 448 541 436 553 439 582 435 595 432 608 437 609 435 623 420 632 417 612 414 606 387 614 391 618 395 626 403 650 399 669 362 670 361 649 355 623 337 620 337 605 369 605 362 549 353 555 333 557 330 551 325 551 327 531 315 536 304 518 285 524 286 539 265 530 256 529 254 530 232 505 240 479 191 468 199 456 216 442 221 429 169 436 149 440 105 441 105 416 124 416 132 401 165 403 164 377 167 377 176 375 182 385 203 376 221 365 191 356 176 342 205 336 228 328 221 264 187 278 163 309 145 309 123 338 157 490 151 496 213 523 229 570 253 591 282 581 278 577 309 561 310 562 309 530 282 503 298 485 313 477 316 476 349 489 355 504 369 500 392 505 462 487 527 473 531 460 546 473 565 445 586 451 609 433 616 421 639 402 665 405 665 393 670 428 684 423 702 397 727 404 730 412 725 415 729 388 731 390 736 387 637 329 622 288 559 324 556 352 544 363 542 370 526 349 499 387 489 378 466 371 453 372 439 402 435 337 406 326 376 288 377 236 370 180 346 157 395 115 417 111 451 132 474 147 478 194 448 199 431 205 437 227 453 235 464 219 489 219 507 185 528 198 531 197 537 248 514 294 521 412 540 416 574 376 586 495 621 498 590 529 590 534 568 531 568 525 568 542 566 542 561 539 554 535 553 532 516 531 525 549 519 576 507 579 485 573 486 568 452 550 465 533 466 470 415 498 388 480 373 408 309 362 265 312 284 274 286 275 290 271 293 270 338 290 271 221 450 229 465 220 598 352 724 375 677 453 602 534 584 555 576 557 528 604 512 606 486 630 482 650 447 659 429 685 422 689 380 696 321 649 346 592 333 576 359 574 420 592 451 600 458 603 459 618 362 564 357 379 363 346 527 357 532 319 279 457 168 459 151 480 113 451 114 401 191 420 200 419 400 400
159 3 8 9 15 22 25 26 36 37 38 40 47 48 62 63 64 66 67 68 71 72 89 90 103 104 106 117 121 125 135 155 172 175 181 185 194 195 197 210 230 232 245 254 258 272 274 285 287 301 303 317 330 336 343 349 351 356 378 382 386 387 392 395 403 413 431 434 440 446 450 459 460 461 465 466 469 475 481 489 491 505 506 525 556 558 561 568 571 572 584 590 605 614 616 617 624 628 635 638 647 651 654 662 664 669 674 675 677 687 689 704 708 717 719 727 731 735 744 758 766 770 777 781 788 789 792 793 795 797 798 807 808 813 826 835 837 857 861 869 872 876 885 891 898 909 916 920 930 933 936 948 950 960 966 983 986 987 989 993
320 400 400 379 395 359 396 384 412 382 421 376 420 326 421 294 415 299 385 301 369 312 378 274 380 243 381 243 343 262 348 284 346 297 331 284 309 272 301 249 312 229 271 212 255 221 237 250 242 279 245 287 221 307 194 323 190 332 201 372 210 399 212 401 213 409 179 443 171 462 159 473 157 479 165 493 172 485 193 473 183 458 191 453 223 455 235 456 274 472 321 495 335 487 388 477 393 489 416 511 407 535 427 564 409 576 390 592 387 595 394 588 376 612 380 623 363 639 334 642 330 581 326 585 318 605 282 575 257 564 239 570 226 547 227 549 244 553 265 515 251 489 242 486 191 538 194 541 209 471 141 474 124 449 115 436 117 444 101 418 99 419 76 403 61 395 96 381 97 403 116 394 139 410 157 366 131 339 132 307 166 361 180 332 212 331 255 340 259 343 312 346 311 339 325 317 340 368 335 379 343 368 367 397 369 421 387 428 393 451 381 452 411 494 456 488 472 484 483 506 481 506 505 491 512 469 501 443 508 435 514 429 497 448 541 436 553 439 582 435 595 432 608 437 609 435 623 420 632 417 612 414 606 387 614 391 618 395 626 403 650 399 669 362 670 361 649 355 623 337 620 337 605 369 605 362 549 353 555 333 557 330 551 325 551 327 531 315 536 304 518 285 524 286 539 265 530 256 529 254 530 232 505 240 479 191 468 199 456 216 442 221 429 169 436 149 440 105 441 105 416 124 416 132 401 165 403 164 377 167 377 176 375 182 385 203 376 221 365 191 356 176 342 205 336 228 328 221 264 187 278 163 309 145 309 123 338 157 490 151 496 213 523 229 570 253 591 282 581 278 577 309 561 310 562 309 530 282 503 298 485 313 477 316 476 349 489 355 504 369 500 392 505 462 487 527 473 531 460 546 473 565 445 586 451 609 433 616 421 639 402 665 405 665 393 670 428 684 423 702 397 727 404 730 412 725 415 729 388 731 390 736 387 637 329 622 288 559 324 556 352 544 363 542 370 526 349 499 387 489 378 466 371 453 372 439 402 435 337 406 326 376 288 377 236 370 180 346 157 395 115 417 111 451 132 474 147 478 194 448 199 431 205 437 227 453 235 464 219 489 219 507 185 528 198 531 197 537 248 514 294 521 412 540 416 574 376 586 495 621 498 590 529 590 534 568 531 568 525 568 542 566 542 561 539 554 535 553 532 516 531 525 549 519 576 507 579 485 573 486 568 452 550 465 533 466 470 415 498 388 480 373 408 309 362 265 312 284 274 286 275 290 271 293 270 338 290 450 229 465 220 598 352 724 375 677 453 602 534 584 555 576 557 528 604 512 606 486 630 482 650 447 659 429 685 422 689 380 696 321 649 346 592 333 576 359 574 420 592 451 600 458 603 459 618 362 564 357 379 363 346 527 357 532 319 279 457 168 459 151 480 113 451 114 401 191 420 200 419 400 400
158 3 8 9 15 22 25 26 36 37 38 40 47 48 62 63 64 66 67 68 71 72 89 90 103 104 106 117 121 125 135 155 172 175 181 185 194 195 197 210 230 232 245 254 258 272 274 285 287 301 303 317 330 336 343 349 351 356 378 382 386 387 392 395 403 413 431 434 440 446 450 459 460 461 465 466 469 475 481 489 491 505 506 525 556 558 561 568 571 572 584 590 605 614 616 617 624 628 635 638 647 651 654 662 664 669 674 675 677 687 689 704 708 719 727 731 735 744 758 766 770 777 781 788 789 792 793 795 797 798 807 808 813 826 835 837 857 861 869 872 876 885 891 898 909 916 920 930 933 936 948 950 960 966 983 986 987 989 993
318 400 400 379 395 359 396 384 412 382 421 376 420 326 421 294 415 299 385 301 369 312 378 274 380 243 381 243 343 262 348 284 346 297 331 284 309 272 301 249 312 229 271 212 255 221 237 250 242 279 245 287 221 307 194 323 190 332 201 372 210 399 212 401 213 409 179 443 171 462 159 473 157 479 165 493 172 485 193 473 183 458 191 453 223 455 235 456 274 472 321 495 335 487 388 477 393 489 416 511 407 535 427 564 409 576 390 592 387 595 394 588 376 612 380 623 363 639 334 642 330 581 326 585 318 605 282 575 257 564 239 570 226 547 227 549 244 553 265 515 251 489 242 486 191 538 194 541 209 471 141 474 124 449 115 436 117 444 101 418 99 419 76 403 61 395 96 381 97 403 116 394 139 410 157 366 131 339 132 307 166 361 180 332 212 331 255 340 259 343 312 346 311 339 325 317 340 368 335 379 343 368 367 397 369 421 387 428 393 451 381 452 411 494 456 488 472 484 483 506 481 506 505 491 512 469 501 443 508 435 514 429 497 448 541 436 553 439 582 435 595 432 608 437 609 435 623 420 632 417 612 414 606 387 614 391 618 395 626 403 650 399 669 362 670 361 649 355 623 337 620 337 605 369 605 362 549 353 555 333 557 330 551 325 551 327 531 315 536 304 518 285 524 286 539 265 530 256 529 254 530 232 505 240 479 191 468 199 456 216 442 221 429 169 436 149 440 105 441 105 416 124 416 132 401 165 403 164 377 167 377 176 375 182 385 203 376 221 365 191 356 176 342 205 336 228 328 221 264 187 278 163 309 145 309 123 338 157 490 151 496 213 523 229 570 253 591 282 581 278 577 309 561 310 562 309 530 282 503 298 485 313 477 316 476 349 489 355 504 369 500 392 505 462 487 527 473 531 460 546 473 565 445 586 451 609 433 616 421 639 402 665 405 665 393 670 428 684 423 702 397 727 404 730 412 725 415 729 388 731 390 736 387 637 329 622 288 559 324 556 352 544 363 542 370 526 349 499 387 489 378 466 371 453 372 439 402 435 337 406 326 376 288 377 236 370 180 346 157 395 115 417 111 451 132 474 147 478 194 448 199 431 205 437 227 453 235 464 219 489 219 507 185 528 198 531 197 537 248 514 294 521 412 540 416 574 376 586 495 621 498 590 529 590 534 568 531 568 525 568 542 566 542 554 535 553 532 516 531 525 549 519 576 507 579 485 573 486 568 452 550 465 533 466 470 415 498 388 480 373 408 309 362 265 312 284 274 286 275 290 271 293 270 338 290 450 229 465 220 598 352 677 453 602 534 584 555 576 557 528 604 512 606 486 630 482 650 447 659 429 685 422 689 380 696 321 649 346 592 333 576 359 574 420 592 451 600 458 603 459 618 362 564 357 379 363 346 527 357 532 319 279 457 168 459 151 480 113 451 114 401 191 420 200 419 400 400
157 3 8 9 15 22 25 26 36 37 38 40 47 48 62 63 64 66 67 68 71 72 89 90 103 104 106 117 121 125 135 155 172 175 181 185 194 195 197 210 230 232 245 254 258 272 274 285 287 301 303 317 330 336 343 349 351 356 378 382 386 387 392 395 403 413 431 434 440 446 450 459 460 461 465 466 469 475 481 489 491 505 506 525 556 558 561 568 571 572 584 590 605 614 616 617 624 628 635 638 647 651 654 662 664 669 674 675 677 687 689 704 708 719 727 731 735 744 758 766 770 777 781 788 789 792 793 795 797 798 807 808 813 826 835 837 857 861 869 872 876 885 898 909 916 920 930 933 936 948 950 960 966 983 986 987 989 993
316 400 400 379 395 359 396 384 412 382 421 376 420 326 421 294 415 299 385 301 369 312 378 274 380 243 381 243 343 262 348 284 346 297 331 284 309 272 301 249 312 229 271 212 255 221 237 250 242 279 245 287 221 307 194 323 190 332 201 372 210 399 212 401 213 409 179 443 171 462 159 473 157 479 165 493 172 485 193 473 183 458 191 453 223 455 235 456 274 472 321 495 335 487 388 477 393 489 416 511 407 535 427 564 409 576 390 592 387 595 394 588 376 612 380 623 363 639 334 642 330 581 326 585 318 605 282 575 257 564 239 570 226 547 227 549 244 553 265 515 251 489 242 486 191 538 194 541 209 471 141 474 124 449 115 436 117 444 101 418 99 419 76 403 61 395 96 381 97 403 116 394 139 410 157 366 131 339 132 307 166 361 180 332 212 331 255 340 259 343 312 346 311 339 325 317 340 368 335 379 343 368 367 397 369 421 387 428 393 451 381 452 411 494 456 488 472 484 483 506 481 506 505 491 512 469 501 443 508 435 514 429 497 448 541 436 553 439 582 435 595 432 608 437 609 435 623 420 632 417 612 414 606 387 614 391 618 395 626 403 650 399 669 362 670 361 649 355 623 337 620 337 605 369 605 362 549 353 555 333 557 330 551 325 551 327 531 315 536 304 518 285 524 286 539 265 530 256 529 254 530 232 505 240 479 191 468 199 456 216 442 221 429 169 436 149 440 105 441 105 416 124 416 132 401 165 403 164 377 167 377 176 375 182 385 203 376 221 365 191 356 176 342 205 336 228 328 221 264 187 278 163 309 145 309 123 338 157 490 151 496 213 523 229 570 253 591 282 581 278 577 309 561 310 562 309 530 282 503 298 485 313 477 316 476 349 489 355 504 369 500 392 505 462 487 527 473 531 460 546 473 565 445 586 451 609 433 616 421 639 402 665 405 665 393 670 428 684 423 702 397 727 404 730 412 725 415 729 388 731 390 736 387 637 329 622 288 559 324 556 352 544 363 542 370 526 349 499 387 489 378 466 371 453 372 439 402 435 337 406 326 376 288 377 236 370 180 346 157 395 115 417 111 451 132 474 147 478 194 448 199 431 205 437 227 453 235 464 219 489 219 507 185 528 198 531 197 537 248 514 294 521 412 540 416 574 376 586 495 621 498 590 529 590 534 568 531 568 525 568 542 566 542 554 535 516 531 525 549 519 576 507 579 485 573 486 568 452 550 465 533 466 470 415 498 388 480 373 408 309 362 265 312 284 274 286 275 290 271 293 270 338 290 450 229 465 220 598 352 602 534 584 555 576 557 528 604 512 606 486 630 482 650 447 659 429 685 422 689 380 696 321 649 346 592 333 576 359 574 420 592 451 600 458 603 459 618 362 564 357 379 363 346 527 357 532 319 279 457 168 459 151 480 113 451 114 401 191 420 200 419 400 400
156 3 8 9 15 22 25 26 36 37 38 40 47 48 62 63 64 66 67 68 71 72 89 90 103 104 106 117 121 125 135 155 172 175 181 185 194 195 197 210 230 232 245 254 258 272 274 285 287 301 303 317 330 336 343 349 351 356 378 382 386 387 392 395 403 413 431 434 440 446 450 459 460 461 465 466 469 475 481 489 491 505 506 525 556 558 561 568 571 572 584 590 605 614 616 617 624 628 635 638 647 651 654 662 664 669 674 675 677 687 689 704 708 719 727 731 735 744 758 766 770 777 781 788 789 792 793 795 797 798 807 808 813 826 835 837 857 861 869 872 876 885 898 909 916 920 930 933 936 948 950 966 983 986 987 989 993
314 400 400 379 395 359 396 384 412 382 421 376 420 326 421 294 415 299 385 301 369 312 378 274 380 243 381 243 343 262 348 284 346 297 331 284 309 272 301 249 312 229 271 212 255 221 237 250 242 279 245 287 221 307 194 323 190 332 201 372 210 399 212 401 213 409 179 443 171 462 159 473 157 479 165 493 172 485 193 473 183 458 191 453 223 455 235 456 274 472 321 495 335 487 388 477 393 489 416 511 407 535 427 564 409 576 390 592 387 595 394 588 376 612 380 623 363 639 334 642 330 581 326 585 318 605 282 575 257 564 239 570 226 547 227 549 244 553 265 515 251 489 242 486 191 538 194 541 209 471 141 474 124 449 115 436 117 444 101 418 99 419 76 403 61 395 96 381 97 403 116 394 139 410 157 366 131 339 132 307 166 361 180 332 212 331 255 340 259 343 312 346 311 339 325 317 340 368 335 379 343 368 367 397 369 421 387 428 393 451 381 452 411 494 456 488 472 484 483 506 481 506 505 491 512 469 501 443 508 435 514 429 497 448 541 436 553 439 582 435 595 432 608 437 609 435 623 420 632 417 612 414 606 387 614 391 618 395 626 403 650 399 669 362 670 361 649 355 623 337 620 337 605 369 605 362 549 353 555 333 557 330 551 325 551 327 531 315 536 304 518 285 524 286 539 265 530 256 529 254 530 232 505 240 479 191 468 199 456 216 442 221 429 169 436 149 440 105 441 105 416 124 416 132 401 165 403 164 377 167 377 176 375 182 385 203 376 221 365 191 356 176 342 205 336 228 328 221 264 187 278 163 309 145 309 123 338 157 490 151 496 213 523 229 570 253 591 282 581 278 577 309 561 310 562 309 530 282 503 298 485 313 477 316 476 349 489 355 504 369 500 392 505 462 487 527 473 531 460 546 473 565 445 586 451 609 433 616 421 639 402 665 405 665 393 670 428 684 423 702 397 727 404 730 412 725 415 729 388 731 390 736 387 637 329 622 288 559 324 556 352 544 363 542 370 526 349 499 387 489 378 466 371 453 372 439 402 435 337 406 326 376 288 377 236 370 180 346 157 395 115 417 111 451 132 474 147 478 194 448 199 431 205 437 227 453 235 464 219 489 219 507 185 528 198 531 197 537 248 514 294 521 412 540 416 574 376 586 495 621 498 590 529 590 534 568 531 568 525 568 542 566 542 554 535 516 531 525 549 519 576 507 579 485 573 486 568 452 550 465 533 466 470 415 498 388 480 373 408 309 362 265 312 284 274 286 275 290 271 293 270 338 290 450 229 465 220 598 352 602 534 584 555 576 557 528 604 512 606 458 603 451 600 459 618 447 659 429 685 422 689 380 696 321 649 346 592 333 576 359 574 362 564 420 592 482 650 527 357 363 346 357 379 279 457 168 459 151 480 113 451 114 401 191 420 200 419 400 400
155 3 8 9 15 22 25 26 36 37 38 40 47 48 62 63 64 66 67 68 71 72 89 90 103 104 106 117 121 125 135 155 172 175 181 185 194 195 197 210 230 232 245 254 258 272 274 285 287 301 303 317 330 336 343 349 351 356 378 382 386 387 392 395 403 413 431 434 440 446 450 459 460 461 466 469 475 481 489 491 505 506 525 556 558 561 568 571 572 584 590 605 614 616 617 624 628 635 638 647 651 654 662 664 669 674 675 677 687 689 704 708 719 727 731 735 744 758 766 770 777 781 788 789 792 793 795 797 798 807 808 813 826 835 837 857 861 869 872 876 885 898 909 916 920 930 933 936 948 950 966 983 986 987 989 993
312 400 400 379 395 359 396 384 412 382 421 376 420 326 421 294 415 299 385 301 369 312 378 274 380 243 381 243 343 262 348 284 346 297 331 284 309 272 301 249 312 229 271 212 255 221 237 250 242 279 245 287 221 307 194 323 190 332 201 372 210 399 212 401 213 409 179 443 171 462 159 473 157 479 165 493 172 485 193 473 183 458 191 453 223 455 235 456 274 472 321 495 335 487 388 477 393 489 416 511 407 535 427 564 409 576 390 592 387 595 394 588 376 612 380 623 363 639 334 642 330 581 326 585 318 605 282 575 257 564 239 570 226 547 227 549 244 553 265 515 251 489 242 486 191 538 194 541 209 471 141 474 124 449 115 436 117 444 101 418 99 419 76 403 61 395 96 403 116 394 139 410 157 366 131 339 132 307 166 361 180 332 212 331 255 340 259 343 312 346 311 339 325 317 340 368 335 379 343 368 367 397 369 421 387 428 393 451 381 452 411 494 456 488 472 484 483 506 481 506 505 491 512 469 501 443 508 435 514 429 497 448 541 436 553 439 582 435 595 432 608 437 609 435 623 420 632 417 612 414 606 387 614 391 618 395 626 403 650 399 669 362 670 361 649 355 623 337 620 337 605 369 605 362 549 353 555 333 557 330 551 325 551 327 531 315 536 304 518 285 524 286 539 265 530 256 529 254 530 232 505 240 479 191 468 199 456 216 442 221 429 169 436 149 440 105 441 105 416 124 416 132 401 165 403 164 377 167 377 176 375 182 385 203 376 221 365 191 356 176 342 205 336 228 328 221 264 187 278 163 309 145 309 123 338 157 490 151 496 213 523 229 570 253 591 282 581 278 577 309 561 310 562 309 530 282 503 298 485 313 477 316 476 349 489 355 504 369 500 392 505 462 487 527 473 531 460 546 473 565 445 586 451 609 433 616 421 639 402 665 405 665 393 670 428 684 423 702 397 727 404 730 412 725 415 729 388 731 390 736 387 637 329 622 288 559 324 556 352 544 363 542 370 526 349 499 387 489 378 466 371 453 372 439 402 435 337 406 326 376 288 377 236 370 180 346 157 395 115 417 111 451 132 474 147 478 194 448 199 431 205 437 227 453 235 464 219 489 219 507 185 528 198 531 197 537 248 514 294 521 412 540 416 574 376 586 495 621 498 590 529 590 534 568 531 568 525 568 542 566 542 554 535 516 531 525 549 519 576 507 579 485 573 486 568 452 550 465 533 466 470 415 498 388 480 373 408 309 362 265 312 284 274 286 275 290 271 293 270 338 290 450 229 465 220 598 352 602 534 584 555 576 557 528 604 512 606 458 603 451 600 459 618 447 659 429 685 422 689 380 696 321 649 346 592 333 576 359 574 362 564 420 592 357 379 363 346 527 357 279 457 168 459 151 480 113 451 114 401 191 420 200 419 400 400
154 3 8 15 22 25 26 36 37 38 40 47 48 62 63 64 66 67 68 71 72 89 90 103 104 106 117 121 125 135 155 172 175 181 185 194 195 197 210 230 232 245 254 258 272 274 285 287 301 303 317 330 336 343 349 351 356 378 382 386 387 392 395 403 413 431 434 440 446 450 459 460 461 466 469 475 481 489 491 505 506 525 556 558 561 568 571 572 584 590 605 614 616 617 624 628 635 638 647 651 654 662 664 669 674 675 677 687 689 704 708 719 727 731 735 744 758 766 770 777 781 788 789 792 793 795 797 798 807 808 813 826 835 837 857 861 869 872 876 885 898 909 916 920 930 933 936 948 950 966 983 986 987 989 993
310 400 400 379 395 359 396 384 412 382 421 376 420 326 421 294 415 299 385 301 369 312 378 274 380 243 381 243 343 262 348 284 346 297 331 284 309 272 301 249 312 229 271 212 255 221 237 250 242 279 245 287 221 307 194 323 190 332 201 372 210 399 212 401 213 409 179 443 171 462 159 473 157 479 165 493 172 485 193 473 183 458 191 453 223 455 235 456 274 472 321 495 335 487 388 477 393 489 416 511 407 535 427 564 409 576 390 592 387 595 394 588 376 612 380 623 363 639 334 642 330 581 326 585 318 605 282 575 257 564 239 570 226 547 227 549 244 553 265 515 251 489 242 486 191 538 194 541 209 471 141 474 124 449 115 436 117 444 101 418 99 419 76 403 61 395 96 403 116 394 139 410 157 366 131 339 132 307 166 361 180 332 212 331 255 340 259 343 312 346 311 339 325 317 340 368 335 379 343 368 367 397 369 421 387 428 393 451 381 452 411 494 456 488 472 484 483 506 481 506 505 491 512 469 501 443 508 435 514 429 497 448 541 436 553 439 582 435 595 432 608 437 609 435 623 420 632 417 612 414 606 387 614 391 618 395 626 403 650 399 669 362 670 361 649 355 623 337 620 337 605 369 605 362 549 353 555 333 557 330 551 325 551 327 531 315 536 304 518 285 524 286 539 265 530 256 529 254 530 232 505 240 479 191 468 199 456 216 442 221 429 169 436 149 440 105 441 105 416 124 416 132 401 165 403 164 377 167 377 176 375 182 385 203 376 221 365 191 356 176 342 205 336 228 328 221 264 187 278 163 309 145 309 123 338 157 490 151 496 213 523 229 570 253 591 282 581 278 577 309 561 310 562 309 530 282 503 298 485 313 477 316 476 349 489 355 504 369 500 392 505 462 487 527 473 531 460 546 473 565 445 586 451 609 433 616 421 639 402 665 405 665 393 670 428 684 423 702 397 727 404 730 412 725 415 729 388 731 390 736 387 637 329 622 288 559 324 556 352 544 363 542 370 526 349 499 387 489 378 466 371 453 372 439 402 435 337 406 326 376 288 377 236 370 180 346 157 395 115 417 111 451 132 474 147 478 194 448 199 431 205 437 227 453 235 464 219 489 219 507 185 528 198 531 197 537 248 514 294 521 412 540 416 574 376 586 495 621 498 590 529 590 534 568 531 568 525 568 542 566 542 554 535 516 531 525 549 519 576 507 579 485 573 486 568 452 550 465 533 466 470 415 498 388 480 373 408 309 362 265 312 284 274 286 275 290 271 293 270 338 290 450 229 465 220 598 352 602 534 584 555 576 557 528 604 512 606 458 603 451 600 459 618 447 659 422 689 380 696 321 649 346 592 333 576 359 574 362 564 420 592 357 379 363 346 279 457 168 459 151 480 113 451 114 401 191 420 200 419 400 400
153 3 8 15 22 25 26 36 37 38 40 47 48 62 63 64 66 67 68 71 72 89 90 103 104 106 117 121 125 135 155 172 175 181 185 194 195 197 210 230 232 245 254 258 272 274 285 287 301 303 317 330 336 343 349 351 356 378 382 386 387 392 395 403 413 431 434 440 446 450 459 460 461 466 469 475 481 489 491 506 525 556 558 561 568 571 572 584 590 605 614 616 617 624 628 635 638 647 651 654 662 664 669 674 675 677 687 689 704 708 719 727 731 735 744 758 766 770 777 781 788 789 792 793 795 797 798 807 808 813 826 835 837 857 861 869 872 876 885 898 909 916 920 930 933 936 948 950 966 983 986 987 989 993
308 400 400 379 395 359 396 384 412 382 421 376 420 326 421 294 415 299 385 301 369 312 378 274 380 243 381 243 343 262 348 284 346 297 331 284 309 272 301 249 312 229 271 212 255 221 237 250 242 279 245 287 221 307 194 323 190 332 201 372 210 399 212 401 213 409 179 443 171 462 159 473 157 479 165 493 172 485 193 473 183 458 191 453 223 455 235 456 274 472 321 495 335 487 388 477 393 489 416 511 407 535 427 564 409 576 390 592 387 595 394 588 376 612 380 623 363 639 334 642 330 581 326 585 318 605 282 575 257 564 239 570 226 547 227 549 244 553 265 515 251 489 242 486 191 538 194 541 209 471 141 474 124 449 115 436 117 444 101 418 99 419 76 403 61 395 96 403 116 394 139 410 157 366 131 339 132 307 166 361 180 332 212 331 255 340 259 343 312 346 311 339 325 317 340 368 335 379 343 368 367 397 369 421 387 428 393 451 381 452 411 494 456 488 472 484 483 506 481 506 505 491 512 469 501 443 508 435 514 429 497 448 541 436 553 439 582 435 595 432 608 437 609 435 623 420 632 417 612 414 606 387 614 391 618 395 626 403 650 399 669 362 670 361 649 355 623 337 620 337 605 369 605 362 549 353 555 333 557 330 551 325 551 327 531 315 536 304 518 285 524 286 539 265 530 256 529 254 530 232 505 240 479 191 468 199 456 216 442 221 429 169 436 149 440 105 441 105 416 124 416 132 401 165 403 164 377 167 377 176 375 182 385 203 376 221 365 191 356 176 342 205 336 228 328 221 264 187 278 163 309 145 309 123 338 157 490 151 496 213 523 229 570 253 591 282 581 309 561 310 562 309 530 282 503 298 485 313 477 316 476 349 489 355 504 369 500 392 505 462 487 527 473 531 460 546 473 565 445 586 451 609 433 616 421 639 402 665 405 665 393 670 428 684 423 702 397 727 404 730 412 725 415 729 388 731 390 736 387 637 329 622 288 559 324 556 352 544 363 542 370 526 349 499 387 489 378 466 371 453 372 439 402 435 337 406 326 376 288 377 236 370 180 346 157 395 115 417 111 451 132 474 147 478 194 448 199 431 205 437 227 453 235 464 219 489 219 507 185 528 198 531 197 537 248 514 294 521 412 540 416 574 376 586 495 621 498 590 529 590 534 568 531 568 525 568 542 566 542 554 535 516 531 525 549 519 576 507 579 485 573 486 568 452 550 465 533 466 470 415 498 388 480 373 408 309 362 265 312 284 274 286 275 290 271 293 270 338 290 450 229 465 220 598 352 602 534 584 555 576 557 528 604 512 606 458 603 451 600 459 618 447 659 422 689 380 696 321 649 346 592 333 576 359 574 362 564 357 379 363 346 279 457 168 459 151 480 113 451 114 401 191 420 200 419 400 400
152 3 8 15 22 25 26 36 37 38 40 47 48 62 63 64 66 67 71 72 89 90 103 104 106 117 121 125 135 155 172 175 181 185 194 195 197 210 230 232 245 254 258 272 274 285 287 301 303 317 330 336 343 349 351 356 378 382 386 387 392 395 403 413 431 434 440 446 450 459 460 461 466 469 475 481 489 491 506 525 556 558 561 568 571 572 584 590 605 614 616 617 624 628 635 638 647 651 654 662 664 669 674 675 677 687 689 704 708 719 727 731 735 744 758 766 770 777 781 788 789 792 793 795 797 798 807 808 813 826 835 837 857 861 869 872 876 885 898 909 916 920 930 933 936 948 950 966 983 986 987 989 993
306 400 400 379 395 359 396 384 412 382 421 376 420 326 421 294 415 299 385 301 369 312 378 274 380 243 381 243 343 262 348 284 346 297 331 284 309 272 301 249 312 229 271 212 255 221 237 250 242 279 245 287 221 307 194 323 190 332 201 372 210 399 212 401 213 409 179 443 171 462 159 473 157 479 165 493 172 485 193 473 183 458 191 453 223 455 235 456 274 472 321 495 335 487 388 477 393 489 416 511 407 535 427 564 409 576 390 592 387 595 394 588 376 612 380 623 363 639 334 642 330 581 326 585 318 605 282 575 257 564 239 570 226 547 227 549 244 553 265 515 251 489 242 486 191 538 194 541 209 471 141 474 124 449 115 436 117 444 101 418 99 419 76 403 61 395 96 403 116 394 139 410 157 366 131 339 132 307 166 361 180 332 212 331 255 340 259 343 312 346 311 339 325 317 340 368 335 379 343 368 367 397 369 421 387 428 393 451 381 452 411 494 456 488 472 484 483 506 481 506 505 491 512 469 501 443 508 435 514 429 497 448 541 436 553 439 582 435 595 432 608 437 609 435 623 420 632 417 612 414 606 387 614 391 618 395 626 403 650 399 669 362 670 361 649 355 623 337 620 337 605 369 605 362 549 353 555 333 557 330 551 325 551 327 531 315 536 304 518 285 524 286 539 265 530 256 529 254 530 232 505 240 479 191 468 199 456 216 442 221 429 169 436 149 440 105 441 105 416 124 416 132 401 165 403 164 377 167 377 176 375 182 385 203 376 221 365 191 356 176 342 205 336 228 328 221 264 187 278 163 309 145 309 123 338 157 490 151 496 213 523 229 570 253 591 282 581 309 561 310 562 309 530 282 503 298 485 313 477 316 476 349 489 355 504 369 500 392 505 462 487 527 473 531 460 546 473 565 445 586 451 609 433 616 421 639 402 665 405 665 393 670 428 684 423 702 397 727 404 730 412 725 415 729 388 731 390 736 387 637 329 622 288 559 324 556 352 544 363 542 370 526 349 499 387 489 378 466 371 453 372 439 402 435 337 406 326 376 288 377 236 370 180 346 157 395 115 417 111 451 132 474 147 478 194 448 199 431 205 437 227 453 235 464 219 489 219 507 185 528 198 531 197 537 248 514 294 521 412 540 416 574 376 586 495 621 498 590 529 590 534 568 531 568 525 568 542 566 542 554 535 516 531 525 549 519 576 507 579 485 573 486 568 452 550 465 533 466 470 415 498 388 480 373 408 309 362 265 312 284 274 286 275 290 271 293 270 338 290 450 229 465 220 598 352 602 534 584 555 576 557 528 604 512 606 458 603 451 600 459 618 447 659 422 689 380 696 321 649 346 592 359 574 362 564 357 379 279 457 168 459 151 480 113 451 114 401 191 420 200 419 400 400
151 3 8 15 22 25 26 36 37 38 40 47 48 62 63 64 66 67 71 72 89 90 103 104 106 117 121 125 135 155 172 175 181 185 194 195 197 210 230 232 245 254 258 272 274 285 287 301 303 317 330 336 343 349 351 356 378 382 386 387 392 395 403 413 431 434 440 446 450 459 460 461 466 469 475 481 489 491 506 525 556 558 561 568 571 572 584 590 605 614 616 617 624 628 635 638 647 651 654 662 664 669 674 675 677 687 689 704 708 719 727 731 735 744 758 766 770 781 788 789 792 793 795 797 798 807 808 813 826 835 837 857 861 869 872 876 885 898 909 916 920 930 933 936 948 950 966 983 986 987 989 993
304 400 400 379 395 359 396 384 412 382 421 376 420 326 421 294 415 299 385 301 369 312 378 274 380 243 381 243 343 262 348 284 346 297 331 284 309 272 301 249 312 229 271 212 255 221 237 250 242 279 245 287 221 307 194 323 190 332 201 372 210 399 212 401 213 409 179 443 171 462 159 473 157 479 165 493 172 485 193 473 183 458 191 453 223 455 235 456 274 472 321 495 335 487 388 477 393 489 416 511 407 535 427 564 409 576 390 592 387 595 394 588 376 612 380 623 363 639 334 642 330 581 326 585 318 605 282 575 257 564 239 570 226 547 227 549 244 553 265 515 251 489 242 486 191 538 194 541 209 471 141 474 124 449 115 436 117 444 101 418 99 419 76 403 61 395 96 403 116 394 139 410 157 366 131 339 132 307 166 361 180 332 212 331 255 340 259 343 312 346 311 339 325 317 340 368 335 379 343 368 367 397 369 421 387 428 393 451 381 452 411 494 456 488 472 484 483 506 481 506 505 491 512 469 501 443 508 435 514 429 497 448 541 436 553 439 582 435 595 432 608 437 609 435 623 420 632 417 612 414 606 387 614 391 618 395 626 403 650 399 669 362 670 361 649 355 623 337 620 337 605 369 605 362 549 353 555 333 557 330 551 325 551 327 531 315 536 304 518 285 524 286 539 265 530 256 529 254 530 232 505 240 479 191 468 199 456 216 442 221 429 169 436 149 440 105 441 105 416 124 416 132 401 165 403 164 377 167 377 176 375 182 385 203 376 221 365 191 356 176 342 205 336 228 328 221 264 187 278 163 309 145 309 123 338 157 490 151 496 213 523 229 570 253 591 282 581 309 561 310 562 309 530 282 503 298 485 313 477 316 476 349 489 355 504 369 500 392 505 462 487 527 473 531 460 546 473 565 445 586 451 609 433 616 421 639 402 665 405 665 393 670 428 684 423 702 397 727 404 730 412 725 415 729 388 731 390 736 387 637 329 622 288 559 324 556 352 544 363 542 370 526 349 499 387 489 378 466 371 453 372 439 402 435 337 406 326 376 288 377 236 370 180 346 157 395 115 417 111 451 132 474 147 478 194 448 199 431 205 437 227 453 235 464 219 489 219 507 185 528 198 531 197 537 248 514 294 521 412 540 416 574 376 586 495 621 498 590 529 590 534 568 531 568 525 568 542 566 542 554 535 516 531 525 549 519 576 507 579 485 573 486 568 452 550 465 533 466 470 415 498 388 480 373 408 309 362 265 312 284 274 286 275 290 271 293 270 338 290 450 229 465 220 598 352 602 534 584 555 576 557 528 604 458 603 451 600 459 618 447 659 422 689 380 696 321 649 346 592 359 574 362 564 279 457 168 459 151 480 113 451 114 401 191 420 200 419 400 400
150 3 8 15 22 25 26 36 37 38 40 47 48 62 63 64 66 67 71 72 89 90 103 104 106 117 121 125 135 155 172 175 181 185 194 195 197 210 230 232 245 254 258 272 274 285 287 301 303 317 330 336 343 349 351 356 378 382 386 387 392 395 403 413 431 434 440 446 450 459 460 461 466 469 475 481 489 491 506 525 556 558 561 568 571 572 584 590 605 614 616 617 624 628 635 638 647 651 654 662 664 669 674 675 677 687 689 704 708 719 727 731 735 744 758 766 770 781 788 789 792 793 795 797 798 807 808 813 826 835 837 857 861 869 872 876 885 898 909 916 920 930 933 936 948 966 983 986 987 989 993
302 400 400 379 395 359 396 384 412 382 421 376 420 326 421 294 415 299 385 301 369 312 378 274 380 243 381 243 343 262 348 284 346 297 331 284 309 272 301 249 312 229 271 212 255 221 237 250 242 279 245 287 221 307 194 323 190 332 201 372 210 399 212 401 213 409 179 443 171 462 159 473 157 479 165 493 172 485 193 473 183 458 191 453 223 455 235 456 274 472 321 495 335 487 388 477 393 489 416 511 407 535 427 564 409 576 390 592 387 595 394 588 376 612 380 623 363 639 334 642 330 581 326 585 318 605 282 575 257 564 239 570 226 547 227 549 244 553 265 515 251 489 242 486 191 538 194 541 209 471 141 474 124 449 115 436 117 444 101 418 99 419 76 403 61 395 96 403 116 394 139 410 157 366 131 339 132 307 166 361 180 332 212 331 255 340 259 343 312 346 311 339 325 317 340 368 335 379 343 368 367 397 369 421 387 428 393 451 381 452 411 494 456 488 472 484 483 506 481 506 505 491 512 469 501 443 508 435 514 429 497 448 541 436 553 439 582 435 595 432 608 437 609 435 623 420 632 417 612 414 606 387 614 391 618 395 626 403 650 399 669 362 670 361 649 355 623 337 620 337 605 369 605 362 549 353 555 333 557 330 551 325 551 327 531 315 536 304 518 285 524 286 539 265 530 256 529 254 530 232 505 240 479 191 468 199 456 216 442 221 429 169 436 149 440 105 441 105 416 124 416 132 401 165 403 164 377 167 377 176 375 182 385 203 376 221 365 191 356 176 342 205 336 228 328 221 264 187 278 163 309 145 309 123 338 157 490 151 496 213 523 229 570 253 591 282 581 309 561 310 562 309 530 282 503 298 485 313 477 316 476 349 489 355 504 369 500 392 505 462 487 527 473 531 460 546 473 565 445 586 451 609 433 616 421 639 402 665 405 665 393 670 428 684 423 702 397 727 404 730 412 725 415 729 388 731 390 637 329 559 324 556 352 544 363 542 370 526 349 499 387 489 378 466 371 453 372 439 402 435 337 406 326 376 288 377 236 370 180 346 157 395 115 417 111 451 132 474 147 478 194 448 199 431 205 437 227 453 235 464 219 489 219 507 185 528 198 531 197 537 248 514 294 521 412 540 416 574 376 586 495 621 498 590 529 590 534 568 531 568 525 568 542 566 542 554 535 516 531 525 549 519 576 507 579 485 573 486 568 452 550 465 533 466 470 415 498 388 480 373 408 309 362 265 312 284 274 286 275 290 271 293 270 338 290 450 229 465 220 598 352 602 534 584 555 576 557 528 604 458 603 451 600 459 618 447 659 422 689 380 696 321 649 346 592 359 574 362 564 279 457 168 459 151 480 113 451 114 401 191 420 200 419 400 400
149 3 8 15 22 25 26 36 37 38 40 47 48 62 63 64 66 67 71 72 89 90 103 104 106 117 121 125 135 155 172 175 181 185 194 195 197 210 230 232 245 254 258 272 274 285 287 301 303 317 330 336 343 351 356 378 382 386 387 392 395 403 413 431 434 440 446 450 459 460 461 466 469 475 481 489 491 506 525 556 558 561 568 571 572 584 590 605 614 616 617 624 628 635 638 647 651 654 662 664 669 674 675 677 687 689 704 708 719 727 731 735 744 758 766 770 781 788 789 792 793 795 797 798 807 808 813 826 835 837 857 861 869 872 876 885 898 909 916 920 930 933 936 948 966 983 986 987 989 993
300 400 400 379 395 359 396 384 412 382 421 376 420 326 421 294 415 299 385 301 369 312 378 274 380 243 381 243 343 262 348 284 346 297 331 284 309 272 301 249 312 229 271 212 255 221 237 250 242 279 245 287 221 307 194 323 190 332 201 372 210 399 212 401 213 409 179 443 171 462 159 473 157 479 165 493 172 485 193 473 183 458 191 453 223 455 235 456 274 472 321 495 335 487 388 477 393 489 416 511 407 535 427 564 409 576 390 592 387 595 394 588 376 612 380 623 363 639 334 642 330 581 326 585 318 605 282 575 257 564 239 570 226 547 227 549 244 553 265 515 251 489 242 486 191 538 194 541 209 471 141 474 124 449 115 436 117 444 101 418 99 419 76 403 61 395 96 403 116 394 139 410 157 366 131 339 132 307 166 361 180 332 212 331 255 340 259 343 312 346 311 339 325 317 340 368 335 379 343 368 367 397 369 421 387 428 393 451 381 452 411 494 456 488 472 484 483 506 481 506 505 491 512 469 501 443 508 435 514 429 497 448 541 436 553 439 582 435 595 432 608 437 609 435 623 420 632 395 626 391 618 387 614 369 605 337 605 337 620 355 623 361 649 362 670 399 669 403 650 414 606 458 603 459 618 485 573 486 568 519 576 525 549 516 531 554 535 568 531 568 525 568 542 566 542 576 557 584 555 590 534 586 495 586 451 565 445 546 473 527 473 466 470 465 533 415 498 392 505 369 500 355 504 349 489 316 476 313 477 298 485 282 503 285 524 286 539 265 530 256 529 254 530 232 505 240 479 191 468 199 456 216 442 221 429 200 419 191 420 165 403 164 377 167 377 176 375 182 385 203 376 221 365 191 356 176 342 205 336 228 328 221 264 187 278 163 309 145 309 123 338 132 401 124 416 105 416 105 441 149 440 157 490 151 496 213 523 229 570 253 591 282 581 309 561 310 562 325 551 330 551 333 557 353 555 362 549 362 564 327 531 315 536 309 530 304 518 279 457 168 459 169 436 114 401 309 362 338 290 376 288 377 236 370 180 431 205 448 199 450 229 453 235 437 227 464 219 465 220 489 219 478 194 507 185 528 198 531 197 537 248 514 294 526 349 544 363 542 370 556 352 559 324 598 352 637 329 639 402 665 405 665 393 670 428 684 423 702 397 727 404 730 412 725 415 729 388 731 390 616 421 609 433 621 498 590 529 531 460 540 416 521 412 499 387 489 378 466 371 453 372 439 402 435 337 406 326 373 408 388 480 462 487 452 550 507 579 528 604 447 659 422 689 380 696 321 649 346 592 359 574 151 480 113 451 265 312 284 274 286 275 290 271 293 270 346 157 395 115 417 111 451 132 474 147 451 600 602 534 400 400
148 3 8 15 22 25 26 36 37 38 40 47 48 62 63 64 66 67 71 72 89 90 103 104 106 117 121 125 135 155 172 175 181 185 194 195 197 210 230 232 245 254 258 272 274 285 287 301 303 317 330 336 343 351 356 378 382 386 387 392 395 403 413 431 434 440 446 450 459 460 461 466 469 475 481 489 491 506 525 556 558 561 568 571 572 584 590 605 614 616 617 624 628 635 638 647 651 654 662 664 669 674 675 677 687 689 704 708 719 731 735 744 758 766 770 781 788 789 792 793 795 797 798 807 808 813 826 835 837 857 861 869 872 876 885 898 909 916 920 930 933 936 948 966 983 986 987 989 993
298 400 400 379 395 359 396 384 412 382 421 376 420 326 421 294 415 299 385 301 369 312 378 274 380 243 381 243 343 262 348 284 346 297 331 284 309 272 301 249 312 229 271 212 255 221 237 250 242 279 245 287 221 307 194 323 190 332 201 372 210 399 212 401 213 409 179 443 171 462 159 473 157 479 165 493 172 485 193 473 183 458 191 453 223 455 235 456 274 472 321 495 335 487 388 477 393 489 416 511 407 535 427 564 409 576 390 592 387 595 394 588 376 612 380 623 363 639 334 642 330 581 326 585 318 605 282 575 257 564 239 570 226 547 227 549 244 553 265 515 251 489 242 486 191 538 194 541 209 471 141 474 124 449 115 436 117 444 101 418 99 419 76 403 61 395 96 403 116 394 139 410 157 366 131 339 132 307 166 361 180 332 212 331 255 340 259 343 312 346 311 339 325 317 340 368 335 379 343 368 367 397 369 421 387 428 393 451 381 452 411 494 456 488 472 484 483 506 481 506 505 491 512 469 501 443 508 435 514 429 497 448 541 436 553 439 582 435 595 432 608 437 609 435 623 420 632 395 626 391 618 387 614 369 605 337 605 337 620 355 623 361 649 362 670 399 669 403 650 414 606 458 603 459 618 485 573 486 568 519 576 525 549 516 531 554 535 568 531 568 525 568 542 566 542 576 557 584 555 590 534 586 495 586 451 565 445 546 473 527 473 466 470 465 533 415 498 392 505 369 500 355 504 349 489 316 476 313 477 298 485 282 503 285 524 286 539 265 530 256 529 254 530 232 505 240 479 191 468 199 456 216 442 221 429 200 419 191 420 165 403 164 377 167 377 176 375 182 385 203 376 221 365 191 356 176 342 205 336 228 328 221 264 187 278 163 309 145 309 123 338 132 401 124 416 105 416 105 441 149 440 157 490 151 496 213 523 229 570 253 591 282 581 309 561 310 562 325 551 330 551 333 557 353 555 362 549 362 564 327 531 315 536 309 530 304 518 279 457 168 459 169 436 114 401 309 362 338 290 376 288 377 236 370 180 431 205 448 199 450 229 453 235 437 227 464 219 465 220 489 219 478 194 507 185 528 198 531 197 537 248 514 294 526 349 544 363 542 370 556 352 559 324 598 352 637 329 639 402 665 405 665 393 670 428 684 423 702 397 727 404 730 412 725 415 729 388 731 390 616 421 609 433 621 498 590 529 531 460 540 416 521 412 499 387 489 378 466 371 453 372 439 402 435 337 406 326 373 408 388 480 462 487 452 550 507 579 528 604 447 659 422 689 380 696 321 649 346 592 359 574 151 480 113 451 265 312 286 275 290 271 293 270 346 157 395 115 417 111 451 132 474 147 451 600 400 400
147 3 8 15 22 25 26 36 37 38 40 47 48 62 63 64 66 67 71 72 89 90 103 104 106 117 121 125 135 155 172 175 181 185 194 195 197 210 230 232 245 254 258 272 274 285 287 301 303 317 330 336 343 351 356 378 382 386 387 392 395 403 413 431 434 440 446 450 459 461 466 469 475 481 489 491 506 525 556 558 561 568 571 572 584 590 605 614 616 617 624 628 635 638 647 651 654 662 664 669 674 675 677 687 689 704 708 719 731 735 744 758 766 770 781 788 789 792 793 795 797 798 807 808 813 826 835 837 857 861 869 872 876 885 898 909 916 920 930 933 936 948 966 983 986 987 989 993
296 400 400 379 395 359 396 384 412 382 421 376 420 326 421 294 415 299 385 301 369 312 378 274 380 243 381 243 343 262 348 284 346 297 331 284 309 272 301 249 312 229 271 212 255 221 237 250 242 279 245 287 221 307 194 323 190 332 201 372 210 399 212 401 213 409 179 443 171 462 159 473 157 479 165 493 172 485 193 473 183 458 191 453 223 455 235 456 274 472 321 495 335 487 388 477 393 489 416 511 407 535 427 564 409 576 390 592 387 595 394 588 376 612 380 623 363 639 334 642 330 581 326 585 318 605 282 575 257 564 239 570 226 547 227 549 244 553 265 515 251 489 242 486 191 538 194 541 209 471 141 474 124 449 115 436 117 444 101 418 99 419 76 403 61 395 96 403 116 394 139 410 157 366 131 339 132 307 166 361 180 332 212 331 255 340 259 343 312 346 311 339 325 317 340 368 335 379 343 368 367 397 369 421 387 428 393 451 381 452 411 494 456 488 472 484 483 506 481 506 505 491 512 469 501 443 508 435 514 429 497 448 541 436 553 439 582 435 595 432 608 437 609 435 623 420 632 395 626 391 618 387 614 369 605 337 605 337 620 355 623 361 649 362 670 399 669 403 650 414 606 458 603 459 618 485 573 486 568 519 576 525 549 516 531 554 535 568 531 568 525 568 542 566 542 576 557 584 555 590 534 586 495 586 451 565 445 546 473 527 473 466 470 465 533 415 498 392 505 369 500 355 504 349 489 316 476 313 477 298 485 282 503 285 524 286 539 265 530 256 529 254 530 232 505 240 479 191 468 199 456 216 442 221 429 200 419 191 420 165 403 164 377 167 377 176 375 182 385 203 376 221 365 191 356 176 342 205 336 228 328 221 264 187 278 163 309 145 309 123 338 132 401 124 416 105 416 105 441 149 440 157 490 151 496 213 523 229 570 253 591 282 581 309 561 310 562 325 551 330 551 333 557 353 555 362 549 362 564 327 531 315 536 309 530 304 518 279 457 168 459 169 436 114 401 309 362 338 290 376 288 377 236 370 180 431 205 448 199 450 229 453 235 437 227 464 219 465 220 489 219 478 194 507 185 528 198 531 197 537 248 514 294 526 349 544 363 542 370 556 352 559 324 598 352 637 329 639 402 665 405 665 393 670 428 684 423 702 397 727 404 730 412 725 415 729 388 731 390 616 421 609 433 621 498 590 529 531 460 540 416 521 412 499 387 489 378 466 371 453 372 439 402 435 337 406 326 373 408 388 480 462 487 452 550 507 579 528 604 447 659 422 689 380 696 321 649 346 592 359 574 151 480 113 451 265 312 286 275 293 270 346 157 395 115 417 111 451 132 474 147 400 400
146 3 8 15 22 25 26 36 37 38 40 47 48 62 63 64 66 67 71 72 89 90 103 106 117 121 125 135 155 172 175 181 185 194 195 197 210 230 232 245 254 258 272 274 285 287 301 303 317 330 336 343 351 356 378 382 386 387 392 395 403 413 431 434 440 446 450 459 461 466 469 475 481 489 491 506 525 556 558 561 568 571 572 584 590 605 614 616 617 624 628 635 638 647 651 654 662 664 669 674 675 677 687 689 704 708 719 731 735 744 758 766 770 781 788 789 792 793 795 797 798 807 808 813 826 835 837 857 861 869 872 876 885 898 909 916 920 930 933 936 948 966 983 986 987 989 993
294 400 400 379 395 359 396 384 412 382 421 376 420 326 421 294 415 299 385 301 369 312 378 274 380 243 381 243 343 262 348 284 346 297 331 284 309 272 301 249 312 229 271 212 255 221 237 250 242 279 245 287 221 307 194 323 190 332 201 372 210 399 212 401 213 409 179 443 171 462 159 473 157 479 165 493 172 485 193 473 183 458 191 453 223 455 235 456 274 472 321 495 335 487 388 477 393 489 416 511 407 535 427 564 409 576 390 592 387 595 394 588 376 612 380 623 363 639 334 642 330 581 326 585 318 605 282 575 257 564 239 570 226 547 227 549 244 553 265 515 251 489 242 486 191 538 194 541 209 471 141 474 124 449 115 436 117 444 101 418 99 419 76 403 61 395 96 403 116 394 139 410 157 366 131 339 132 307 166 361 180 332 212 331 255 340 259 343 312 346 311 339 325 317 340 368 335 379 343 368 367 397 369 421 387 428 393 451 381 452 411 494 456 488 472 484 483 506 481 506 505 491 512 469 501 443 508 435 514 429 497 448 541 436 553 439 582 435 595 432 608 437 609 435 623 420 632 395 626 391 618 387 614 369 605 337 605 337 620 355 623 361 649 362 670 399 669 403 650 414 606 458 603 459 618 485 573 486 568 519 576 525 549 516 531 554 535 568 531 568 525 568 542 566 542 576 557 584 555 590 534 586 495 586 451 565 445 546 473 527 473 466 470 465 533 415 498 392 505 369 500 355 504 349 489 316 476 313 477 298 485 282 503 285 524 286 539 265 530 256 529 254 530 232 505 240 479 191 468 199 456 216 442 221 429 200 419 191 420 165 403 164 377 167 377 176 375 182 385 203 376 221 365 191 356 176 342 205 336 228 328 221 264 187 278 163 309 145 309 123 338 132 401 124 416 105 416 105 441 149 440 151 496 213 523 229 570 253 591 282 581 309 561 310 562 325 551 330 551 333 557 353 555 362 549 362 564 327 531 315 536 309 530 304 518 279 457 168 459 169 436 309 362 338 290 376 288 377 236 370 180 431 205 448 199 450 229 453 235 437 227 464 219 465 220 489 219 478 194 507 185 528 198 531 197 537 248 514 294 526 349 544 363 542 370 556 352 559 324 598 352 637 329 639 402 665 405 665 393 670 428 684 423 702 397 727 404 730 412 725 415 729 388 731 390 616 421 609 433 621 498 590 529 531 460 540 416 521 412 499 387 489 378 466 371 453 372 439 402 435 337 406 326 373 408 388 480 462 487 452 550 507 579 528 604 447 659 422 689 380 696 321 649 346 592 359 574 151 480 113 451 265 312 286 275 293 270 346 157 395 115 417 111 451 132 474 147 400 400
145 3 8 15 22 25 26 36 37 38 40 47 48 62 63 64 66 67 71 72 89 90 103 106 117 121 125 135 155 172 175 181 185 194 195 197 210 230 232 245 254 258 272 274 285 287 301 303 317 330 336 343 351 356 378 382 386 387 392 395 403 413 431 434 440 446 450 459 461 466 469 475 481 489 491 506 525 556 558 561 568 571 572 584 590 605 614 616 617 624 628 635 638 647 651 654 662 664 669 674 675 677 687 689 704 708 719 731 735 744 758 766 770 781 788 789 792 793 795 797 798 807 808 813 826 835 837 857 861 869 872 876 885 898 909 916 920 930 933 948 966 983 986 987 989 993
292 400 400 379 395 359 396 384 412 382 421 376 420 326 421 294 415 299 385 301 369 312 378 274 380 243 381 243 343 262 348 284 346 297 331 284 309 272 301 249 312 229 271 212 255 221 237 250 242 279 245 287 221 307 194 323 190 332 201 372 210 399 212 401 213 409 179 443 171 462 159 473 157 479 165 493 172 485 193 473 183 458 191 453 223 455 235 456 274 472 321 495 335 487 388 477 393 489 416 511 407 535 427 564 409 576 390 592 387 595 394 588 376 612 380 623 363 639 334 642 330 581 326 585 318 605 282 575 257 564 239 570 226 547 227 549 244 553 265 515 251 489 242 486 191 538 194 541 209 471 141 474 124 449 115 436 117 444 101 418 99 419 76 403 61 395 96 403 116 394 139 410 157 366 131 339 132 307 166 361 180 332 212 331 255 340 259 343 312 346 311 339 325 317 340 368 335 379 343 368 367 397 369 421 387 428 393 451 381 452 411 494 456 488 472 484 483 506 481 506 505 491 512 469 501 443 508 435 514 429 497 448 541 436 553 439 582 435 595 432 608 437 609 435 623 420 632 395 626 391 618 387 614 369 605 337 605 337 620 355 623 361 649 362 670 399 669 403 650 414 606 458 603 459 618 485 573 486 568 519 576 525 549 516 531 554 535 568 531 568 525 568 542 566 542 576 557 584 555 590 534 586 495 586 451 565 445 546 473 527 473 466 470 465 533 415 498 392 505 369 500 355 504 349 489 316 476 313 477 298 485 282 503 285 524 286 539 265 530 256 529 254 530 232 505 240 479 191 468 199 456 216 442 221 429 200 419 191 420 165 403 164 377 167 377 176 375 182 385 203 376 221 365 191 356 176 342 205 336 228 328 221 264 187 278 163 309 145 309 123 338 132 401 124 416 105 416 105 441 149 440 151 496 213 523 229 570 253 591 282 581 309 561 310 562 325 551 330 551 333 557 353 555 362 549 362 564 327 531 315 536 309 530 304 518 279 457 168 459 169 436 309 362 338 290 376 288 377 236 370 180 431 205 448 199 450 229 453 235 437 227 464 219 465 220 489 219 478 194 507 185 528 198 531 197 537 248 514 294 526 349 544 363 542 370 556 352 559 324 598 352 637 329 639 402 665 405 665 393 670 428 684 423 702 397 727 404 730 412 725 415 729 388 731 390 609 433 621 498 590 529 531 460 540 416 521 412 499 387 489 378 466 371 453 372 439 402 435 337 406 326 373 408 388 480 462 487 452 550 507 579 528 604 447 659 422 689 380 696 321 649 346 592 359 574 151 480 265 312 286 275 293 270 346 157 395 115 417 111 451 132 474 147 400 400
144 3 8 15 22 25 26 36 37 38 40 47 48 62 63 64 66 67 71 72 89 90 103 106 117 121 125 135 155 172 175 181 185 194 195 197 210 230 232 245 254 258 272 274 285 287 301 303 317 330 336 343 351 356 378 382 386 387 392 395 403 413 431 440 446 450 459 461 466 469 475 481 489 491 506 525 556 558 561 568 571 572 584 590 605 614 616 617 624 628 635 638 647 651 654 662 664 669 674 675 677 687 689 704 708 719 731 735 744 758 766 770 781 788 789 792 793 795 797 798 807 808 813 826 835 837 857 861 869 872 876 885 898 909 916 920 930 933 948 966 983 986 987 989 993
290 400 400 379 395 359 396 384 412 382 421 376 420 326 421 294 415 299 385 301 369 312 378 274 380 243 381 243 343 262 348 284 346 297 331 284 309 272 301 249 312 229 271 212 255 221 237 250 242 279 245 287 221 307 194 323 190 332 201 372 210 399 212 401 213 409 179 443 171 462 159 473 157 479 165 493 172 485 193 473 183 458 191 453 223 455 235 456 274 472 321 495 335 487 388 477 393 489 416 511 407 535 427 564 409 576 390 592 387 595 394 588 376 612 380 623 363 639 334 642 330 581 326 585 318 605 282 575 257 564 239 570 226 547 227 549 244 553 265 515 251 489 242 486 191 538 194 541 209 471 141 474 124 449 115 436 117 444 101 418 99 419 76 403 61 395 96 403 116 394 139 410 157 366 131 339 132 307 166 361 180 332 212 331 255 340 259 343 312 346 311 339 325 317 340 368 335 379 343 368 367 397 369 421 387 428 393 451 381 452 411 494 456 488 472 484 483 506 481 506 505 491 512 469 501 443 508 435 514 429 497 448 541 436 553 439 582 435 595 432 608 437 609 435 623 420 632 395 626 391 618 387 614 369 605 337 605 337 620 355 623 361 649 362 670 399 669 403 650 414 606 458 603 459 618 485 573 486 568 519 576 525 549 516 531 554 535 568 531 568 525 568 542 566 542 576 557 584 555 590 534 586 495 586 451 565 445 546 473 527 473 466 470 465 533 415 498 392 505 369 500 355 504 349 489 316 476 313 477 298 485 282 503 285 524 286 539 265 530 256 529 254 530 232 505 240 479 191 468 199 456 216 442 221 429 200 419 191 420 165 403 164 377 167 377 176 375 182 385 203 376 221 365 191 356 176 342 205 336 228 328 221 264 187 278 163 309 145 309 123 338 132 401 124 416 105 416 105 441 149 440 151 496 213 523 229 570 253 591 282 581 309 561 310 562 325 551 330 551 333 557 353 555 362 549 362 564 327 531 315 536 309 530 304 518 279 457 168 459 169 436 309 362 338 290 376 288 377 236 370 180 431 205 448 199 450 229 453 235 437 227 464 219 465 220 489 219 478 194 507 185 528 198 531 197 537 248 514 294 526 349 544 363 542 370 540 416 521 412 499 387 489 378 453 372 439 402 435 337 406 326 373 408 462 487 452 550 507 579 528 604 447 659 422 689 380 696 321 649 590 529 621 498 609 433 639 402 665 405 665 393 670 428 684 423 702 397 727 404 730 412 725 415 729 388 731 390 637 329 598 352 559 324 466 371 531 460 388 480 359 574 346 592 265 312 286 275 293 270 346 157 395 115 417 111 451 132 474 147 400 400
143 3 8 15 22 25 26 36 37 38 40 47 48 62 63 64 67 71 72 89 90 103 106 117 121 125 135 155 172 175 181 185 194 195 197 210 230 232 245 254 258 272 274 285 287 301 303 317 330 336 343 351 356 378 382 386 387 392 395 403 413 431 440 446 450 459 461 466 469 475 481 489 491 506 525 556 558 561 568 571 572 584 590 605 614 616 617 624 628 635 638 647 651 654 662 664 669 674 675 677 687 689 704 708 719 731 735 744 758 766 770 781 788 789 792 793 795 797 798 807 808 813 826 835 837 857 861 869 872 876 885 898 909 916 920 930 933 948 966 983 986 987 989 993
288 400 400 379 395 359 396 384 412 382 421 376 420 326 421 294 415 299 385 301 369 312 378 274 380 243 381 243 343 262 348 284 346 297 331 284 309 272 301 249 312 229 271 212 255 221 237 250 242 279 245 287 221 307 194 323 190 332 201 372 210 399 212 401 213 409 179 443 171 462 159 473 157 479 165 493 172 485 193 473 183 458 191 453 223 455 235 456 274 472 321 495 335 487 388 477 393 489 416 511 407 535 427 564 409 576 390 592 387 595 394 588 376 612 380 623 363 639 334 642 330 581 326 585 318 605 282 575 257 564 239 570 226 547 227 549 244 553 265 515 251 489 242 486 191 538 194 541 209 471 141 474 124 449 115 436 117 444 101 418 99 419 76 403 61 395 96 403 116 394 139 410 157 366 131 339 132 307 166 361 180 332 212 331 255 340 259 343 312 346 311 339 325 317 340 368 335 379 343 368 367 397 369 421 387 428 393 451 381 452 411 494 456 488 472 484 483 506 481 506 505 491 512 469 501 443 508 435 514 429 497 448 541 436 553 439 582 435 595 432 608 437 609 435 623 420 632 395 626 391 618 387 614 369 605 337 605 337 620 355 623 361 649 362 670 399 669 403 650 414 606 458 603 459 618 485 573 486 568 519 576 525 549 516 531 554 535 568 531 568 525 568 542 566 542 576 557 584 555 590 534 586 495 586 451 565 445 546 473 527 473 466 470 465 533 415 498 392 505 355 504 349 489 316 476 313 477 298 485 282 503 285 524 286 539 265 530 256 529 254 530 232 505 240 479 191 468 199 456 216 442 221 429 200 419 191 420 165 403 164 377 167 377 176 375 182 385 203 376 221 365 191 356 176 342 205 336 228 328 221 264 187 278 163 309 145 309 123 338 132 401 124 416 105 416 105 441 149 440 151 496 213 523 229 570 253 591 282 581 309 561 310 562 325 551 330 551 333 557 353 555 362 549 362 564 327 531 315 536 309 530 304 518 279 457 168 459 169 436 309 362 338 290 376 288 377 236 370 180 431 205 448 199 450 229 453 235 437 227 464 219 465 220 489 219 478 194 507 185 528 198 531 197 537 248 514 294 526 349 544 363 542 370 540 416 521 412 499 387 489 378 453 372 439 402 435 337 406 326 373 408 462 487 452 550 507 579 528 604 447 659 422 689 380 696 321 649 590 529 621 498 609 433 639 402 665 405 665 393 670 428 684 423 702 397 727 404 730 412 725 415 729 388 731 390 637 329 598 352 559 324 466 371 388 480 359 574 346 592 265 312 286 275 293 270 346 157 395 115 417 111 451 132 474 147 400 400
142 3 8 15 22 25 26 36 37 38 40 47 48 62 63 64 67 71 72 89 90 103 106 117 121 125 135 155 172 175 181 185 194 195 197 210 230 232 245 254 258 272 274 285 287 301 303 317 330 336 343 351 356 378 382 386 387 392 395 403 413 431 440 446 450 459 461 466 469 475 481 489 491 506 525 556 558 561 568 571 572 584 590 605 614 616 617 624 628 635 638 647 651 654 662 664 674 675 677 687 689 704 708 719 731 735 744 758 766 770 781 788 789 792 793 795 797 798 807 808 813 826 835 837 857 861 869 872 876 885 898 909 916 920 930 933 948 966 983 986 987 989 993
286 400 400 379 395 359 396 384 412 382 421 376 420 326 421 294 415 301 369 312 378 274 380 243 381 243 343 262 348 284 346 297 331 284 309 272 301 249 312 229 271 212 255 221 237 250 242 279 245 287 221 307 194 323 190 332 201 372 210 399 212 401 213 409 179 443 171 462 159 473 157 479 165 493 172 485 193 473 183 458 191 453 223 455 235 456 274 472 321 495 335 487 388 477 393 489 416 511 407 535 427 564 409 576 390 592 387 595 394 588 376 612 380 623 363 639 334 642 330 581 326 585 318 605 282 575 257 564 239 570 226 547 227 549 244 553 265 515 251 489 242 486 191 538 194 541 209 471 141 474 124 449 115 436 117 444 101 418 99 419 76 403 61 395 96 403 116 394 139 410 157 366 131 339 132 307 166 361 180 332 212 331 255 340 259 343 312 346 311 339 325 317 340 368 335 379 343 368 367 397 369 421 387 428 393 451 381 452 411 494 456 488 472 484 483 506 481 506 505 491 512 469 501 443 508 435 514 429 497 448 541 436 553 439 582 435 595 432 608 437 609 435 623 420 632 395 626 391 618 387 614 369 605 337 605 337 620 355 623 361 649 362 670 399 669 403 650 414 606 458 603 459 618 485 573 486 568 519 576 525 549 516 531 554 535 568 531 568 525 568 542 566 542 576 557 584 555 590 534 586 495 586 451 565 445 546 473 527 473 466 470 465 533 415 498 392 505 355 504 349 489 316 476 313 477 298 485 282 503 285 524 286 539 265 530 256 529 254 530 232 505 240 479 191 468 199 456 216 442 221 429 200 419 191 420 165 403 164 377 167 377 176 375 182 385 203 376 221 365 191 356 176 342 205 336 228 328 221 264 187 278 163 309 145 309 123 338 132 401 124 416 105 416 105 441 149 440 151 496 213 523 229 570 253 591 282 581 309 561 310 562 325 551 330 551 333 557 353 555 362 549 362 564 327 531 315 536 309 530 304 518 279 457 168 459 169 436 309 362 338 290 376 288 377 236 370 180 431 205 448 199 450 229 453 235 437 227 464 219 465 220 489 219 478 194 507 185 528 198 531 197 537 248 514 294 526 349 544 363 542 370 540 416 521 412 499 387 489 378 453 372 439 402 435 337 406 326 373 408 462 487 452 550 507 579 528 604 447 659 422 689 380 696 590 529 621 498 609 433 639 402 665 405 665 393 670 428 684 423 702 397 727 404 730 412 725 415 729 388 731 390 637 329 598 352 559 324 466 371 388 480 359 574 346 592 265 312 286 275 293 270 346 157 395 115 417 111 451 132 474 147 400 400
141 3 8 15 22 25 26 36 37 38 40 47 48 62 63 64 67 71 72 89 90 103 106 117 121 125 135 155 172 175 181 185 194 195 197 210 230 232 245 254 258 272 274 285 287 301 303 317 330 336 343 351 356 378 382 386 387 392 395 403 413 431 440 446 450 459 461 466 469 475 481 489 491 506 525 556 558 561 568 571 572 584 590 605 614 616 617 624 628 635 638 647 651 654 662 664 674 675 677 687 689 704 708 719 731 735 744 758 766 770 781 788 789 792 793 795 797 798 807 808 813 826 835 837 857 861 869 872 885 898 909 916 920 930 933 948 966 983 986 987 989 993
284 400 400 379 395 359 396 384 412 382 421 376 420 326 421 294 415 301 369 312 378 274 380 243 381 243 343 262 348 284 346 297 331 284 309 272 301 249 312 229 271 212 255 221 237 250 242 279 245 287 221 307 194 323 190 332 201 372 210 399 212 401 213 409 179 443 171 462 159 473 157 479 165 493 172 485 193 473 183 458 191 453 223 455 235 456 274 472 321 495 335 487 388 477 393 489 416 511 407 535 427 564 409 576 390 592 387 595 394 588 376 612 380 623 363 639 334 581 326 585 318 605 282 575 257 564 239 570 226 547 227 549 244 553 265 515 251 489 242 486 191 538 194 541 209 471 141 474 124 449 115 436 117 444 101 418 99 419 76 403 61 395 96 403 116 394 139 410 157 366 131 339 132 307 166 361 180 332 212 331 255 340 259 343 312 346 311 339 325 317 340 368 335 379 343 368 367 397 369 421 387 428 393 451 381 452 411 494 456 488 472 484 483 506 481 506 505 491 512 469 501 443 508 435 514 429 497 448 541 436 553 439 582 435 595 432 608 437 609 435 623 420 632 395 626 391 618 387 614 369 605 337 605 337 620 355 623 361 649 362 670 399 669 403 650 414 606 458 603 459 618 485 573 486 568 519 576 525 549 516 531 554 535 568 531 568 525 568 542 566 542 576 557 584 555 590 534 586 495 586 451 565 445 546 473 527 473 466 470 465 533 415 498 392 505 355 504 349 489 316 476 313 477 298 485 282 503 285 524 286 539 265 530 256 529 254 530 232 505 240 479 191 468 199 456 216 442 221 429 200 419 191 420 165 403 164 377 167 377 176 375 182 385 203 376 221 365 191 356 176 342 205 336 228 328 221 264 187 278 163 309 145 309 123 338 132 401 124 416 105 416 105 441 149 440 151 496 213 523 229 570 253 591 282 581 309 561 310 562 325 551 330 551 333 557 353 555 362 549 362 564 327 531 315 536 309 530 304 518 279 457 168 459 169 436 309 362 338 290 376 288 377 236 370 180 431 205 448 199 450 229 453 235 437 227 464 219 465 220 489 219 478 194 507 185 528 198 531 197 537 248 514 294 526 349 544 363 542 370 540 416 521 412 499 387 489 378 453 372 439 402 435 337 406 326 373 408 462 487 452 550 507 579 528 604 447 659 422 689 590 529 621 498 609 433 639 402 665 405 665 393 670 428 684 423 702 397 727 404 730 412 725 415 729 388 731 390 637 329 598 352 559 324 466 371 388 480 359 574 346 592 265 312 286 275 293 270 346 157 395 115 417 111 451 132 474 147 400 400
140 3 8 15 22 25 26 36 37 38 40 47 48 62 63 64 67 71 72 89 90 103 106 117 121 125 135 155 172 175 181 185 194 195 197 210 230 232 245 254 258 272 274 285 287 301 303 317 330 336 343 351 356 378 382 386 387 392 395 403 413 431 440 446 450 459 461 466 469 475 481 489 491 506 525 556 558 561 568 571 572 584 590 605 614 616 617 624 628 635 638 647 651 654 662 664 674 675 677 687 689 704 708 719 731 735 744 758 766 770 781 788 789 792 793 795 797 798 807 808 813 826 835 837 857 861 869 872 885 898 909 916 920 930 933 966 983 986 987 989 993
282 400 400 379 395 359 396 384 412 382 421 376 420 326 421 294 415 301 369 312 378 274 380 243 381 243 343 262 348 284 346 297 331 284 309 272 301 249 312 229 271 212 255 221 237 250 242 279 245 287 221 307 194 323 190 332 201 372 210 399 212 401 213 409 179 443 171 462 159 473 157 479 165 493 172 485 193 473 183 458 191 453 223 455 235 456 274 472 321 495 335 487 388 477 393 489 416 511 407 535 427 564 409 576 390 592 387 595 394 588 376 612 380 623 363 639 334 581 326 585 318 605 282 575 257 564 239 570 226 547 227 549 244 553 265 515 251 489 242 486 191 538 194 541 209 471 141 474 124 449 115 436 117 444 101 418 99 419 76 403 61 395 96 403 116 394 139 410 157 366 131 339 132 307 166 361 180 332 212 331 255 340 259 343 312 346 311 339 325 317 340 368 335 379 343 368 367 397 369 421 387 428 393 451 381 452 411 494 456 488 472 484 483 506 481 506 505 491 512 469 501 443 508 435 514 429 497 448 541 436 553 439 582 435 595 432 608 437 609 435 623 420 632 395 626 391 618 387 614 369 605 337 605 337 620 355 623 361 649 362 670 399 669 403 650 414 606 458 603 459 618 485 573 486 568 519 576 525 549 516 531 554 535 568 531 568 525 568 542 566 542 576 557 584 555 590 534 586 495 586 451 565 445 546 473 527 473 466 470 465 533 415 498 392 505 355 504 349 489 316 476 313 477 298 485 282 503 285 524 286 539 265 530 256 529 254 530 232 505 240 479 191 468 199 456 216 442 221 429 200 419 191 420 165 403 164 377 167 377 176 375 182 385 203 376 221 365 191 356 176 342 205 336 228 328 221 264 187 278 163 309 145 309 123 338 132 401 124 416 105 416 105 441 149 440 213 523 229 570 253 591 282 581 309 561 310 562 325 551 330 551 333 557 353 555 362 549 362 564 327 531 315 536 309 530 304 518 279 457 168 459 169 436 309 362 338 290 376 288 377 236 370 180 431 205 448 199 450 229 453 235 437 227 464 219 465 220 489 219 478 194 507 185 528 198 531 197 537 248 514 294 526 349 544 363 542 370 540 416 521 412 499 387 489 378 453 372 439 402 435 337 406 326 373 408 462 487 452 550 507 579 528 604 447 659 590 529 621 498 609 433 639 402 665 405 665 393 670 428 684 423 702 397 727 404 730 412 725 415 729 388 731 390 637 329 598 352 559 324 466 371 388 480 359 574 346 592 265 312 286 275 293 270 346 157 395 115 417 111 451 132 474 147 400 400
139 3 8 15 22 25 26 36 37 38 40 47 48 62 63 64 67 71 72 89 90 103 106 117 121 125 135 155 172 175 181 185 194 195 197 210 230 232 245 254 258 272 274 285 287 301 303 317 330 336 343 351 356 378 386 387 392 395 403 413 431 440 446 450 459 461 466 469 475 481 489 491 506 525 556 558 561 568 571 572 584 590 605 614 616 617 624 628 635 638 647 651 654 662 664 674 675 677 687 689 704 708 719 731 735 744 758 766 770 781 788 789 792 793 795 797 798 807 808 813 826 835 837 857 861 869 872 885 898 909 916 920 930 933 966 983 986 987 989 993
280 400 400 379 395 359 396 384 412 382 421 376 420 326 421 294 415 301 369 312 378 274 380 243 381 243 343 262 348 284 346 297 331 284 309 272 301 249 312 229 271 212 255 221 237 250 242 279 245 287 221 307 194 323 190 332 201 372 210 399 212 401 213 409 179 443 171 462 159 473 157 479 165 493 172 485 193 473 183 458 191 453 223 455 235 456 274 472 321 495 335 487 388 477 393 489 416 511 407 535 427 564 409 576 390 592 387 595 394 588 376 612 380 623 363 639 334 581 326 585 318 605 282 575 257 564 239 570 226 547 227 549 244 553 265 515 251 489 242 486 191 538 194 541 209 471 141 474 124 449 115 436 117 444 101 418 99 419 76 403 61 395 96 403 116 394 139 410 157 366 131 339 132 307 166 361 180 332 212 331 255 340 259 343 312 346 311 339 325 317 340 368 335 379 343 368 367 397 369 421 387 428 393 451 381 452 411 494 456 488 472 484 483 506 481 506 505 491 512 469 501 443 508 435 514 429 497 448 541 436 553 439 582 435 595 432 608 437 609 435 623 420 632 395 626 391 618 387 614 369 605 337 605 337 620 355 623 361 649 362 670 399 669 403 650 414 606 458 603 459 618 485 573 486 568 519 576 525 549 516 531 554 535 568 531 568 525 568 542 566 542 576 557 584 555 590 534 586 495 586 451 565 445 540 416 521 412 542 370 544 363 559 324 598 352 639 402 665 405 665 393 670 428 684 423 702 397 727 404 730 412 725 415 729 388 731 390 609 433 527 473 466 470 465 533 415 498 392 505 388 480 349 489 355 504 362 549 362 564 359 574 353 555 333 557 330 551 325 551 327 531 315 536 304 518 285 524 286 539 265 530 256 529 254 530 232 505 240 479 191 468 199 456 216 442 221 429 200 419 191 420 169 436 149 440 105 441 105 416 124 416 132 401 165 403 164 377 167 377 176 375 182 385 203 376 221 365 191 356 176 342 205 336 228 328 265 312 286 275 293 270 338 290 376 288 377 236 370 180 346 157 395 115 451 132 474 147 478 194 448 199 450 229 453 235 464 219 465 220 489 219 507 185 528 198 531 197 537 248 514 294 526 349 499 387 489 378 466 371 439 402 435 337 406 326 373 408 309 362 313 477 316 476 298 485 282 503 279 457 309 530 309 561 310 562 282 581 253 591 229 570 213 523 168 459 163 309 145 309 123 338 187 278 221 264 437 227 431 205 417 111 453 372 462 487 452 550 507 579 528 604 590 529 621 498 637 329 346 592 400 400
138 3 8 15 22 25 26 36 37 38 40 47 48 62 63 64 67 71 72 89 90 103 106 117 121 125 135 155 172 175 181 185 194 195 197 210 230 232 245 254 258 272 274 285 287 301 303 317 330 336 343 351 356 378 386 387 392 395 403 413 431 440 446 450 459 461 466 469 475 481 489 491 506 525 556 558 561 568 571 572 584 590 605 614 616 617 624 628 635 638 647 651 654 662 664 674 675 677 687 689 704 708 719 731 735 744 758 766 770 781 788 789 792 793 795 797 798 807 808 813 826 835 837 857 861 869 872 885 898 909 916 930 933 966 983 986 987 989 993
278 400 400 379 395 359 396 384 412 382 421 376 420 326 421 294 415 301 369 312 378 274 380 243 381 243 343 262 348 284 346 297 331 284 309 272 301 249 312 229 271 212 255 221 237 250 242 279 245 287 221 307 194 323 190 332 201 372 210 399 212 401 213 409 179 443 171 462 159 473 157 479 165 493 172 485 193 473 183 458 191 453 223 455 235 456 274 472 321 495 335 487 388 477 393 489 416 511 407 535 427 564 409 576 390 592 387 595 394 588 376 612 380 623 363 639 334 581 326 585 318 605 282 575 257 564 239 570 226 547 227 549 244 553 265 515 251 489 242 486 191 538 194 541 209 471 141 474 124 449 115 436 117 444 101 418 99 419 76 403 61 395 96 403 116 394 139 410 157 366 131 339 132 307 166 361 180 332 212 331 255 340 259 343 312 346 311 339 325 317 340 368 335 379 343 368 367 397 369 421 387 428 393 451 381 452 411 494 456 488 472 484 483 506 481 506 505 491 512 469 501 443 508 435 514 429 497 448 541 436 553 439 582 435 595 432 608 437 609 435 623 420 632 395 626 391 618 387 614 369 605 337 605 337 620 355 623 361 649 362 670 399 669 403 650 414 606 458 603 459 618 485 573 486 568 519 576 525 549 516 531 554 535 568 531 568 525 568 542 566 542 576 557 584 555 590 534 586 495 586 451 565 445 540 416 521 412 542 370 544 363 559 324 598 352 639 402 665 405 665 393 670 428 702 397 727 404 730 412 725 415 729 388 731 390 609 433 527 473 466 470 465 533 415 498 392 505 388 480 349 489 355 504 362 549 362 564 359 574 353 555 333 557 330 551 325 551 327 531 315 536 304 518 285 524 286 539 265 530 256 529 254 530 232 505 240 479 191 468 199 456 216 442 221 429 200 419 191 420 169 436 149 440 105 441 105 416 124 416 132 401 165 403 164 377 167 377 176 375 182 385 203 376 221 365 191 356 176 342 205 336 228 328 265 312 286 275 293 270 338 290 376 288 377 236 370 180 346 157 395 115 451 132 474 147 478 194 448 199 450 229 453 235 464 219 465 220 489 219 507 185 528 198 531 197 537 248 514 294 526 349 499 387 489 378 466 371 439 402 435 337 406 326 373 408 309 362 313 477 316 476 298 485 282 503 279 457 309 530 309 561 310 562 282 581 253 591 229 570 213 523 168 459 163 309 145 309 123 338 187 278 221 264 437 227 431 205 417 111 453 372 462 487 452 550 507 579 528 604 590 529 621 498 637 329 400 400
137 3 8 15 22 25 26 36 37 38 40 47 48 62 63 64 67 71 72 89 90 106 117 121 125 135 155 172 175 181 185 194 195 197 210 230 232 245 254 258 272 274 285 287 301 303 317 330 336 343 351 356 378 386 387 392 395 403 413 431 440 446 450 459 461 466 469 475 481 489 491 506 525 556 558 561 568 571 572 584 590 605 614 616 617 624 628 635 638 647 651 654 662 664 674 675 677 687 689 704 708 719 731 735 744 758 766 770 781 788 789 792 793 795 797 798 807 808 813 826 835 837 857 861 869 872 885 898 909 916 930 933 966 983 986 987 989 993
276 400 400 379 395 359 396 384 412 382 421 376 420 326 421 294 415 301 369 312 378 274 380 243 381 243 343 262 348 284 346 297 331 284 309 272 301 249 312 229 271 212 255 221 237 250 242 279 245 287 221 307 194 323 190 332 201 372 210 399 212 401 213 409 179 443 171 462 159 473 157 479 165 493 172 485 193 473 183 458 191 453 223 455 235 456 274 472 321 495 335 487 388 477 393 489 416 511 407 535 427 564 409 576 390 592 387 595 394 588 376 612 380 623 363 639 334 581 326 585 318 605 282 575 257 564 239 570 226 547 227 549 244 553 265 515 251 489 242 486 191 538 194 541 209 471 141 474 124 449 115 436 117 444 101 418 99 419 76 403 61 395 96 403 116 394 139 410 157 366 131 339 132 307 166 361 180 332 212 331 255 340 259 343 312 346 311 339 325 317 340 368 335 379 343 368 367 397 369 421 387 428 393 451 381 452 411 494 456 488 472 484 483 506 481 506 505 491 512 469 501 443 508 435 514 429 497 448 541 436 553 439 582 435 595 432 608 437 609 435 623 420 632 395 626 391 618 387 614 369 605 337 605 337 620 355 623 361 649 362 670 399 669 403 650 414 606 458 603 459 618 485 573 486 568 519 576 525 549 516 531 554 535 568 531 568 525 568 542 566 542 576 557 584 555 590 534 586 495 586 451 565 445 540 416 521 412 542 370 544 363 559 324 598 352 639 402 665 405 665 393 670 428 702 397 727 404 730 412 725 415 729 388 731 390 609 433 527 473 466 470 465 533 415 498 392 505 388 480 349 489 355 504 362 549 362 564 359 574 353 555 333 557 330 551 325 551 327 531 315 536 304 518 285 524 286 539 265 530 256 529 254 530 232 505 240 479 191 468 199 456 216 442 221 429 200 419 191 420 169 436 149 440 105 441 105 416 124 416 132 401 165 403 164 377 167 377 176 375 182 385 203 376 221 365 191 356 176 342 205 336 228 328 265 312 286 275 293 270 338 290 376 288 377 236 370 180 346 157 395 115 451 132 474 147 478 194 448 199 450 229 453 235 464 219 465 220 489 219 507 185 528 198 531 197 537 248 514 294 526 349 499 387 489 378 466 371 439 402 435 337 406 326 373 408 309 362 313 477 316 476 298 485 279 457 309 530 309 561 310 562 282 581 253 591 229 570 213 523 168 459 163 309 145 309 123 338 187 278 221 264 437 227 431 205 453 372 462 487 452 550 507 579 528 604 590 529 621 498 637 329 400 400
136 3 8 15 22 25 26 36 37 38 40 47 48 62 63 64 67 71 72 89 90 106 117 121 125 135 155 172 175 181 185 194 195 197 210 230 232 245 254 258 272 274 285 287 301 303 317 330 336 343 351 356 378 386 387 392 395 403 413 431 440 446 450 459 461 466 469 475 481 489 491 506 525 556 558 561 568 571 572 584 590 605 614 616 617 624 628 635 638 647 651 654 662 664 674 675 677 687 689 704 708 719 731 735 744 758 766 770 781 788 789 792 793 795 797 798 807 808 813 826 835 837 857 861 869 872 885 898 916 930 933 966 983 986 987 989 993
274 400 400 379 395 359 396 384 412 382 421 376 420 326 421 294 415 301 369 312 378 274 380 243 381 243 343 262 348 284 346 297 331 284 309 272 301 249 312 229 271 212 255 221 237 250 242 279 245 287 221 307 194 323 190 332 201 372 210 399 212 401 213 409 179 443 171 462 159 473 157 479 165 493 172 485 193 473 183 458 191 453 223 455 235 456 274 472 321 495 335 487 388 477 393 489 416 511 407 535 427 564 409 576 390 592 387 595 394 588 376 612 380 623 363 639 334 581 326 585 318 605 282 575 257 564 239 570 226 547 227 549 244 553 265 515 251 489 242 486 191 538 194 541 209 471 141 474 124 449 115 436 117 444 101 418 99 419 76 403 61 395 96 403 116 394 139 410 157 366 131 339 132 307 166 361 180 332 212 331 255 340 259 343 312 346 311 339 325 317 340 368 335 379 343 368 367 397 369 421 387 428 393 451 381 452 411 494 456 488 472 484 483 506 481 506 505 491 512 469 501 443 508 435 514 429 497 448 541 436 553 439 582 435 595 432 608 437 609 435 623 420 632 395 626 391 618 387 614 369 605 337 605 337 620 355 623 361 649 362 670 399 669 403 650 414 606 458 603 459 618 485 573 486 568 519 576 525 549 516 531 554 535 568 531 568 525 568 542 566 542 576 557 584 555 590 534 586 495 586 451 565 445 540 416 521 412 542 370 544 363 559 324 598 352 639 402 665 405 665 393 670 428 702 397 727 404 730 412 725 415 729 388 731 390 609 433 527 473 466 470 465 533 415 498 392 505 388 480 349 489 355 504 362 549 362 564 359 574 353 555 333 557 330 551 325 551 327 531 315 536 304 518 285 524 286 539 265 530 256 529 254 530 232 505 240 479 191 468 191 420 200 419 221 429 216 442 169 436 149 440 105 441 105 416 124 416 132 401 165 403 164 377 167 377 176 375 182 385 203 376 221 365 191 356 176 342 205 336 228 328 265 312 286 275 293 270 338 290 376 288 377 236 370 180 346 157 395 115 451 132 474 147 478 194 448 199 450 229 453 235 464 219 465 220 489 219 507 185 528 198 531 197 537 248 514 294 526 349 499 387 489 378 466 371 439 402 435 337 406 326 373 408 309 362 313 477 316 476 298 485 279 457 309 530 309 561 310 562 282 581 253 591 229 570 213 523 168 459 163 309 145 309 123 338 187 278 221 264 437 227 431 205 453 372 462 487 452 550 507 579 528 604 590 529 621 498 400 400
135 3 8 15 22 25 26 36 37 38 40 47 48 62 63 64 67 71 72 89 90 106 117 121 125 135 155 172 175 181 185 194 195 197 210 230 232 245 254 258 272 274 285 287 301 303 317 330 336 343 351 356 378 386 387 392 395 403 413 431 440 446 450 459 461 466 469 475 481 489 491 506 525 556 558 561 568 571 572 584 605 614 616 617 624 628 635 638 647 651 654 662 664 674 675 677 687 689 704 708 719 731 735 744 758 766 770 781 788 789 792 793 795 797 798 807 808 813 826 835 837 857 861 869 872 885 898 916 930 933 966 983 986 987 989 993
272 400 400 379 395 359 396 384 412 382 421 376 420 326 421 294 415 301 369 312 378 274 380 243 381 243 343 262 348 284 346 297 331 284 309 272 301 249 312 229 271 212 255 221 237 250 242 279 245 287 221 307 194 323 190 332 201 372 210 399 212 401 213 409 179 443 171 462 159 473 157 479 165 493 172 485 193 473 183 458 191 453 223 455 235 456 274 472 321 495 335 487 388 477 393 489 416 488 472 506 481 506 505 491 512 469 501 443 508 435 514 429 497 448 541 436 553 439 582 435 595 432 608 437 609 435 623 420 632 395 626 387 614 369 605 337 605 337 620 355 623 361 649 362 670 399 669 403 650 459 618 458 603 485 573 486 568 519 576 525 549 516 531 554 535 568 531 568 525 568 542 566 542 576 557 584 555 590 534 586 495 586 451 609 433 595 394 592 387 588 376 576 390 564 409 521 412 535 427 527 473 466 470 465 533 415 498 392 505 355 504 349 489 316 476 298 485 304 518 285 524 286 539 265 530 256 529 254 530 232 505 240 479 191 468 191 420 200 419 221 429 216 442 149 440 105 441 105 416 124 416 132 401 165 403 164 377 167 377 176 375 182 385 191 356 228 328 221 264 187 278 293 270 331 255 340 259 338 290 346 311 339 325 368 335 379 343 397 369 421 387 428 393 439 402 451 381 453 372 489 378 499 387 542 370 544 363 526 349 514 294 515 251 489 242 489 219 465 220 450 229 437 227 448 199 478 194 507 185 528 198 531 197 538 194 541 209 547 227 549 244 564 239 570 226 575 257 553 265 605 282 585 318 581 326 598 352 623 363 612 380 639 402 665 405 665 393 670 428 702 397 727 404 730 412 725 415 729 388 731 390 639 334 540 416 565 445 494 456 484 483 462 487 388 480 373 408 452 411 466 371 435 337 376 288 377 236 370 180 361 180 346 157 339 132 394 139 395 115 403 116 395 96 418 99 419 76 403 61 444 101 449 115 436 117 451 132 471 141 474 147 474 124 486 191 464 219 537 248 559 324 406 326 343 312 317 340 309 362 368 367 221 365 203 376 205 336 176 342 163 309 145 309 265 312 286 275 332 212 307 166 366 131 410 157 313 477 279 457 309 530 315 536 327 531 325 551 330 551 333 557 353 555 362 549 362 564 359 574 310 562 309 561 282 581 253 591 229 570 213 523 168 459 169 436 452 550 507 579 528 604 414 606 391 618 590 529 621 498 453 235 431 205 400 400
134 3 8 15 22 25 26 36 37 38 40 47 48 62 63 64 67 71 72 89 90 106 117 121 125 135 155 172 175 181 185 194 195 197 210 230 232 245 254 258 272 274 285 287 301 303 317 330 336 343 351 356 378 386 387 392 395 403 413 431 440 446 450 459 461 466 469 475 481 489 491 506 525 556 558 561 571 572 584 605 614 616 617 624 628 635 638 647 651 654 662 664 674 675 677 687 689 704 708 719 731 735 744 758 766 770 781 788 789 792 793 795 797 798 807 808 813 826 835 837 857 861 869 872 885 898 916 930 933 966 983 986 987 989 993
270 400 400 379 395 359 396 384 412 382 421 376 420 326 421 294 415 301 369 312 378 274 380 243 381 243 343 262 348 284 346 297 331 284 309 272 301 249 312 229 271 212 255 221 237 250 242 279 245 287 221 307 194 323 190 332 201 372 210 399 212 401 213 409 179 443 171 462 159 473 157 479 165 493 172 485 193 473 183 458 191 453 223 455 235 456 274 472 321 495 335 487 388 477 393 489 416 488 472 506 481 506 505 491 512 469 501 443 508 435 514 429 497 448 541 436 553 439 582 435 595 432 608 437 609 435 623 420 632 395 626 387 614 369 605 337 605 337 620 355 623 361 649 362 670 399 669 403 650 459 618 458 603 485 573 486 568 519 576 525 549 516 531 554 535 568 531 568 525 568 542 566 542 576 557 584 555 590 534 586 495 586 451 609 433 595 394 592 387 588 376 576 390 564 409 521 412 535 427 527 473 466 470 465 533 415 498 392 505 355 504 349 489 316 476 298 485 304 518 285 524 286 539 265 530 256 529 254 530 232 505 240 479 191 468 191 420 200 419 221 429 216 442 149 440 105 441 105 416 124 416 132 401 165 403 164 377 167 377 176 375 182 385 191 356 228 328 221 264 187 278 293 270 331 255 340 259 338 290 346 311 339 325 368 335 379 343 397 369 421 387 428 393 439 402 451 381 453 372 489 378 499 387 542 370 544 363 526 349 514 294 515 251 489 242 489 219 465 220 450 229 437 227 448 199 478 194 507 185 528 198 531 197 538 194 541 209 547 227 549 244 564 239 570 226 575 257 553 265 605 282 585 318 581 326 598 352 623 363 612 380 639 402 665 405 665 393 670 428 702 397 727 404 730 412 725 415 729 388 731 390 639 334 540 416 565 445 494 456 484 483 462 487 388 480 373 408 452 411 466 371 435 337 376 288 377 236 370 180 361 180 346 157 307 166 410 157 394 139 395 115 403 116 395 96 418 99 419 76 403 61 444 101 449 115 436 117 451 132 471 141 474 147 474 124 486 191 464 219 537 248 559 324 406 326 343 312 317 340 309 362 221 365 203 376 205 336 176 342 163 309 145 309 265 312 286 275 332 212 366 131 313 477 279 457 309 530 315 536 327 531 325 551 330 551 333 557 353 555 362 549 362 564 359 574 310 562 309 561 282 581 253 591 229 570 213 523 168 459 169 436 452 550 507 579 528 604 414 606 391 618 590 529 621 498 453 235 431 205 400 400
133 3 8 15 22 25 26 36 37 38 40 47 48 62 63 64 67 71 72 89 90 106 117 121 125 135 155 172 175 181 185 194 195 197 210 230 232 245 254 258 272 274 285 287 301 303 317 330 336 343 351 356 378 386 387 392 395 403 413 431 440 446 459 461 466 469 475 481 489 491 506 525 556 558 561 571 572 584 605 614 616 617 624 628 635 638 647 651 654 662 664 674 675 677 687 689 704 708 719 731 735 744 758 766 770 781 788 789 792 793 795 797 798 807 808 813 826 835 837 857 861 869 872 885 898 916 930 933 966 983 986 987 989 993
268 400 400 379 395 359 396 384 412 382 421 376 420 326 421 294 415 301 369 312 378 274 380 243 381 243 343 262 348 284 346 297 331 284 309 272 301 249 312 229 271 212 255 221 237 250 242 279 245 287 221 307 194 323 190 332 201 372 210 399 212 401 213 409 179 443 171 462 159 473 157 479 165 493 172 485 193 473 183 458 191 453 223 455 235 456 274 472 321 495 335 487 388 477 393 489 416 488 472 506 481 506 505 491 512 469 501 443 508 435 514 429 497 448 541 436 553 439 582 435 595 432 608 437 609 435 623 420 632 395 626 387 614 369 605 337 605 337 620 355 623 361 649 362 670 399 669 403 650 459 618 458 603 485 573 486 568 519 576 525 549 516 531 554 535 568 531 568 525 568 542 566 542 576 557 584 555 590 534 586 495 586 451 609 433 595 394 592 387 588 376 576 390 564 409 521 412 535 427 527 473 466 470 465 533 415 498 392 505 355 504 349 489 316 476 298 485 304 518 285 524 286 539 265 530 256 529 254 530 232 505 240 479 191 468 191 420 200 419 221 429 216 442 149 440 105 441 105 416 124 416 132 401 165 403 164 377 167 377 176 375 182 385 191 356 228 328 221 264 187 278 293 270 331 255 340 259 338 290 346 311 339 325 368 335 379 343 397 369 421 387 428 393 439 402 451 381 453 372 489 378 499 387 542 370 544 363 526 349 514 294 515 251 489 242 489 219 465 220 450 229 437 227 448 199 478 194 507 185 528 198 531 197 538 194 541 209 547 227 549 244 564 239 570 226 575 257 553 265 605 282 585 318 581 326 598 352 623 363 612 380 639 402 665 405 665 393 670 428 702 397 727 404 730 412 725 415 729 388 731 390 639 334 540 416 565 445 494 456 484 483 462 487 388 480 373 408 452 411 466 371 435 337 376 288 377 236 370 180 361 180 346 157 307 166 410 157 394 139 395 115 403 116 395 96 418 99 419 76 444 101 449 115 436 117 451 132 471 141 474 147 474 124 486 191 464 219 537 248 559 324 406 326 343 312 317 340 309 362 221 365 203 376 205 336 176 342 163 309 145 309 265 312 286 275 332 212 313 477 279 457 309 530 315 536 327 531 325 551 330 551 333 557 353 555 362 549 362 564 359 574 310 562 309 561 282 581 253 591 229 570 213 523 168 459 169 436 452 550 507 579 528 604 414 606 391 618 590 529 621 498 453 235 431 205 400 400
132 3 8 15 22 25 26 36 37 38 40 47 48 62 63 64 67 71 72 89 90 106 117 121 125 135 155 172 175 181 185 194 195 197 210 230 232 245 254 258 272 274 285 287 301 303 317 330 336 343 351 356 378 386 387 392 395 403 413 431 440 446 459 461 466 469 475 481 489 491 506 525 556 558 561 571 572 584 605 614 616 617 624 628 635 638 647 651 654 662 664 674 675 677 687 689 704 708 731 735 744 758 766 770 781 788 789 792 793 795 797 798 807 808 813 826 835 837 857 861 869 872 885 898 916 930 933 966 983 986 987 989 993
266 400 400 379 395 359 396 384 412 382 421 376 420 326 421 294 415 301 369 312 378 274 380 243 381 243 343 262 348 284 346 297 331 284 309 272 301 249 312 229 271 212 255 221 237 250 242 279 245 287 221 307 194 323 190 332 201 372 210 399 212 401 213 409 179 443 171 462 159 473 157 479 165 493 172 485 193 473 183 458 191 453 223 455 235 456 274 472 321 495 335 487 388 477 393 489 416 488 472 506 481 506 505 491 512 469 501 443 508 435 514 429 497 448 541 436 553 439 582 435 595 432 608 437 609 435 623 420 632 395 626 387 614 369 605 337 605 337 620 355 623 361 649 362 670 399 669 403 650 459 618 458 603 485 573 486 568 519 576 525 549 516 531 554 535 568 531 568 525 568 542 566 542 576 557 584 555 590 534 586 495 586 451 609 433 595 394 592 387 588 376 576 390 564 409 521 412 535 427 527 473 466 470 465 533 415 498 392 505 355 504 349 489 316 476 298 485 304 518 285 524 286 539 265 530 256 529 254 530 232 505 240 479 191 468 191 420 200 419 221 429 216 442 149 440 105 441 105 416 124 416 132 401 165 403 164 377 167 377 176 375 182 385 191 356 228 328 221 264 187 278 293 270 331 255 340 259 338 290 346 311 339 325 368 335 379 343 397 369 421 387 428 393 439 402 451 381 453 372 489 378 499 387 542 370 544 363 526 349 514 294 515 251 489 242 489 219 465 220 450 229 437 227 448 199 478 194 507 185 528 198 531 197 538 194 541 209 547 227 549 244 564 239 570 226 575 257 553 265 605 282 585 318 581 326 598 352 623 363 612 380 639 402 665 405 665 393 670 428 702 397 727 404 730 412 725 415 729 388 731 390 639 334 540 416 565 445 494 456 484 483 462 487 388 480 373 408 452 411 466 371 435 337 376 288 377 236 370 180 361 180 346 157 307 166 410 157 394 139 395 115 403 116 395 96 419 76 444 101 449 115 436 117 451 132 471 141 474 147 474 124 486 191 464 219 537 248 559 324 406 326 343 312 317 340 309 362 221 365 203 376 205 336 176 342 163 309 145 309 265 312 286 275 279 457 313 477 309 530 315 536 327 531 325 551 330 551 333 557 353 555 362 549 362 564 359 574 310 562 309 561 282 581 253 591 229 570 213 523 168 459 169 436 452 550 507 579 528 604 414 606 391 618 590 529 621 498 453 235 431 205 400 400
131 3 8 15 22 25 26 36 37 38 40 47 48 62 63 64 67 71 72 89 90 106 117 121 125 135 155 172 175 181 194 195 197 210 230 232 245 254 258 272 274 285 287 301 303 317 330 336 343 351 356 378 386 387 392 395 403 413 431 440 446 459 461 466 469 475 481 489 491 506 525 556 558 561 571 572 584 605 614 616 617 624 628 635 638 647 651 654 662 664 674 675 677 687 689 704 708 731 735 744 758 766 770 781 788 789 792 793 795 797 798 807 808 813 826 835 837 857 861 869 872 885 898 916 930 933 966 983 986 987 989 993
264 400 400 379 395 359 396 384 412 382 421 376 420 326 421 294 415 301 369 312 378 274 380 243 381 243 343 262 348 284 346 297 331 284 309 272 301 249 312 229 271 212 255 221 237 250 242 279 245 287 221 307 194 323 190 332 201 372 210 399 212 401 213 409 179 443 171 462 159 473 157 479 165 493 172 485 193 473 183 458 191 453 223 455 235 456 274 472 321 495 335 487 388 477 393 489 416 488 472 506 481 506 505 491 512 469 501 443 508 435 514 429 497 448 541 436 553 439 582 435 595 432 608 437 609 435 623 420 632 395 626 387 614 369 605 337 605 337 620 355 623 361 649 362 670 399 669 403 650 459 618 458 603 485 573 486 568 519 576 525 549 516 531 554 535 568 531 568 525 568 542 566 542 576 557 584 555 590 534 586 495 586 451 609 433 595 394 592 387 588 376 576 390 564 409 521 412 535 427 527 473 466 470 465 533 415 498 392 505 355 504 349 489 316 476 298 485 304 518 285 524 286 539 265 530 256 529 254 530 232 505 240 479 191 468 191 420 200 419 221 429 216 442 149 440 105 441 105 416 124 416 132 401 165 403 164 377 167 377 176 375 182 385 191 356 228 328 221 264 293 270 331 255 340 259 338 290 346 311 339 325 368 335 379 343 397 369 421 387 428 393 439 402 451 381 453 372 489 378 499 387 542 370 544 363 526 349 514 294 515 251 489 242 489 219 465 220 450 229 437 227 448 199 478 194 507 185 528 198 531 197 538 194 541 209 547 227 549 244 564 239 570 226 575 257 553 265 605 282 585 318 581 326 598 352 623 363 612 380 639 402 665 405 665 393 670 428 702 397 727 404 730 412 725 415 729 388 731 390 639 334 540 416 565 445 494 456 484 483 462 487 388 480 373 408 452 411 466 371 435 337 376 288 377 236 370 180 361 180 346 157 307 166 410 157 394 139 395 115 403 116 395 96 419 76 444 101 449 115 436 117 451 132 471 141 474 147 474 124 486 191 464 219 537 248 559 324 406 326 343 312 317 340 309 362 221 365 203 376 205 336 176 342 163 309 145 309 265 312 286 275 279 457 313 477 309 530 315 536 327 531 325 551 330 551 333 557 353 555 362 549 362 564 359 574 310 562 309 561 282 581 253 591 229 570 213 523 168 459 169 436 452 550 507 579 528 604 414 606 391 618 590 529 453 235 431 205 400 400
130 3 8 15 22 25 26 36 37 38 40 47 48 62 63 64 67 71 72 89 90 106 117 121 125 135 155 172 175 181 194 195 197 210 230 232 245 254 258 272 274 285 287 301 303 317 330 336 343 351 356 378 386 387 392 395 403 413 431 440 446 459 461 466 469 475 481 489 491 506 525 556 558 561 571 572 584 605 614 616 617 624 628 635 638 647 651 654 662 664 674 675 677 687 689 704 708 731 735 744 758 766 770 781 789 792 793 795 797 798 807 808 813 826 835 837 857 861 869 872 885 898 916 930 933 966 983 986 987 989 993
262 400 400 379 395 359 396 384 412 382 421 376 420 326 421 294 415 301 369 312 378 274 380 243 381 243 343 262 348 284 346 297 331 284 309 272 301 249 312 229 271 212 255 221 237 250 242 279 245 287 221 307 194 323 190 332 201 372 210 399 212 401 213 409 179 443 171 462 159 473 157 479 165 493 172 485 193 473 183 458 191 453 223 455 235 456 274 472 321 495 335 487 388 477 393 489 416 488 472 506 481 506 505 491 512 469 501 443 508 435 514 429 497 448 541 436 553 439 582 435 595 432 608 437 609 435 623 420 632 395 626 387 614 369 605 337 605 337 620 355 623 361 649 362 670 399 669 403 650 459 618 458 603 485 573 486 568 519 576 525 549 516 531 554 535 568 531 568 525 568 542 566 542 576 557 584 555 590 534 586 495 586 451 609 433 595 394 592 387 588 376 576 390 564 409 521 412 535 427 527 473 466 470 465 533 415 498 392 505 355 504 349 489 316 476 298 485 304 518 285 524 286 539 265 530 256 529 254 530 232 505 240 479 191 468 191 420 200 419 221 429 216 442 149 440 105 441 105 416 124 416 132 401 165 403 164 377 167 377 176 375 182 385 191 356 228 328 221 264 293 270 331 255 340 259 338 290 346 311 339 325 368 335 379 343 397 369 421 387 428 393 439 402 451 381 453 372 489 378 499 387 542 370 544 363 526 349 514 294 515 251 489 242 489 219 465 220 450 229 437 227 448 199 478 194 507 185 528 198 531 197 538 194 541 209 547 227 549 244 564 239 570 226 575 257 553 265 605 282 585 318 581 326 598 352 623 363 612 380 639 402 665 405 665 393 670 428 702 397 727 404 730 412 725 415 729 388 731 390 639 334 540 416 565 445 494 456 484 483 462 487 388 480 373 408 452 411 466 371 435 337 376 288 343 312 265 312 205 336 176 342 163 309 145 309 203 376 221 365 309 362 279 457 309 530 327 531 325 551 330 551 333 557 353 555 362 549 362 564 359 574 310 562 309 561 282 581 253 591 229 570 213 523 168 459 169 436 452 550 507 579 528 604 414 606 391 618 453 235 431 205 410 157 394 139 395 115 403 116 395 96 419 76 444 101 449 115 436 117 451 132 471 141 474 147 474 124 486 191 464 219 537 248 559 324 406 326 317 340 286 275 307 166 346 157 361 180 370 180 313 477 315 536 400 400
129 3 8 15 22 25 26 36 37 38 40 47 48 62 63 64 67 71 72 89 90 106 117 121 125 135 155 172 175 181 194 195 197 210 230 232 245 254 258 272 274 285 287 301 303 317 330 336 343 351 356 378 386 387 392 395 403 413 431 440 446 459 461 466 469 475 481 489 491 506 525 556 558 561 571 572 584 605 614 616 617 624 628 635 638 647 651 654 664 674 675 677 687 689 704 708 731 735 744 758 766 770 781 789 792 793 795 797 798 807 808 813 826 835 837 857 861 869 872 885 898 916 930 933 966 983 986 987 989 993
260 400 400 379 395 359 396 384 412 382 421 376 420 326 421 294 415 301 369 312 378 274 380 243 381 243 343 262 348 284 346 297 331 284 309 272 301 249 312 229 271 212 255 221 237 250 242 279 245 287 221 307 194 323 190 332 201 372 210 399 212 401 213 409 179 443 171 462 159 473 157 479 165 493 172 485 193 473 183 458 191 453 223 455 235 456 274 472 321 495 335 487 388 477 393 489 416 488 472 506 481 506 505 491 512 469 501 443 508 435 514 429 497 448 541 436 553 439 582 435 595 432 608 437 609 435 623 420 632 395 626 387 614 369 605 337 605 337 620 355 623 361 649 362 670 399 669 403 650 459 618 458 603 485 573 486 568 519 576 525 549 516 531 554 535 568 531 568 525 568 542 566 542 576 557 584 555 590 534 586 495 586 451 609 433 595 394 592 387 588 376 576 390 564 409 521 412 535 427 527 473 466 470 465 533 415 498 392 505 355 504 349 489 316 476 298 485 304 518 285 524 286 539 265 530 256 529 254 530 232 505 240 479 191 468 191 420 200 419 221 429 216 442 149 440 105 441 105 416 124 416 132 401 165 403 164 377 167 377 176 375 182 385 191 356 228 328 221 264 293 270 331 255 340 259 338 290 346 311 339 325 368 335 379 343 397 369 421 387 428 393 439 402 451 381 453 372 489 378 499 387 542 370 544 363 526 349 514 294 515 251 489 242 489 219 465 220 450 229 437 227 448 199 478 194 507 185 528 198 531 197 538 194 541 209 547 227 549 244 564 239 570 226 575 257 553 265 605 282 585 318 581 326 598 352 623 363 612 380 639 402 665 405 665 393 670 428 702 397 727 404 730 412 725 415 729 388 731 390 639 334 540 416 565 445 494 456 484 483 462 487 388 480 373 408 452 411 466 371 435 337 376 288 343 312 265 312 205 336 176 342 163 309 145 309 203 376 221 365 309 362 279 457 309 530 327 531 325 551 330 551 333 557 353 555 362 549 362 564 359 574 310 562 309 561 282 581 253 591 229 570 213 523 168 459 169 436 452 550 507 579 528 604 414 606 391 618 453 235 431 205 410 157 394 139 395 115 403 116 395 96 444 101 449 115 436 117 451 132 471 141 474 147 474 124 486 191 464 219 537 248 559 324 406 326 317 340 286 275 307 166 346 157 361 180 370 180 313 477 400 400
128 3 8 15 22 25 26 36 37 38 40 47 48 62 63 64 67 71 72 89 90 106 117 121 125 135 155 172 175 181 194 195 197 210 230 232 245 254 258 272 274 285 287 301 303 317 330 336 343 351 356 378 386 387 392 395 403 413 431 440 446 459 461 466 469 475 481 489 506 525 556 558 561 571 572 584 605 614 616 617 624 628 635 638 647 651 654 664 674 675 677 687 689 704 708 731 735 744 758 766 770 781 789 792 793 795 797 798 807 808 813 826 835 837 857 861 869 872 885 898 916 930 933 966 983 986 987 989 993
258 400 400 379 395 359 396 384 412 382 421 376 420 326 421 294 415 301 369 312 378 274 380 243 381 243 343 262 348 284 346 297 331 284 309 272 301 249 312 229 271 212 255 221 237 250 242 279 245 287 221 307 194 323 190 332 201 372 210 399 212 401 213 409 179 443 171 462 159 473 157 479 165 493 172 485 193 473 183 458 191 453 223 455 235 456 274 472 321 495 335 487 388 477 393 489 416 488 472 506 481 506 505 491 512 469 501 443 508 435 514 429 497 448 541 436 553 439 582 435 595 432 608 437 609 435 623 420 632 395 626 387 614 369 605 337 605 337 620 355 623 361 649 362 670 399 669 403 650 459 618 458 603 485 573 486 568 519 576 525 549 516 531 554 535 568 531 568 525 568 542 566 542 576 557 584 555 590 534 586 495 586 451 609 433 595 394 592 387 588 376 576 390 564 409 521 412 535 427 527 473 466 470 465 533 415 498 392 505 355 504 349 489 316 476 298 485 304 518 285 524 286 539 265 530 256 529 254 530 232 505 240 479 191 468 191 420 200 419 221 429 216 442 149 440 105 441 105 416 124 416 132 401 165 403 164 377 167 377 176 375 182 385 191 356 228 328 221 264 293 270 331 255 340 259 338 290 346 311 339 325 368 335 379 343 397 369 421 387 428 393 439 402 451 381 453 372 489 378 499 387 542 370 544 363 526 349 514 294 515 251 489 242 489 219 465 220 450 229 437 227 448 199 478 194 507 185 528 198 531 197 538 194 541 209 547 227 549 244 564 239 570 226 575 257 553 265 605 282 585 318 581 326 598 352 623 363 612 380 639 402 665 405 665 393 670 428 702 397 727 404 730 412 725 415 729 388 731 390 639 334 540 416 565 445 494 456 484 483 462 487 388 480 373 408 452 411 466 371 435 337 376 288 343 312 265 312 205 336 176 342 163 309 145 309 203 376 221 365 309 362 279 457 309 530 327 531 325 551 330 551 333 557 353 555 362 549 362 564 359 574 310 562 309 561 282 581 253 591 229 570 213 523 168 459 169 436 452 550 507 579 528 604 414 606 391 618 453 235 431 205 410 157 394 139 395 115 403 116 395 96 436 117 449 115 451 132 471 141 474 147 474 124 486 191 464 219 537 248 559 324 406 326 317 340 286 275 307 166 346 157 361 180 370 180 400 400
127 3 8 15 22 25 26 36 37 38 40 47 48 62 63 64 67 71 72 89 90 106 117 121 125 135 155 172 175 181 194 195 197 210 230 232 245 254 258 272 274 285 287 301 303 317 330 336 343 351 356 378 386 387 392 395 403 413 431 440 446 459 461 466 469 475 481 489 506 525 556 558 561 571 572 584 605 614 616 617 628 635 638 647 651 654 664 674 675 677 687 689 704 708 731 735 744 758 766 770 781 789 792 793 795 797 798 807 808 813 826 835 837 857 861 869 872 885 898 916 930 933 966 983 986 987 989 993
256 400 400 379 395 359 396 384 412 382 421 376 420 326 421 294 415 301 369 312 378 274 380 243 381 243 343 262 348 284 346 297 331 284 309 272 301 249 312 229 271 212 255 221 237 250 242 279 245 287 221 307 194 323 190 332 201 372 210 399 212 401 213 409 179 443 171 462 159 473 157 479 165 493 172 485 193 473 183 458 191 453 223 455 235 456 274 472 321 495 335 487 388 477 393 489 416 488 472 506 481 506 505 491 512 469 501 443 508 435 514 429 497 448 541 436 553 439 582 435 595 432 608 437 609 435 623 420 632 395 626 387 614 369 605 337 605 337 620 355 623 361 649 362 670 399 669 403 650 459 618 458 603 485 573 486 568 519 576 525 549 516 531 554 535 568 531 568 525 568 542 566 542 576 557 584 555 590 534 586 495 586 451 609 433 595 394 592 387 588 376 576 390 564 409 521 412 535 427 527 473 466 470 465 533 415 498 392 505 355 504 349 489 316 476 298 485 304 518 285 524 286 539 265 530 256 529 254 530 232 505 240 479 191 468 191 420 200 419 221 429 216 442 149 440 105 441 105 416 124 416 132 401 165 403 164 377 167 377 176 375 182 385 191 356 228 328 221 264 293 270 331 255 340 259 338 290 346 311 339 325 368 335 379 343 397 369 421 387 428 393 439 402 451 381 453 372 489 378 499 387 542 370 544 363 526 349 514 294 515 251 489 242 489 219 465 220 450 229 437 227 448 199 478 194 507 185 528 198 531 197 538 194 541 209 547 227 549 244 564 239 570 226 575 257 553 265 605 282 585 318 581 326 598 352 623 363 612 380 639 402 665 405 665 393 670 428 702 397 727 404 730 412 725 415 729 388 731 390 540 416 565 445 494 456 484 483 462 487 388 480 373 408 452 411 466 371 435 337 376 288 370 180 361 180 346 157 307 166 410 157 394 139 395 115 403 116 395 96 436 117 449 115 451 132 471 141 474 147 474 124 486 191 464 219 537 248 559 324 406 326 317 340 309 362 221 365 203 376 205 336 176 342 163 309 145 309 265 312 286 275 279 457 309 530 327 531 325 551 330 551 333 557 353 555 362 549 362 564 359 574 310 562 309 561 282 581 253 591 229 570 213 523 168 459 169 436 452 550 507 579 528 604 414 606 391 618 453 235 431 205 400 400
126 3 8 15 22 25 26 36 37 38 40 47 48 62 63 64 67 71 72 89 90 106 117 121 125 135 155 172 175 181 194 195 197 210 230 232 245 254 258 272 274 285 287 301 303 317 330 336 343 351 356 378 386 387 392 395 403 413 431 440 446 459 461 466 469 475 481 489 506 525 556 558 561 571 572 584 605 614 616 617 628 635 638 647 651 654 664 674 677 687 689 704 708 731 735 744 758 766 770 781 789 792 793 795 797 798 807 808 813 826 835 837 857 861 869 872 885 898 916 930 933 966 983 986 987 989 993
254 400 400 379 395 359 396 384 412 382 421 376 420 326 421 294 415 301 369 312 378 274 380 243 381 243 343 262 348 284 346 297 331 284 309 272 301 249 312 229 271 212 255 221 237 250 242 279 245 287 221 307 194 323 190 332 201 372 210 399 212 401 213 409 179 443 171 462 159 479 165 493 172 485 193 473 183 458 191 453 223 455 235 456 274 472 321 495 335 487 388 477 393 489 416 488 472 506 481 506 505 491 512 469 501 443 508 435 514 429 497 448 541 436 553 439 582 435 595 432 608 437 609 435 623 420 632 395 626 387 614 369 605 337 605 337 620 355 623 361 649 362 670 399 669 403 650 459 618 458 603 485 573 486 568 519 576 525 549 516 531 554 535 568 531 568 525 568 542 566 542 576 557 584 555 590 534 586 495 586 451 609 433 595 394 592 387 588 376 576 390 564 409 521 412 535 427 527 473 466 470 465 533 415 498 392 505 355 504 349 489 316 476 298 485 304 518 285 524 286 539 265 530 256 529 254 530 232 505 240 479 191 468 191 420 200 419 221 429 216 442 149 440 105 441 105 416 124 416 132 401 165 403 164 377 167 377 176 375 182 385 191 356 228 328 221 264 293 270 331 255 340 259 338 290 346 311 339 325 368 335 379 343 397 369 421 387 428 393 439 402 451 381 453 372 489 378 499 387 542 370 544 363 526 349 514 294 515 251 489 242 489 219 465 220 450 229 437 227 448 199 478 194 507 185 528 198 531 197 538 194 541 209 547 227 549 244 564 239 570 226 575 257 553 265 605 282 585 318 581 326 598 352 623 363 612 380 639 402 665 405 665 393 670 428 702 397 727 404 730 412 725 415 729 388 731 390 540 416 565 445 494 456 484 483 462 487 388 480 373 408 452 411 466 371 435 337 376 288 370 180 361 180 346 157 410 157 394 139 395 115 403 116 395 96 436 117 449 115 451 132 471 141 474 147 474 124 486 191 464 219 537 248 559 324 406 326 317 340 309 362 221 365 203 376 205 336 176 342 163 309 145 309 265 312 286 275 279 457 309 530 327 531 325 551 330 551 333 557 353 555 362 549 362 564 359 574 310 562 309 561 282 581 253 591 229 570 213 523 168 459 169 436 452 550 507 579 528 604 414 606 391 618 453 235 431 205 400 400
125 3 8 15 22 25 26 36 37 38 40 47 48 62 63 64 67 71 89 90 106 117 121 125 135 155 172 175 181 194 195 197 210 230 232 245 254 258 272 274 285 287 301 303 317 330 336 343 351 356 378 386 387 392 395 403 413 431 440 446 459 461 466 469 475 481 489 506 525 556 558 561 571 572 584 605 614 616 617 628 635 638 647 651 654 664 674 677 687 689 704 708 731 735 744 758 766 770 781 789 792 793 795 797 798 807 808 813 826 835 837 857 861 869 872 885 898 916 930 933 966 983 986 987 989 993
252 400 400 379 395 359 396 384 412 382 421 376 420 326 421 294 415 301 369 312 378 274 380 243 381 243 343 262 348 284 346 297 331 284 309 272 301 249 312 229 271 212 255 221 237 250 242 279 245 287 221 307 194 323 190 332 201 372 210 399 212 401 213 409 179 443 171 462 159 479 165 493 172 485 193 473 183 458 191 453 223 455 235 456 274 472 321 495 335 487 388 477 393 489 416 488 472 506 481 506 505 491 512 469 501 443 508 435 514 429 497 448 541 436 553 439 582 435 595 432 608 437 609 435 623 420 632 395 626 387 614 369 605 337 605 337 620 355 623 361 649 362 670 399 669 403 650 459 618 458 603 485 573 486 568 519 576 525 549 516 531 554 535 568 531 568 525 568 542 566 542 576 557 584 555 590 534 586 495 586 451 609 433 595 394 592 387 588 376 576 390 564 409 521 412 535 427 527 473 466 470 465 533 415 498 392 505 355 504 349 489 316 476 298 485 304 518 285 524 286 539 265 530 256 529 254 530 232 505 240 479 191 468 191 420 200 419 221 429 216 442 149 440 105 441 105 416 124 416 132 401 165 403 164 377 167 377 176 375 182 385 191 356 228 328 221 264 293 270 331 255 340 259 338 290 346 311 339 325 368 335 379 343 397 369 421 387 428 393 439 402 451 381 453 372 489 378 499 387 542 370 544 363 526 349 514 294 515 251 489 242 489 219 465 220 450 229 437 227 448 199 478 194 507 185 528 198 531 197 538 194 541 209 547 227 549 244 564 239 570 226 575 257 605 282 585 318 581 326 598 352 623 363 612 380 639 402 665 405 665 393 670 428 702 397 727 404 730 412 725 415 729 388 731 390 540 416 494 456 484 483 462 487 388 480 373 408 452 411 466 371 435 337 376 288 370 180 361 180 346 157 410 157 394 139 395 115 403 116 395 96 436 117 449 115 451 132 471 141 474 147 474 124 486 191 464 219 537 248 559 324 406 326 317 340 309 362 221 365 203 376 205 336 176 342 163 309 145 309 265 312 286 275 279 457 309 530 327 531 325 551 330 551 333 557 353 555 362 549 362 564 359 574 310 562 309 561 282 581 253 591 229 570 213 523 168 459 169 436 452 550 507 579 528 604 414 606 391 618 453 235 431 205 400 400
124 3 8 15 22 25 26 36 37 38 40 47 48 62 63 64 67 71 89 90 106 117 121 125 135 155 172 175 181 194 195 197 210 230 232 245 254 258 272 274 285 287 301 303 317 330 336 343 351 356 378 386 387 392 395 403 413 431 440 446 459 461 466 469 475 481 489 506 525 558 561 571 572 584 605 614 616 617 628 635 638 647 651 654 664 674 677 687 689 704 708 731 735 744 758 766 770 781 789 792 793 795 797 798 807 808 813 826 835 837 857 861 869 872 885 898 916 930 933 966 983 986 987 989 993
250 400 400 379 395 359 396 384 412 382 421 376 420 326 421 294 415 301 369 312 378 274 380 243 381 243 343 262 348 284 346 297 331 284 309 272 301 249 312 229 271 212 255 221 237 250 242 279 245 287 221 307 194 323 190 332 201 372 210 399 212 401 213 409 179 443 171 462 159 479 165 493 172 485 193 473 183 458 191 453 223 455 235 456 274 472 321 495 335 487 388 477 393 489 416 488 472 506 481 506 505 491 512 469 501 443 508 435 514 429 497 448 541 436 553 439 582 435 595 432 608 437 609 435 623 420 632 395 626 387 614 369 605 337 605 337 620 355 623 361 649 362 670 399 669 403 650 459 618 458 603 485 573 486 568 519 576 525 549 516 531 554 535 568 531 568 525 568 542 566 542 576 557 584 555 590 534 586 495 586 451 609 433 595 394 592 387 588 376 576 390 564 409 521 412 535 427 527 473 466 470 465 533 415 498 392 505 355 504 349 489 316 476 298 485 304 518 285 524 286 539 265 530 256 529 254 530 232 505 240 479 191 468 191 420 200 419 221 429 216 442 149 440 105 441 105 416 124 416 132 401 165 403 164 377 167 377 176 375 182 385 191 356 228 328 221 264 293 270 331 255 340 259 338 290 346 311 339 325 368 335 379 343 397 369 421 387 428 393 439 402 451 381 453 372 489 378 499 387 542 370 544 363 526 349 514 294 515 251 489 242 489 219 465 220 450 229 437 227 448 199 478 194 507 185 528 198 531 197 538 194 541 209 547 227 549 244 564 239 570 226 575 257 605 282 585 318 581 326 598 352 623 363 612 380 639 402 665 405 665 393 670 428 702 397 727 404 730 412 725 415 729 388 731 390 540 416 494 456 484 483 462 487 388 480 373 408 452 411 466 371 435 337 376 288 370 180 361 180 346 157 410 157 394 139 395 115 403 116 395 96 449 115 451 132 471 141 474 147 474 124 486 191 464 219 537 248 559 324 406 326 317 340 309 362 221 365 203 376 205 336 176 342 163 309 145 309 265 312 279 457 309 530 327 531 325 551 330 551 333 557 353 555 362 549 362 564 359 574 310 562 309 561 282 581 253 591 229 570 213 523 168 459 169 436 452 550 507 579 528 604 414 606 391 618 453 235 431 205 400 400
123 3 8 15 22 25 26 36 37 38 40 47 48 62 63 64 67 71 89 90 106 117 121 125 135 155 172 175 181 194 195 197 210 230 232 245 254 258 272 274 285 287 301 303 317 330 336 343 356 378 386 387 392 395 403 413 431 440 446 459 461 466 469 475 481 489 506 525 558 561 571 572 584 605 614 616 617 628 635 638 647 651 654 664 674 677 687 689 704 708 731 735 744 758 766 770 781 789 792 793 795 797 798 807 808 813 826 835 837 857 861 869 872 885 898 916 930 933 966 983 986 987 989 993
248 400 400 379 395 359 396 384 412 382 421 376 420 326 421 294 415 301 369 312 378 274 380 243 381 243 343 262 348 284 346 297 331 284 309 272 301 249 312 229 271 212 255 221 237 250 242 279 245 287 221 307 194 323 190 332 201 372 210 399 212 401 213 409 179 443 171 462 159 479 165 493 172 485 193 473 183 458 191 453 223 455 235 456 274 472 321 495 335 487 388 477 393 489 416 488 472 506 481 506 505 491 512 469 501 443 508 435 514 429 497 448 541 436 553 439 582 435 595 432 608 437 609 435 623 420 632 395 626 387 614 369 605 337 605 337 620 355 623 361 649 362 670 399 669 403 650 459 618 458 603 485 573 486 568 519 576 525 549 516 531 554 535 568 531 568 525 568 542 566 542 576 557 584 555 590 534 586 495 586 451 609 433 595 394 592 387 588 376 576 390 564 409 521 412 535 427 527 473 466 470 465 533 415 498 392 505 355 504 349 489 316 476 298 485 304 518 285 524 286 539 265 530 256 529 254 530 232 505 240 479 191 468 191 420 200 419 221 429 216 442 149 440 105 441 105 416 124 416 132 401 165 403 164 377 167 377 176 375 182 385 191 356 228 328 221 264 293 270 331 255 340 259 338 290 346 311 339 325 368 335 379 343 397 369 421 387 428 393 439 402 451 381 453 372 489 378 499 387 542 370 544 363 526 349 514 294 515 251 489 242 489 219 465 220 450 229 437 227 448 199 478 194 507 185 528 198 531 197 538 194 541 209 547 227 549 244 564 239 570 226 575 257 605 282 585 318 581 326 598 352 623 363 612 380 639 402 665 405 665 393 670 428 702 397 727 404 730 412 725 415 729 388 731 390 540 416 494 456 484 483 462 487 388 480 373 408 452 411 466 371 435 337 376 288 370 180 361 180 346 157 410 157 394 139 395 115 403 116 395 96 449 115 451 132 471 141 474 147 486 191 537 248 559 324 406 326 317 340 309 362 221 365 203 376 205 336 176 342 163 309 145 309 265 312 279 457 309 530 327 531 325 551 330 551 333 557 353 555 362 549 362 564 359 574 310 562 309 561 282 581 253 591 229 570 213 523 168 459 169 436 452 550 507 579 528 604 414 606 391 618 453 235 431 205 400 400
122 3 8 15 22 25 26 36 37 38 40 47 48 62 63 64 67 71 89 90 106 117 121 125 135 155 172 175 181 194 195 197 210 230 232 245 254 258 272 274 285 287 301 303 317 330 336 343 356 378 386 387 392 395 403 413 431 440 446 459 461 466 469 481 489 506 525 558 561 571 572 584 605 614 616 617 628 635 638 647 651 654 664 674 677 687 689 704 708 731 735 744 758 766 770 781 789 792 793 795 797 798 807 808 813 826 835 837 857 861 869 872 885 898 916 930 933 966 983 986 987 989 993
246 400 400 379 395 359 396 384 412 382 421 376 420 326 421 312 378 301 369 274 380 243 381 243 343 262 348 284 346 297 331 284 309 272 301 249 312 229 271 212 255 221 237 250 242 279 245 287 221 307 194 323 190 332 201 372 210 399 212 401 213 409 179 443 171 462 159 479 165 493 172 485 193 473 183 458 191 453 223 455 235 456 274 472 321 495 335 487 388 477 393 489 416 488 472 506 481 506 505 491 512 469 501 443 508 435 514 429 497 448 541 436 553 439 582 435 595 432 608 437 609 435 623 420 632 395 626 387 614 369 605 337 605 337 620 355 623 361 649 362 670 399 669 403 650 459 618 458 603 485 573 486 568 519 576 525 549 516 531 554 535 568 531 568 525 568 542 566 542 576 557 584 555 590 534 586 495 586 451 609 433 595 394 592 387 588 376 576 390 564 409 521 412 535 427 527 473 466 470 465 533 415 498 392 505 355 504 349 489 316 476 298 485 304 518 285 524 286 539 265 530 256 529 254 530 232 505 240 479 191 468 191 420 200 419 221 429 216 442 149 440 105 441 105 416 124 416 132 401 165 403 164 377 167 377 176 375 182 385 191 356 228 328 221 264 293 270 331 255 340 259 338 290 346 311 339 325 368 335 379 343 397 369 421 387 428 393 439 402 451 381 453 372 489 378 499 387 542 370 544 363 526 349 514 294 515 251 489 242 489 219 465 220 450 229 437 227 448 199 478 194 507 185 528 198 531 197 538 194 541 209 547 227 549 244 564 239 570 226 575 257 605 282 585 318 581 326 598 352 623 363 612 380 639 402 665 405 665 393 702 397 727 404 730 412 725 415 729 388 731 390 540 416 494 456 484 483 462 487 388 480 373 408 452 411 466 371 435 337 376 288 370 180 361 180 346 157 410 157 394 139 395 115 403 116 395 96 449 115 451 132 471 141 474 147 486 191 537 248 559 324 406 326 317 340 309 362 221 365 203 376 205 336 176 342 163 309 145 309 265 312 279 457 309 530 327 531 325 551 330 551 333 557 353 555 362 549 362 564 359 574 310 562 309 561 282 581 253 591 229 570 213 523 168 459 169 436 452 550 507 579 528 604 414 606 391 618 453 235 431 205 400 400
121 3 8 15 22 25 26 36 37 38 40 47 48 62 63 64 67 71 89 90 106 117 121 125 135 155 172 175 181 194 195 197 210 230 232 245 254 258 272 274 285 287 301 303 317 330 336 343 356 378 386 387 392 395 403 413 431 446 459 461 466 469 481 489 506 525 558 561 571 572 584 605 614 616 617 628 635 638 647 651 654 664 674 677 687 689 704 708 731 735 744 758 766 770 781 789 792 793 795 797 798 807 808 813 826 835 837 857 861 869 872 885 898 916 930 933 966 983 986 987 989 993
244 400 400 379 395 359 396 384 412 382 421 376 420 326 421 312 378 301 369 274 380 243 381 243 343 262 348 284 346 297 331 284 309 272 301 249 312 229 271 212 255 221 237 250 242 279 245 287 221 307 194 323 190 332 201 372 210 399 212 401 213 409 179 443 171 462 159 479 165 493 172 485 193 473 183 458 191 453 223 455 235 456 274 472 321 495 335 487 388 477 393 489 416 488 472 506 481 506 505 491 512 469 501 443 508 435 514 429 497 448 541 436 553 439 582 435 595 432 608 437 609 435 623 420 632 395 626 387 614 369 605 337 605 337 620 355 623 361 649 362 670 399 669 403 650 459 618 458 603 485 573 486 568 519 576 525 549 516 531 554 535 568 531 568 525 568 542 566 542 576 557 584 555 590 534 586 495 586 451 609 433 595 394 592 387 588 376 576 390 564 409 521 412 535 427 527 473 466 470 465 533 415 498 392 505 355 504 349 489 316 476 298 485 304 518 285 524 286 539 265 530 256 529 254 530 232 505 240 479 191 468 191 420 200 419 221 429 216 442 149 440 105 441 105 416 124 416 132 401 165 403 164 377 167 377 176 375 182 385 191 356 228 328 221 264 293 270 331 255 340 259 338 290 346 311 339 325 368 335 379 343 397 369 421 387 428 393 439 402 451 381 453 372 489 378 499 387 542 370 544 363 526 349 514 294 515 251 489 242 489 219 465 220 450 229 437 227 448 199 478 194 507 185 528 198 531 197 538 194 541 209 547 227 549 244 564 239 570 226 575 257 585 318 581 326 598 352 623 363 612 380 639 402 665 405 665 393 702 397 727 404 730 412 725 415 729 388 731 390 540 416 494 456 484 483 462 487 388 480 373 408 452 411 466 371 435 337 376 288 370 180 361 180 346 157 410 157 394 139 395 115 403 116 395 96 449 115 451 132 471 141 474 147 486 191 537 248 559 324 406 326 317 340 309 362 221 365 203 376 205 336 176 342 163 309 265 312 279 457 309 530 327 531 325 551 330 551 333 557 353 555 362 549 362 564 359 574 310 562 309 561 282 581 253 591 229 570 213 523 168 459 169 436 452 550 507 579 528 604 414 606 391 618 453 235 431 205 400 400
120 3 8 15 22 25 26 36 37 38 40 47 48 62 63 64 67 71 89 90 106 117 121 125 135 155 172 175 181 194 195 197 210 230 232 245 254 258 272 274 285 287 301 303 317 330 336 343 356 378 386 387 392 395 403 413 431 446 459 461 466 469 481 489 506 525 558 561 571 572 584 605 614 616 617 628 635 638 647 651 654 664 674 677 687 689 704 708 731 735 744 758 766 770 781 789 792 793 795 797 798 807 808 813 826 835 837 857 861 869 872 885 898 916 933 966 983 986 987 989 993
242 400 400 379 395 359 396 384 412 382 421 376 420 326 421 312 378 301 369 274 380 243 381 243 343 262 348 284 346 297 331 284 309 272 301 249 312 229 271 212 255 221 237 250 242 279 245 287 221 307 194 323 190 332 201 372 210 399 212 401 213 409 179 443 171 462 159 479 165 493 172 485 193 473 183 458 191 453 223 455 235 456 274 472 321 495 335 487 388 477 393 489 416 488 472 506 481 506 505 491 512 469 501 443 508 435 514 429 497 448 541 436 553 439 582 435 595 432 608 437 609 435 623 420 632 395 626 387 614 369 605 337 605 337 620 355 623 361 649 362 670 399 669 403 650 459 618 458 603 485 573 486 568 519 576 525 549 516 531 554 535 568 531 568 525 568 542 566 542 576 557 584 555 590 534 586 495 586 451 609 433 595 394 592 387 588 376 576 390 564 409 521 412 535 427 527 473 466 470 465 533 415 498 392 505 355 504 349 489 316 476 298 485 304 518 285 524 286 539 265 530 256 529 254 530 232 505 240 479 191 468 191 420 200 419 221 429 216 442 149 440 105 441 105 416 124 416 132 401 165 403 164 377 167 377 176 375 182 385 191 356 228 328 221 264 293 270 331 255 338 290 346 311 339 325 368 335 379 343 397 369 421 387 428 393 439 402 451 381 453 372 489 378 499 387 542 370 544 363 526 349 514 294 515 251 489 242 489 219 465 220 450 229 437 227 448 199 478 194 507 185 528 198 531 197 538 194 541 209 547 227 549 244 564 239 570 226 575 257 585 318 581 326 598 352 623 363 612 380 639 402 665 405 665 393 702 397 727 404 730 412 725 415 729 388 731 390 540 416 494 456 484 483 462 487 388 480 373 408 452 411 466 371 435 337 376 288 370 180 361 180 346 157 410 157 394 139 395 115 403 116 395 96 449 115 451 132 471 141 474 147 486 191 537 248 559 324 406 326 317 340 309 362 221 365 203 376 205 336 176 342 163 309 265 312 279 457 309 530 327 531 325 551 330 551 333 557 353 555 362 549 362 564 359 574 310 562 309 561 282 581 253 591 229 570 213 523 168 459 169 436 452 550 507 579 528 604 414 606 453 235 431 205 400 400
119 3 8 15 22 25 26 36 37 38 40 47 48 62 63 64 67 71 89 90 106 117 121 125 135 155 172 175 181 194 195 197 210 230 232 245 254 258 272 274 285 287 301 303 317 330 336 343 356 378 386 387 392 395 403 413 431 446 459 461 466 481 489 506 525 558 561 571 572 584 605 614 616 617 628 635 638 647 651 654 664 674 677 687 689 704 708 731 735 744 758 766 770 781 789 792 793 795 797 798 807 808 813 826 835 837 857 861 869 872 885 898 916 933 966 983 986 987 989 993
240 400 400 379 395 359 396 384 412 382 421 376 420 326 421 312 378 301 369 274 380 243 381 243 343 262 348 284 346 297 331 284 309 272 301 249 312 229 271 212 255 221 237 250 242 279 245 287 221 307 194 323 190 332 201 372 210 399 212 401 213 409 179 443 171 462 159 479 165 493 172 485 193 473 183 458 191 453 223 455 235 456 274 472 321 495 335 487 388 477 393 489 416 488 472 506 481 506 505 491 512 469 501 443 508 435 514 429 497 448 541 436 553 439 582 435 595 432 608 437 609 435 623 420 632 395 626 387 614 369 605 337 605 337 620 355 623 361 649 362 670 399 669 403 650 459 618 458 603 485 573 486 568 519 576 525 549 516 531 554 535 568 531 568 525 568 542 566 542 576 557 584 555 590 534 586 495 586 451 609 433 595 394 592 387 588 376 576 390 564 409 521 412 535 427 527 473 466 470 465 533 415 498 392 505 355 504 349 489 316 476 298 485 304 518 285 524 286 539 265 530 256 529 254 530 232 505 240 479 191 468 191 420 200 419 221 429 216 442 149 440 105 441 105 416 124 416 132 401 165 403 164 377 167 377 176 375 182 385 191 356 228 328 221 264 293 270 331 255 338 290 346 311 339 325 368 335 379 343 397 369 421 387 428 393 439 402 451 381 453 372 489 378 499 387 542 370 544 363 526 349 514 294 515 251 489 242 489 219 465 220 450 229 437 227 448 199 478 194 507 185 528 198 531 197 538 194 541 209 547 227 549 244 564 239 575 257 585 318 581 326 598 352 623 363 612 380 639 402 665 405 665 393 702 397 727 404 730 412 725 415 729 388 731 390 540 416 494 456 484 483 462 487 388 480 373 408 452 411 466 371 435 337 376 288 370 180 361 180 346 157 410 157 394 139 395 115 403 116 395 96 449 115 451 132 471 141 474 147 486 191 537 248 559 324 406 326 317 340 309 362 221 365 203 376 205 336 176 342 163 309 265 312 279 457 309 530 327 531 325 551 330 551 333 557 353 555 362 549 362 564 359 574 310 562 309 561 282 581 253 591 229 570 213 523 168 459 169 436 452 550 507 579 528 604 453 235 431 205 400 400
118 3 8 15 22 25 26 36 37 38 40 47 48 62 63 64 67 71 89 90 106 117 121 125 135 155 172 175 181 194 195 197 210 230 232 245 254 258 272 274 285 287 301 303 317 330 336 343 356 378 386 387 392 395 403 413 431 446 459 461 466 481 489 506 525 558 561 571 572 584 605 614 616 617 628 635 638 647 651 654 664 674 677 687 689 704 708 731 735 744 758 766 770 781 789 792 793 795 797 798 807 808 813 826 837 857 861 869 872 885 898 916 933 966 983 986 987 989 993
238 400 400 379 395 359 396 384 412 382 421 376 420 326 421 312 378 301 369 274 380 243 381 243 343 262 348 284 346 297 331 284 309 272 301 249 312 229 271 212 255 221 237 250 242 279 245 287 221 307 194 323 190 332 201 372 210 399 212 401 213 409 179 443 171 458 191 473 183 485 193 493 172 479 165 471 141 449 115 403 116 395 96 361 180 331 255 293 270 346 311 339 325 317 340 368 335 379 343 397 369 421 387 428 393 451 381 477 393 487 388 489 416 540 416 535 427 564 409 595 394 592 387 588 376 612 380 623 363 639 402 665 405 665 393 702 397 727 404 730 412 725 415 729 388 731 390 609 433 586 451 586 495 590 534 568 531 568 525 566 542 554 535 516 531 506 505 491 512 469 501 443 508 435 514 429 497 388 480 349 489 355 504 362 549 353 555 333 557 330 551 325 551 309 561 310 562 286 539 285 524 304 518 298 485 316 476 279 457 216 442 221 429 191 420 169 436 168 459 191 468 149 440 105 441 105 416 124 416 132 401 165 403 167 377 176 375 182 385 191 356 221 365 228 328 265 312 309 362 338 290 376 288 406 326 472 321 495 335 526 349 544 363 559 324 581 326 585 318 598 352 575 257 564 239 549 244 537 248 515 251 489 242 489 219 465 220 453 223 450 229 453 235 455 235 437 227 456 274 453 372 466 371 489 378 499 387 452 411 439 402 373 408 462 487 484 483 488 472 506 481 527 473 568 542 519 576 507 579 485 573 486 568 452 550 448 541 436 553 439 582 435 595 432 608 437 609 435 623 420 632 395 626 387 614 369 605 337 605 337 620 355 623 361 649 362 670 399 669 403 650 459 618 458 603 465 533 466 470 415 498 392 505 362 564 359 574 327 531 265 530 256 529 254 530 232 505 240 479 213 523 229 570 282 581 309 530 200 419 203 376 164 377 176 342 163 309 221 264 346 157 370 180 410 157 394 139 395 115 451 132 474 147 478 194 486 191 507 185 528 198 531 197 538 194 541 209 547 227 514 294 542 370 576 390 521 412 494 456 525 549 576 557 584 555 435 337 431 205 448 199 205 336 253 591 400 400
117 3 8 15 22 25 26 36 37 38 40 47 48 62 63 64 67 71 89 90 106 117 121 125 135 155 172 175 181 194 195 197 210 230 232 245 254 258 272 274 285 287 301 303 317 330 336 343 356 378 386 387 392 395 403 413 431 446 459 461 466 481 489 506 525 558 561 571 572 584 605 614 616 617 628 635 638 647 651 654 664 674 677 687 689 704 708 731 735 744 758 766 770 781 792 793 795 797 798 807 808 813 826 837 857 861 869 872 885 898 916 933 966 983 986 987 989 993
236 400 400 379 395 359 396 384 412 382 421 376 420 326 421 312 378 301 369 274 380 243 381 243 343 262 348 284 346 297 331 284 309 272 301 249 312 229 271 212 255 221 237 250 242 279 245 287 221 307 194 323 190 332 201 372 210 399 212 401 213 409 179 443 171 458 191 473 183 485 193 493 172 479 165 471 141 449 115 403 116 395 96 361 180 331 255 293 270 346 311 339 325 317 340 368 335 379 343 397 369 421 387 428 393 451 381 477 393 487 388 489 416 540 416 535 427 564 409 595 394 592 387 588 376 612 380 623 363 639 402 665 405 665 393 702 397 727 404 730 412 725 415 729 388 731 390 609 433 586 451 586 495 590 534 568 531 568 525 566 542 554 535 516 531 506 505 491 512 469 501 443 508 435 514 429 497 388 480 349 489 355 504 362 549 353 555 333 557 330 551 325 551 309 561 310 562 286 539 285 524 304 518 298 485 316 476 279 457 216 442 221 429 191 420 169 436 168 459 191 468 149 440 105 441 105 416 124 416 132 401 165 403 167 377 176 375 182 385 191 356 221 365 228 328 265 312 309 362 338 290 376 288 406 326 472 321 495 335 526 349 544 363 559 324 581 326 585 318 598 352 575 257 564 239 549 244 537 248 515 251 489 242 489 219 465 220 453 223 450 229 453 235 455 235 437 227 456 274 453 372 466 371 489 378 499 387 452 411 439 402 373 408 462 487 484 483 488 472 506 481 527 473 568 542 519 576 507 579 485 573 486 568 452 550 448 541 436 553 439 582 435 595 432 608 437 609 435 623 420 632 395 626 387 614 369 605 337 605 337 620 355 623 361 649 362 670 399 669 403 650 459 618 458 603 465 533 466 470 415 498 392 505 362 564 359 574 327 531 265 530 256 529 254 530 232 505 240 479 213 523 229 570 282 581 309 530 200 419 203 376 164 377 176 342 163 309 221 264 346 157 370 180 410 157 394 139 395 115 451 132 474 147 478 194 486 191 507 185 528 198 531 197 538 194 541 209 448 199 431 205 435 337 514 294 542 370 576 390 521 412 494 456 525 549 576 557 584 555 205 336 400 400
116 3 8 15 22 25 26 36 37 38 40 47 48 62 63 64 67 89 90 106 117 121 125 135 155 172 175 181 194 195 197 210 230 232 245 254 258 272 274 285 287 301 303 317 330 336 343 356 378 386 387 392 395 403 413 431 446 459 461 466 481 489 506 525 558 561 571 572 584 605 614 616 617 628 635 638 647 651 654 664 674 677 687 689 704 708 731 735 744 758 766 770 781 792 793 795 797 798 807 808 813 826 837 857 861 869 872 885 898 916 933 966 983 986 987 989 993
234 400 400 379 395 359 396 384 412 382 421 376 420 326 421 312 378 301 369 274 380 243 381 243 343 262 348 284 346 297 331 284 309 272 301 249 312 229 271 212 255 221 237 250 242 279 245 287 221 307 194 323 190 332 201 372 210 399 212 401 213 409 179 443 171 458 191 473 183 485 193 493 172 479 165 471 141 449 115 403 116 395 96 361 180 331 255 293 270 346 311 339 325 317 340 368 335 379 343 397 369 421 387 428 393 451 381 477 393 487 388 489 416 540 416 535 427 564 409 595 394 592 387 588 376 612 380 623 363 639 402 665 405 665 393 702 397 727 404 730 412 725 415 729 388 731 390 609 433 586 451 586 495 590 534 568 531 568 525 566 542 554 535 516 531 506 505 491 512 469 501 443 508 435 514 429 497 388 480 349 489 355 504 362 549 353 555 333 557 330 551 325 551 309 561 310 562 286 539 285 524 304 518 298 485 316 476 279 457 216 442 221 429 191 420 169 436 168 459 191 468 149 440 105 441 105 416 124 416 132 401 165 403 167 377 176 375 182 385 191 356 221 365 228 328 265 312 309 362 338 290 376 288 406 326 472 321 495 335 526 349 544 363 559 324 581 326 585 318 598 352 575 257 564 239 549 244 537 248 515 251 489 242 489 219 465 220 453 223 450 229 453 235 455 235 437 227 456 274 453 372 466 371 489 378 499 387 452 411 439 402 373 408 462 487 484 483 488 472 506 481 527 473 568 542 519 576 507 579 485 573 486 568 452 550 448 541 436 553 439 582 435 595 432 608 437 609 435 623 420 632 395 626 387 614 369 605 337 605 337 620 355 623 361 649 362 670 399 669 403 650 459 618 458 603 465 533 466 470 415 498 392 505 362 564 359 574 327 531 265 530 256 529 254 530 232 505 240 479 213 523 229 570 282 581 309 530 200 419 203 376 164 377 176 342 163 309 221 264 346 157 370 180 410 157 394 139 395 115 451 132 474 147 478 194 486 191 507 185 528 198 531 197 538 194 448 199 431 205 435 337 514 294 542 370 576 390 521 412 494 456 525 549 576 557 584 555 400 400
115 3 8 15 22 25 26 36 37 38 40 47 48 62 63 64 67 89 90 106 117 121 125 135 155 172 181 194 195 197 210 230 232 245 254 258 272 274 285 287 301 303 317 330 336 343 356 378 386 387 392 395 403 413 431 446 459 461 466 481 489 506 525 558 561 571 572 584 605 614 616 617 628 635 638 647 651 654 664 674 677 687 689 704 708 731 735 744 758 766 770 781 792 793 795 797 798 807 808 813 826 837 857 861 869 872 885 898 916 933 966 983 986 987 989 993
232 400 400 379 395 359 396 384 412 382 421 376 420 326 421 312 378 301 369 274 380 243 381 243 343 262 348 284 346 297 331 284 309 272 301 249 312 229 271 212 255 221 237 250 242 279 245 287 221 307 194 323 190 332 201 372 210 399 212 401 213 409 179 443 171 458 191 473 183 485 193 493 172 479 165 471 141 449 115 403 116 395 96 361 180 331 255 293 270 346 311 339 325 317 340 368 335 379 343 397 369 421 387 428 393 451 381 477 393 487 388 489 416 540 416 535 427 564 409 595 394 592 387 588 376 612 380 623 363 639 402 665 405 665 393 702 397 727 404 730 412 725 415 729 388 731 390 609 433 586 451 586 495 590 534 568 531 568 525 566 542 554 535 516 531 506 505 491 512 469 501 443 508 435 514 429 497 388 480 349 489 355 504 362 549 353 555 333 557 330 551 325 551 309 561 310 562 282 581 285 524 304 518 298 485 316 476 279 457 216 442 221 429 191 420 169 436 168 459 191 468 149 440 105 441 105 416 124 416 132 401 165 403 167 377 176 375 182 385 191 356 221 365 228 328 265 312 309 362 338 290 376 288 406 326 472 321 495 335 526 349 544 363 559 324 581 326 585 318 598 352 575 257 564 239 549 244 537 248 515 251 489 242 489 219 465 220 453 223 450 229 453 235 455 235 437 227 431 205 478 194 486 191 507 185 528 198 531 197 538 194 474 147 451 132 394 139 410 157 346 157 456 274 453 372 466 371 489 378 499 387 452 411 439 402 462 487 484 483 488 472 494 456 506 481 527 473 568 542 519 576 507 579 485 573 486 568 452 550 448 541 436 553 439 582 435 595 432 608 437 609 435 623 420 632 395 626 387 614 369 605 337 605 337 620 355 623 361 649 362 670 399 669 403 650 459 618 458 603 465 533 466 470 415 498 392 505 362 564 359 574 327 531 265 530 256 529 254 530 232 505 240 479 213 523 229 570 309 530 200 419 203 376 164 377 176 342 163 309 221 264 370 180 395 115 448 199 435 337 514 294 542 370 576 390 521 412 525 549 576 557 584 555 400 400
114 3 8 15 22 25 26 36 37 38 40 47 48 62 63 64 67 89 90 106 117 121 125 135 155 172 181 194 195 197 210 230 232 245 254 258 272 274 285 287 301 303 317 330 336 343 356 378 387 392 395 403 413 431 446 459 461 466 481 489 506 525 558 561 571 572 584 605 614 616 617 628 635 638 647 651 654 664 674 677 687 689 704 708 731 735 744 758 766 770 781 792 793 795 797 798 807 808 813 826 837 857 861 869 872 885 898 916 933 966 983 986 987 989 993
230 400 400 379 395 359 396 384 412 382 421 376 420 326 421 312 378 301 369 274 380 243 381 243 343 262 348 284 346 297 331 284 309 272 301 249 312 229 271 212 255 221 237 250 242 279 245 287 221 307 194 323 190 332 201 372 210 399 212 401 213 409 179 443 171 458 191 473 183 485 193 493 172 479 165 471 141 449 115 403 116 395 96 361 180 331 255 293 270 346 311 339 325 317 340 368 335 379 343 397 369 421 387 428 393 451 381 477 393 487 388 489 416 540 416 535 427 564 409 595 394 592 387 588 376 612 380 623 363 639 402 665 405 665 393 702 397 727 404 730 412 725 415 729 388 731 390 609 433 586 451 586 495 590 534 568 531 568 525 566 542 554 535 516 531 506 505 491 512 469 501 443 508 435 514 429 497 388 480 349 489 355 504 362 549 353 555 333 557 330 551 325 551 309 561 310 562 282 581 285 524 304 518 298 485 316 476 279 457 216 442 221 429 191 420 169 436 168 459 191 468 149 440 105 441 105 416 124 416 132 401 165 403 167 377 176 375 182 385 191 356 221 365 228 328 265 312 309 362 338 290 376 288 406 326 472 321 495 335 526 349 544 363 559 324 581 326 585 318 598 352 575 257 564 239 549 244 537 248 515 251 489 242 489 219 465 220 453 223 450 229 453 235 455 235 437 227 431 205 478 194 486 191 507 185 528 198 531 197 538 194 474 147 451 132 394 139 410 157 346 157 456 274 453 372 466 371 489 378 499 387 452 411 439 402 462 487 484 483 488 472 494 456 506 481 527 473 568 542 519 576 507 579 485 573 486 568 452 550 448 541 436 553 439 582 435 595 432 608 437 609 435 623 420 632 395 626 387 614 369 605 337 605 337 620 355 623 361 649 362 670 399 669 403 650 459 618 458 603 465 533 466 470 415 498 392 505 362 564 359 574 327 531 265 530 256 529 254 530 213 523 229 570 240 479 200 419 203 376 164 377 176 342 163 309 221 264 370 180 395 115 448 199 435 337 514 294 542 370 576 390 521 412 525 549 576 557 584 555 400 400
113 3 8 15 22 25 26 36 37 38 40 47 48 62 63 64 67 89 90 106 117 121 125 135 155 172 181 194 195 197 210 230 232 245 254 258 272 274 285 287 303 317 330 336 343 356 378 387 392 395 403 413 431 446 459 461 466 481 489 506 525 558 561 571 572 584 605 614 616 617 628 635 638 647 651 654 664 674 677 687 689 704 708 731 735 744 758 766 770 781 792 793 795 797 798 807 808 813 826 837 857 861 869 872 885 898 916 933 966 983 986 987 989 993
228 400 400 379 395 359 396 384 412 382 421 376 420 326 421 312 378 301 369 274 380 243 381 243 343 262 348 284 346 297 331 284 309 272 301 249 312 229 271 212 255 221 237 250 242 279 245 287 221 307 194 323 190 332 201 372 210 399 212 401 213 409 179 443 171 458 191 473 183 485 193 493 172 479 165 471 141 449 115 403 116 395 96 361 180 331 255 293 270 346 311 339 325 317 340 368 335 379 343 397 369 421 387 428 393 451 381 477 393 487 388 489 416 540 416 535 427 564 409 595 394 592 387 588 376 612 380 623 363 639 402 665 405 665 393 702 397 727 404 730 412 725 415 729 388 731 390 609 433 586 451 586 495 590 534 568 531 568 525 566 542 554 535 516 531 506 505 491 512 469 501 443 508 435 514 429 497 388 480 349 489 355 504 362 549 353 555 333 557 330 551 325 551 309 561 310 562 282 581 285 524 304 518 298 485 316 476 279 457 216 442 221 429 191 420 169 436 168 459 191 468 149 440 105 441 105 416 124 416 132 401 165 403 167 377 176 375 182 385 191 356 221 365 228 328 265 312 309 362 338 290 376 288 406 326 472 321 495 335 526 349 544 363 559 324 581 326 585 318 598 352 575 257 564 239 549 244 537 248 515 251 489 242 489 219 465 220 453 223 450 229 453 235 455 235 437 227 431 205 478 194 486 191 507 185 528 198 531 197 538 194 474 147 451 132 394 139 410 157 346 157 456 274 453 372 466 371 489 378 499 387 452 411 439 402 462 487 484 483 488 472 494 456 506 481 527 473 568 542 519 576 507 579 485 573 486 568 452 550 448 541 436 553 439 582 435 595 432 608 437 609 435 623 420 632 395 626 387 614 369 605 337 605 337 620 355 623 361 649 403 650 399 669 459 618 458 603 465 533 466 470 415 498 392 505 362 564 359 574 327 531 265 530 256 529 254 530 213 523 229 570 240 479 200 419 203 376 164 377 176 342 163 309 221 264 370 180 448 199 435 337 514 294 542 370 576 390 521 412 525 549 576 557 584 555 400 400
112 3 8 15 22 25 26 36 37 38 40 47 48 62 63 64 67 89 90 106 117 121 125 135 155 172 181 194 195 197 210 230 232 245 254 258 272 274 285 287 303 317 330 336 343 356 378 387 392 395 403 413 431 446 459 461 466 481 489 506 525 558 561 571 572 584 605 614 616 617 628 635 638 647 651 654 664 674 677 687 689 704 708 731 735 744 758 766 770 781 792 795 797 798 807 808 813 826 837 857 861 869 872 885 898 916 933 966 983 986 987 989 993
226 400 400 379 395 359 396 384 412 382 421 376 420 326 421 312 378 301 369 274 380 243 381 243 343 262 348 284 346 297 331 284 309 272 301 249 312 229 271 212 255 221 237 250 242 279 245 287 221 307 194 323 190 332 201 372 210 399 212 401 213 409 179 443 171 458 191 473 183 485 193 493 172 479 165 471 141 449 115 403 116 395 96 361 180 331 255 293 270 346 311 339 325 317 340 368 335 379 343 397 369 421 387 428 393 451 381 477 393 487 388 489 416 540 416 535 427 564 409 595 394 592 387 588 376 612 380 623 363 639 402 665 405 665 393 729 388 731 390 727 404 730 412 725 415 609 433 586 451 586 495 590 534 568 531 568 525 566 542 554 535 516 531 506 505 491 512 469 501 443 508 435 514 429 497 388 480 349 489 355 504 362 549 353 555 333 557 330 551 325 551 309 561 310 562 282 581 285 524 304 518 298 485 316 476 279 457 216 442 221 429 191 420 169 436 168 459 191 468 149 440 105 441 105 416 124 416 132 401 165 403 167 377 176 375 182 385 191 356 221 365 228 328 265 312 309 362 338 290 376 288 406 326 472 321 495 335 526 349 544 363 559 324 581 326 585 318 598 352 575 257 564 239 549 244 537 248 515 251 489 242 489 219 465 220 453 223 450 229 453 235 455 235 437 227 431 205 478 194 486 191 507 185 528 198 531 197 538 194 474 147 451 132 394 139 410 157 456 274 453 372 466 371 489 378 499 387 452 411 439 402 462 487 484 483 488 472 494 456 506 481 527 473 568 542 519 576 507 579 485 573 486 568 452 550 448 541 436 553 439 582 435 595 432 608 437 609 435 623 420 632 395 626 387 614 369 605 337 605 337 620 355 623 361 649 403 650 399 669 459 618 458 603 465 533 466 470 415 498 392 505 362 564 359 574 327 531 265 530 256 529 254 530 213 523 229 570 240 479 200 419 203 376 164 377 176 342 163 309 221 264 370 180 448 199 435 337 514 294 542 370 576 390 521 412 525 549 576 557 584 555 400 400
111 3 8 15 22 25 26 36 37 38 40 47 48 62 63 64 67 89 90 106 117 121 125 135 155 172 181 194 195 197 210 230 232 245 254 258 272 274 285 287 303 317 330 336 343 356 378 387 392 395 403 413 431 446 459 461 481 489 506 525 558 561 571 572 584 605 614 616 617 628 635 638 647 651 654 664 674 677 687 689 704 708 731 735 744 758 766 770 781 792 795 797 798 807 808 813 826 837 857 861 869 872 885 898 916 933 966 983 986 987 989 993
224 400 400 379 395 359 396 384 412 382 421 376 420 326 421 312 378 301 369 274 380 243 381 243 343 262 348 284 346 297 331 284 309 272 301 249 312 229 271 212 255 221 237 250 242 279 245 287 221 307 194 323 190 332 201 372 210 399 212 401 213 409 179 443 171 458 191 473 183 485 193 493 172 479 165 471 141 449 115 403 116 395 96 361 180 331 255 293 270 346 311 339 325 317 340 368 335 379 343 397 369 421 387 428 393 451 381 477 393 487 388 489 416 540 416 535 427 564 409 595 394 592 387 588 376 612 380 623 363 639 402 665 405 665 393 729 388 731 390 727 404 730 412 725 415 609 433 586 451 586 495 590 534 568 531 568 525 566 542 554 535 516 531 506 505 491 512 469 501 443 508 435 514 429 497 388 480 349 489 355 504 362 549 353 555 333 557 330 551 325 551 309 561 310 562 282 581 285 524 304 518 298 485 316 476 279 457 216 442 221 429 191 420 169 436 168 459 191 468 149 440 105 441 105 416 124 416 132 401 165 403 167 377 176 375 182 385 191 356 221 365 228 328 265 312 309 362 338 290 376 288 406 326 472 321 495 335 526 349 544 363 559 324 581 326 585 318 598 352 575 257 564 239 549 244 537 248 515 251 489 242 489 219 465 220 453 223 450 229 453 235 455 235 437 227 431 205 478 194 486 191 507 185 528 198 531 197 538 194 474 147 451 132 394 139 410 157 456 274 453 372 466 371 489 378 499 387 452 411 439 402 462 487 484 483 488 472 494 456 506 481 527 473 568 542 519 576 507 579 485 573 486 568 452 550 448 541 436 553 439 582 435 595 432 608 437 609 435 623 420 632 395 626 387 614 369 605 337 605 337 620 355 623 359 574 327 531 265 530 256 529 254 530 213 523 229 570 240 479 200 419 203 376 164 377 176 342 163 309 221 264 370 180 448 199 514 294 542 370 576 390 521 412 466 470 465 533 525 549 576 557 584 555 458 603 459 618 403 650 399 669 362 564 392 505 415 498 400 400
110 3 8 15 22 25 26 36 37 38 40 47 48 62 63 64 67 89 90 106 117 121 125 135 155 172 181 194 195 197 210 230 232 245 254 258 272 285 287 303 317 330 336 343 356 378 387 392 395 403 413 431 446 459 461 481 489 506 525 558 561 571 572 584 605 614 616 617 628 635 638 647 651 654 664 674 677 687 689 704 708 731 735 744 758 766 770 781 792 795 797 798 807 808 813 826 837 857 861 869 872 885 898 916 933 966 983 986 987 989 993
222 400 400 379 395 359 396 384 412 382 421 376 420 326 421 312 378 301 369 274 380 243 381 243 343 262 348 284 346 297 331 284 309 272 301 249 312 229 271 212 255 221 237 250 242 279 245 287 221 307 194 323 190 332 201 372 210 399 212 401 213 409 179 443 171 458 191 473 183 485 193 493 172 479 165 471 141 449 115 403 116 395 96 361 180 331 255 293 270 346 311 339 325 317 340 368 335 379 343 397 369 421 387 428 393 451 381 477 393 487 388 489 416 540 416 535 427 564 409 595 394 592 387 588 376 612 380 623 363 639 402 665 405 665 393 729 388 731 390 727 404 730 412 725 415 609 433 586 451 586 495 590 534 568 531 568 525 566 542 554 535 516 531 506 505 491 512 469 501 443 508 435 514 429 497 388 480 349 489 355 504 362 549 353 555 333 557 330 551 325 551 309 561 310 562 282 581 285 524 304 518 298 485 316 476 279 457 216 442 221 429 191 420 169 436 168 459 191 468 149 440 105 441 105 416 124 416 132 401 167 377 176 375 182 385 191 356 221 365 228 328 265 312 338 290 376 288 406 326 472 321 495 335 526 349 544 363 559 324 581 326 585 318 598 352 575 257 564 239 549 244 537 248 515 251 489 242 489 219 465 220 453 223 450 229 453 235 455 235 437 227 431 205 478 194 486 191 507 185 528 198 531 197 538 194 474 147 451 132 394 139 410 157 456 274 453 372 466 371 489 378 499 387 452 411 439 402 462 487 484 483 488 472 494 456 506 481 527 473 568 542 519 576 507 579 485 573 486 568 452 550 448 541 436 553 439 582 435 595 432 608 437 609 435 623 420 632 395 626 387 614 369 605 337 605 337 620 355 623 359 574 327 531 265 530 256 529 254 530 213 523 229 570 240 479 200 419 203 376 164 377 176 342 163 309 221 264 370 180 448 199 514 294 542 370 576 390 521 412 466 470 465 533 525 549 576 557 584 555 458 603 459 618 403 650 399 669 362 564 392 505 415 498 400 400
109 3 8 15 22 25 26 36 37 38 40 47 48 62 63 64 67 89 90 106 117 121 125 135 155 172 181 194 195 197 210 230 232 245 254 258 272 285 287 303 317 330 336 343 356 378 387 392 395 403 413 431 446 459 461 481 489 506 525 558 561 571 572 584 605 614 616 617 628 635 638 647 651 654 664 674 677 687 689 704 708 731 735 744 758 766 770 792 795 797 798 807 808 813 826 837 857 861 869 872 885 898 916 933 966 983 986 987 989 993
220 400 400 379 395 359 396 384 412 382 421 376 420 326 421 312 378 301 369 274 380 243 381 243 343 262 348 284 346 297 331 284 309 272 301 249 312 229 271 212 255 221 237 250 242 279 245 287 221 307 194 323 190 332 201 372 210 399 212 401 213 409 179 443 171 458 191 473 183 485 193 493 172 479 165 471 141 449 115 403 116 395 96 361 180 331 255 293 270 346 311 339 325 317 340 368 335 379 343 397 369 421 387 428 393 451 381 477 393 487 388 489 416 540 416 535 427 564 409 595 394 592 387 588 376 612 380 623 363 639 402 665 405 665 393 729 388 731 390 727 404 730 412 725 415 609 433 586 451 586 495 590 534 568 531 568 525 566 542 554 535 516 531 506 505 491 512 469 501 443 508 435 514 429 497 388 480 349 489 355 504 362 549 353 555 333 557 330 551 325 551 309 561 310 562 282 581 285 524 304 518 298 485 316 476 279 457 216 442 221 429 191 420 169 436 168 459 191 468 149 440 105 441 105 416 124 416 132 401 167 377 182 385 191 356 221 365 228 328 265 312 338 290 376 288 406 326 472 321 495 335 526 349 544 363 559 324 581 326 585 318 598 352 575 257 564 239 549 244 537 248 515 251 489 242 489 219 465 220 453 223 450 229 453 235 455 235 437 227 431 205 478 194 486 191 507 185 528 198 531 197 538 194 474 147 451 132 394 139 410 157 456 274 453 372 466 371 489 378 499 387 452 411 439 402 462 487 484 483 488 472 494 456 506 481 527 473 568 542 519 576 507 579 485 573 486 568 452 550 448 541 436 553 439 582 435 595 432 608 437 609 435 623 420 632 395 626 387 614 369 605 337 605 337 620 355 623 359 574 327 531 265 530 256 529 254 530 213 523 240 479 200 419 203 376 164 377 176 342 163 309 221 264 370 180 448 199 514 294 542 370 576 390 521 412 466 470 465 533 525 549 576 557 584 555 458 603 459 618 403 650 399 669 362 564 392 505 415 498 400 400
108 3 8 15 22 25 26 36 37 38 40 47 48 62 63 64 67 89 90 106 117 121 125 135 155 172 181 194 195 197 210 230 232 245 254 258 272 285 287 303 317 330 336 356 378 387 392 395 403 413 431 446 459 461 481 489 506 525 558 561 571 572 584 605 614 616 617 628 635 638 647 651 654 664 674 677 687 689 704 708 731 735 744 758 766 770 792 795 797 798 807 808 813 826 837 857 861 869 872 885 898 916 933 966 983 986 987 989 993
218 400 400 379 395 359 396 384 412 382 421 376 420 326 421 312 378 301 369 274 380 243 381 243 343 262 348 284 346 297 331 284 309 272 301 249 312 229 271 212 255 221 237 250 242 279 245 287 221 307 194 323 190 332 201 372 210 399 212 401 213 409 179 443 171 458 191 473 183 485 193 493 172 479 165 471 141 449 115 403 116 395 96 361 180 331 255 293 270 346 311 339 325 317 340 368 335 379 343 397 369 421 387 428 393 451 381 477 393 487 388 489 416 540 416 535 427 564 409 595 394 592 387 588 376 612 380 623 363 639 402 665 405 665 393 729 388 731 390 727 404 730 412 725 415 609 433 586 451 527 473 488 472 484 483 469 501 443 508 435 514 429 497 415 498 388 480 349 489 355 504 362 549 353 555 333 557 330 551 325 551 309 561 310 562 282 581 285 524 304 518 298 485 316 476 279 457 216 442 221 429 169 436 168 459 191 468 149 440 105 441 105 416 124 416 132 401 167 377 182 385 191 356 221 365 228 328 265 312 376 288 406 326 472 321 495 335 526 349 544 363 559 324 581 326 585 318 575 257 564 239 549 244 537 248 515 251 489 242 489 219 486 191 507 185 528 198 531 197 538 194 474 147 451 132 394 139 410 157 431 205 437 227 453 223 453 235 455 235 456 274 453 372 466 371 489 378 499 387 452 411 439 402 462 487 506 481 506 505 491 512 516 531 554 535 568 531 568 525 568 542 566 542 590 534 519 576 507 579 485 573 486 568 452 550 448 541 436 553 439 582 435 595 432 608 437 609 435 623 420 632 395 626 387 614 369 605 337 605 337 620 355 623 359 574 327 531 265 530 256 529 254 530 213 523 240 479 200 419 191 420 203 376 164 377 176 342 163 309 221 264 338 290 370 180 448 199 450 229 465 220 478 194 514 294 542 370 576 390 521 412 494 456 466 470 465 533 525 549 576 557 584 555 458 603 459 618 403 650 399 669 362 564 392 505 400 400
107 3 8 15 22 25 26 36 37 38 40 47 48 62 63 64 67 89 90 106 117 121 125 135 155 172 181 194 195 197 210 230 232 245 254 258 272 285 287 303 317 330 336 356 378 387 392 395 403 413 431 446 459 461 481 489 506 525 558 561 571 572 584 605 614 616 617 628 635 638 647 651 654 664 674 677 687 689 704 708 731 735 744 758 766 770 792 795 797 798 807 808 813 826 857 861 869 872 885 898 916 933 966 983 986 987 989 993
216 400 400 379 395 359 396 384 412 382 421 376 420 397 369 421 387 451 381 489 416 488 472 484 483 469 501 443 508 435 514 429 497 448 541 439 582 435 595 437 609 458 603 459 618 485 573 486 568 516 531 506 505 527 473 466 470 415 498 362 549 362 564 353 555 333 557 330 551 304 518 298 485 316 476 279 457 274 380 243 381 243 343 262 348 284 346 297 331 284 309 272 301 249 312 229 271 221 264 212 255 221 237 250 242 279 245 287 221 307 194 323 190 332 201 372 210 399 212 401 213 409 179 370 180 443 171 458 191 478 194 485 193 473 183 479 165 493 172 507 185 531 197 538 194 549 244 564 239 515 251 489 242 489 219 486 191 471 141 449 115 403 116 395 96 410 157 361 180 331 255 338 290 346 311 339 325 317 340 312 378 301 369 221 365 203 376 182 385 167 377 191 356 200 419 221 429 216 442 191 468 168 459 169 436 149 440 105 441 105 416 124 416 132 401 163 309 368 335 379 343 406 326 376 288 456 274 455 235 453 235 453 223 437 227 451 132 474 147 528 198 537 248 559 324 581 326 585 318 588 376 592 387 595 394 576 390 564 409 540 416 535 427 521 412 499 387 487 388 489 378 477 393 452 411 439 402 428 393 453 372 472 321 495 335 526 349 544 363 542 370 612 380 623 363 639 402 665 405 665 393 729 388 731 390 727 404 730 412 725 415 609 433 586 451 590 534 568 531 568 525 568 542 566 542 554 535 519 576 507 579 491 512 506 481 494 456 462 487 465 533 452 550 436 553 432 608 435 623 420 632 395 626 387 614 369 605 337 605 337 620 355 623 359 574 325 551 327 531 309 561 310 562 282 581 285 524 265 530 256 529 254 530 213 523 240 479 191 420 164 377 176 342 228 328 265 312 466 371 514 294 575 257 465 220 450 229 448 199 431 205 394 139 388 480 392 505 355 504 349 489 403 650 399 669 525 549 576 557 584 555 400 400
106 3 8 15 22 25 26 36 37 38 40 47 48 62 63 64 67 90 106 117 121 125 135 155 172 181 194 195 197 210 230 232 245 254 258 272 285 287 303 317 330 336 356 378 387 392 395 403 413 431 446 459 461 481 489 506 525 558 561 571 572 584 605 614 616 617 628 635 638 647 651 654 664 674 677 687 689 704 708 731 735 744 758 766 770 792 795 797 798 807 808 813 826 857 861 869 872 885 898 916 933 966 983 986 987 989 993
214 400 400 379 395 359 396 384 412 382 421 376 420 397 369 421 387 451 381 489 416 488 472 484 483 469 501 443 508 435 514 429 497 448 541 439 582 435 595 437 609 458 603 459 618 485 573 486 568 516 531 506 505 527 473 466 470 415 498 362 549 362 564 353 555 333 557 330 551 304 518 298 485 316 476 279 457 274 380 243 381 243 343 262 348 284 346 297 331 284 309 272 301 249 312 229 271 221 264 212 255 221 237 250 242 279 245 287 221 307 194 323 190 332 201 372 210 399 212 401 213 409 179 370 180 443 171 458 191 478 194 485 193 473 183 479 165 493 172 507 185 531 197 538 194 549 244 564 239 515 251 489 242 489 219 486 191 471 141 449 115 403 116 395 96 410 157 361 180 331 255 338 290 346 311 339 325 317 340 312 378 301 369 221 365 203 376 182 385 167 377 191 356 200 419 221 429 216 442 191 468 168 459 169 436 149 440 105 441 105 416 124 416 132 401 163 309 368 335 379 343 406 326 376 288 456 274 455 235 453 235 453 223 437 227 451 132 474 147 528 198 537 248 559 324 581 326 585 318 588 376 592 387 595 394 576 390 564 409 540 416 535 427 521 412 499 387 487 388 489 378 477 393 452 411 439 402 428 393 453 372 472 321 495 335 526 349 544 363 542 370 612 380 639 402 665 405 665 393 729 388 731 390 727 404 730 412 725 415 609 433 586 451 590 534 568 531 568 525 568 542 566 542 554 535 519 576 507 579 491 512 506 481 494 456 462 487 465 533 452 550 436 553 432 608 435 623 420 632 395 626 387 614 369 605 337 605 337 620 355 623 359 574 325 551 327 531 309 561 310 562 282 581 285 524 265 530 256 529 254 530 213 523 240 479 191 420 164 377 176 342 228 328 265 312 466 371 514 294 575 257 465 220 450 229 448 199 431 205 388 480 392 505 355 504 349 489 403 650 399 669 525 549 576 557 584 555 400 400
105 3 8 15 22 25 26 36 37 40 47 48 62 63 64 67 90 106 117 121 125 135 155 172 181 194 195 197 210 230 232 245 254 258 272 285 287 303 317 330 336 356 378 387 392 395 403 413 431 446 459 461 481 489 506 525 558 561 571 572 584 605 614 616 617 628 635 638 647 651 654 664 674 677 687 689 704 708 731 735 744 758 766 770 792 795 797 798 807 808 813 826 857 861 869 872 885 898 916 933 966 983 986 987 989 993
212 400 400 379 395 359 396 384 412 382 421 376 420 397 369 421 387 451 381 489 416 488 472 484 483 469 501 443 508 435 514 429 497 448 541 439 582 435 595 437 609 458 603 459 618 485 573 486 568 516 531 506 505 527 473 466 470 415 498 362 549 362 564 353 555 333 557 330 551 304 518 298 485 316 476 279 457 274 380 243 381 243 343 262 348 284 346 297 331 284 309 272 301 249 312 229 271 221 264 212 255 221 237 250 242 279 245 287 221 307 194 323 190 332 201 372 210 399 212 401 213 409 179 370 180 443 171 458 191 478 194 485 193 473 183 479 165 493 172 507 185 531 197 538 194 549 244 564 239 515 251 489 242 489 219 486 191 471 141 449 115 403 116 395 96 410 157 361 180 331 255 338 290 346 311 339 325 317 340 312 378 301 369 221 365 203 376 182 385 167 377 191 356 200 419 221 429 216 442 191 468 168 459 169 436 149 440 105 441 105 416 124 416 132 401 163 309 368 335 379 343 406 326 376 288 456 274 455 235 453 235 453 223 437 227 451 132 474 147 528 198 537 248 559 324 581 326 585 318 588 376 592 387 576 390 564 409 540 416 535 427 521 412 499 387 487 388 489 378 477 393 452 411 439 402 428 393 453 372 472 321 495 335 526 349 544 363 542 370 612 380 639 402 665 405 665 393 729 388 731 390 727 404 730 412 725 415 609 433 586 451 590 534 568 531 568 525 568 542 566 542 554 535 519 576 507 579 491 512 506 481 494 456 462 487 465 533 452 550 436 553 432 608 435 623 420 632 395 626 387 614 369 605 337 605 337 620 355 623 359 574 325 551 327 531 309 561 310 562 282 581 285 524 265 530 256 529 254 530 213 523 240 479 191 420 164 377 176 342 228 328 265 312 466 371 514 294 465 220 450 229 448 199 431 205 388 480 392 505 355 504 349 489 403 650 399 669 525 549 576 557 584 555 400 400
104 3 8 15 22 25 26 36 37 40 47 48 62 63 64 67 106 117 121 125 135 155 172 181 194 195 197 210 230 232 245 254 258 272 285 287 303 317 330 336 356 378 387 392 395 403 413 431 446 459 461 481 489 506 525 558 561 571 572 584 605 614 616 617 628 635 638 647 651 654 664 674 677 687 689 704 708 731 735 744 758 766 770 792 795 797 798 807 808 813 826 857 861 869 872 885 898 916 933 966 983 986 987 989 993
210 400 400 379 395 359 396 384 412 382 421 376 420 397 369 421 387 451 381 489 416 488 472 484 483 469 501 443 508 435 514 429 497 448 541 439 582 435 595 437 609 458 603 459 618 485 573 486 568 516 531 506 505 527 473 466 470 415 498 362 549 362 564 353 555 333 557 330 551 304 518 298 485 316 476 279 457 274 380 243 381 243 343 262 348 284 346 297 331 284 309 272 301 249 312 229 271 221 264 212 255 221 237 250 242 279 245 287 221 307 194 323 190 332 201 372 210 399 212 401 213 409 179 370 180 443 171 458 191 478 194 485 193 473 183 479 165 493 172 507 185 531 197 538 194 549 244 564 239 515 251 489 242 489 219 486 191 471 141 449 115 403 116 395 96 410 157 361 180 331 255 338 290 346 311 339 325 317 340 312 378 301 369 221 365 203 376 182 385 167 377 191 356 200 419 221 429 216 442 191 468 168 459 169 436 149 440 105 441 105 416 124 416 132 401 163 309 368 335 379 343 406 326 376 288 456 274 455 235 453 235 453 223 437 227 451 132 474 147 528 198 537 248 559 324 581 326 585 318 588 376 592 387 576 390 564 409 540 416 535 427 521 412 499 387 487 388 489 378 477 393 452 411 439 402 428 393 453 372 472 321 495 335 526 349 544 363 542 370 612 380 609 433 586 451 590 534 568 531 568 525 568 542 566 542 554 535 519 576 507 579 491 512 506 481 494 456 462 487 465 533 452 550 436 553 432 608 435 623 420 632 395 626 387 614 369 605 337 605 337 620 355 623 359 574 325 551 327 531 309 561 310 562 282 581 285 524 265 530 256 529 254 530 213 523 240 479 191 420 164 377 176 342 228 328 349 489 355 504 392 505 403 650 399 669 525 549 576 557 584 555 665 405 665 393 729 388 731 390 727 404 730 412 725 415 514 294 465 220 450 229 448 199 431 205 265 312 388 480 400 400
103 3 8 15 22 25 26 36 37 40 47 48 62 63 64 67 106 117 121 125 135 155 172 181 194 195 197 210 230 232 245 254 258 272 285 287 303 317 330 336 378 387 392 395 403 413 431 446 459 461 481 489 506 525 558 561 571 572 584 605 614 616 617 628 635 638 647 651 654 664 674 677 687 689 704 708 731 735 744 758 766 770 792 795 797 798 807 808 813 826 857 861 869 872 885 898 916 933 966 983 986 987 989 993
208 400 400 379 395 359 396 384 412 382 421 376 420 397 369 421 387 451 381 489 416 488 472 484 483 469 501 443 508 435 514 429 497 448 541 439 582 435 595 437 609 458 603 459 618 485 573 486 568 516 531 506 505 527 473 466 470 415 498 362 549 362 564 353 555 333 557 330 551 304 518 298 485 316 476 279 457 274 380 243 381 243 343 262 348 284 346 297 331 284 309 272 301 249 312 229 271 221 264 212 255 221 237 250 242 279 245 287 221 307 194 323 190 332 201 372 210 399 212 401 213 409 179 370 180 443 171 458 191 478 194 485 193 473 183 479 165 493 172 507 185 531 197 538 194 549 244 564 239 515 251 489 242 489 219 486 191 471 141 449 115 403 116 395 96 410 157 361 180 331 255 338 290 346 311 339 325 317 340 312 378 301 369 221 365 203 376 182 385 167 377 191 356 200 419 221 429 216 442 191 468 168 459 169 436 149 440 105 441 105 416 124 416 132 401 163 309 368 335 379 343 406 326 376 288 456 274 455 235 453 235 453 223 437 227 451 132 474 147 528 198 537 248 559 324 581 326 585 318 588 376 592 387 576 390 564 409 540 416 535 427 521 412 499 387 487 388 489 378 477 393 452 411 439 402 428 393 453 372 472 321 495 335 526 349 544 363 542 370 612 380 609 433 586 451 590 534 568 531 568 525 568 542 566 542 554 535 519 576 507 579 491 512 506 481 494 456 462 487 465 533 452 550 436 553 432 608 435 623 420 632 395 626 387 614 369 605 337 605 337 620 355 623 359 574 325 551 327 531 309 561 310 562 282 581 285 524 265 530 256 529 254 530 213 523 240 479 191 420 164 377 176 342 228 328 349 489 355 504 392 505 403 650 399 669 525 549 576 557 584 555 665 405 665 393 729 388 731 390 727 404 730 412 514 294 465 220 450 229 448 199 431 205 388 480 400 400
102 3 8 15 22 25 26 36 37 40 47 48 62 63 64 67 106 117 121 125 135 155 172 181 194 195 197 210 232 245 254 258 272 285 287 303 317 330 336 378 387 392 395 403 413 431 446 459 461 481 489 506 525 558 561 571 572 584 605 614 616 617 628 635 638 647 651 654 664 674 677 687 689 704 708 731 735 744 758 766 770 792 795 797 798 807 808 813 826 857 861 869 872 885 898 916 933 966 983 986 987 989 993
206 400 400 379 395 359 396 384 412 382 421 376 420 397 369 421 387 451 381 489 416 488 472 484 483 469 501 443 508 435 514 429 497 448 541 439 582 435 595 437 609 458 603 459 618 485 573 486 568 516 531 506 505 527 473 466 470 415 498 362 549 362 564 353 555 333 557 330 551 304 518 298 485 316 476 279 457 274 380 243 381 243 343 262 348 284 346 297 331 284 309 272 301 249 312 229 271 221 264 212 255 221 237 250 242 279 245 287 221 307 194 323 190 332 201 372 210 399 212 401 213 409 179 370 180 443 171 458 191 478 194 485 193 473 183 479 165 493 172 507 185 531 197 538 194 549 244 564 239 515 251 489 242 489 219 486 191 471 141 449 115 403 116 395 96 410 157 361 180 331 255 338 290 346 311 339 325 317 340 312 378 301 369 221 365 203 376 182 385 167 377 191 356 200 419 221 429 216 442 191 468 168 459 169 436 149 440 105 441 105 416 124 416 132 401 163 309 368 335 379 343 406 326 376 288 456 274 455 235 453 235 453 223 437 227 451 132 474 147 528 198 537 248 559 324 581 326 585 318 588 376 592 387 576 390 564 409 540 416 535 427 521 412 499 387 487 388 489 378 477 393 452 411 439 402 428 393 453 372 472 321 495 335 526 349 544 363 542 370 612 380 609 433 586 451 590 534 568 531 568 525 568 542 566 542 554 535 519 576 507 579 491 512 506 481 494 456 462 487 465 533 452 550 436 553 432 608 435 623 420 632 395 626 387 614 369 605 337 605 337 620 355 623 359 574 325 551 327 531 309 561 310 562 282 581 285 524 265 530 256 529 254 530 213 523 240 479 191 420 164 377 176 342 228 328 349 489 355 504 392 505 403 650 399 669 525 549 576 557 584 555 665 405 665 393 729 388 727 404 730 412 514 294 465 220 450 229 448 199 431 205 400 400
101 3 8 15 22 25 26 36 37 40 47 48 62 63 64 67 106 117 121 125 135 155 172 181 194 195 197 210 232 245 254 258 272 285 287 303 317 330 336 378 387 392 395 403 413 431 446 459 461 481 489 506 525 558 561 571 572 584 605 614 616 617 628 635 638 647 651 654 664 674 677 687 689 704 708 731 735 744 758 766 770 792 795 797 798 808 813 826 857 861 869 872 885 898 916 933 966 983 986 987 989 993
204 400 400 379 395 359 396 384 412 382 421 376 420 397 369 421 387 451 381 489 416 488 472 484 483 469 501 443 508 435 514 429 497 448 541 439 582 435 595 437 609 458 603 459 618 485 573 486 568 516 531 506 505 527 473 466 470 415 498 362 549 362 564 353 555 333 557 330 551 304 518 298 485 316 476 279 457 274 380 243 381 243 343 262 348 284 346 297 331 284 309 272 301 249 312 229 271 221 264 212 255 221 237 250 242 279 245 287 221 307 194 323 190 332 201 372 210 399 212 401 213 409 179 370 180 443 171 458 191 478 194 485 193 473 183 479 165 493 172 507 185 531 197 538 194 549 244 564 239 515 251 489 242 489 219 486 191 471 141 449 115 403 116 410 157 361 180 331 255 338 290 346 311 339 325 317 340 312 378 301 369 221 365 203 376 182 385 167 377 191 356 200 419 221 429 216 442 191 468 168 459 169 436 149 440 105 441 105 416 124 416 132 401 163 309 368 335 379 343 376 288 456 274 455 235 453 235 453 223 437 227 451 132 474 147 528 198 537 248 559 324 581 326 585 318 588 376 592 387 576 390 564 409 540 416 535 427 521 412 499 387 487 388 489 378 477 393 452 411 439 402 428 393 453 372 472 321 495 335 526 349 544 363 542 370 612 380 609 433 586 451 590 534 568 531 568 525 568 542 566 542 554 535 519 576 507 579 491 512 506 481 494 456 462 487 465 533 452 550 436 553 432 608 435 623 420 632 395 626 387 614 369 605 337 605 337 620 355 623 359 574 325 551 327 531 309 561 310 562 282 581 285 524 265 530 256 529 254 530 213 523 240 479 191 420 164 377 176 342 228 328 349 489 355 504 392 505 403 650 399 669 525 549 576 557 584 555 665 405 665 393 729 388 727 404 730 412 514 294 465 220 450 229 448 199 431 205 400 400
100 3 8 15 22 25 26 36 37 40 47 48 62 63 64 67 106 117 121 125 135 155 172 181 194 195 197 210 232 245 254 258 272 285 287 303 317 330 378 387 392 395 403 413 431 446 459 461 481 489 506 525 558 561 571 572 584 605 614 616 617 628 635 638 647 651 654 664 674 677 687 689 704 708 731 735 744 758 766 770 792 795 797 798 808 813 826 857 861 869 872 885 898 916 933 966 983 986 987 989 993
202 400 400 379 395 359 396 384 412 382 421 376 420 397 369 421 387 451 381 489 416 488 472 484 483 469 501 443 508 435 514 429 497 448 541 439 582 435 595 437 609 458 603 459 618 485 573 486 568 516 531 506 505 527 473 466 470 415 498 362 549 362 564 353 555 333 557 330 551 304 518 298 485 316 476 279 457 274 380 243 381 243 343 262 348 284 346 297 331 284 309 272 301 249 312 229 271 221 264 212 255 221 237 250 242 279 245 287 221 307 194 323 190 332 201 372 210 399 212 401 213 409 179 370 180 443 171 458 191 478 194 485 193 473 183 479 165 493 172 507 185 531 197 538 194 549 244 515 251 489 242 489 219 486 191 471 141 449 115 403 116 410 157 361 180 331 255 338 290 346 311 339 325 317 340 312 378 301 369 221 365 203 376 182 385 167 377 191 356 200 419 221 429 216 442 191 468 168 459 169 436 149 440 105 441 105 416 124 416 132 401 213 523 254 530 256 529 265 530 285 524 282 581 309 561 310 562 337 605 337 620 355 623 369 605 387 614 395 626 420 632 432 608 436 553 392 505 355 504 349 489 462 487 491 512 494 456 535 427 540 416 521 412 564 409 592 387 588 376 612 380 609 433 586 451 590 534 568 531 568 525 568 542 566 542 554 535 525 549 519 576 507 579 465 533 576 557 584 555 542 370 544 363 526 349 495 335 472 321 456 274 455 235 453 235 450 229 453 223 465 220 437 227 431 205 448 199 474 147 528 198 537 248 514 294 559 324 581 326 585 318 576 390 499 387 487 388 489 378 477 393 452 411 439 402 428 393 453 372 379 343 368 335 376 288 228 328 176 342 164 377 191 420 240 479 327 531 325 551 359 574 452 550 435 623 403 650 399 669 506 481 665 405 665 393 729 388 727 404 730 412 451 132 400 400
99 3 8 15 22 25 26 36 37 40 47 48 62 63 64 67 106 117 121 125 135 155 172 181 194 195 197 210 232 245 254 258 272 285 287 303 317 330 378 387 392 395 403 413 431 446 459 461 481 489 506 525 558 561 571 572 584 605 614 616 617 628 635 638 647 651 654 664 674 677 687 689 704 708 731 735 744 758 766 770 792 795 797 798 808 813 826 857 861 869 872 885 898 933 966 983 986 987 989 993
200 400 400 379 395 359 396 384 412 382 421 376 420 397 369 421 387 451 381 489 416 488 472 484 483 469 501 443 508 435 514 429 497 448 541 439 582 435 595 437 609 458 603 459 618 485 573 486 568 516 531 506 505 527 473 466 470 415 498 362 549 362 564 353 555 333 557 330 551 304 518 298 485 316 476 279 457 274 380 243 381 243 343 262 348 284 346 297 331 284 309 272 301 249 312 229 271 221 264 212 255 221 237 250 242 279 245 287 221 307 194 323 190 332 201 372 210 399 212 401 213 409 179 370 180 443 171 458 191 478 194 485 193 473 183 479 165 493 172 507 185 531 197 538 194 549 244 515 251 489 242 489 219 486 191 471 141 449 115 403 116 410 157 361 180 331 255 338 290 346 311 339 325 317 340 312 378 301 369 221 365 203 376 182 385 167 377 191 356 200 419 221 429 216 442 191 468 168 459 169 436 149 440 105 441 105 416 124 416 132 401 213 523 254 530 256 529 265 530 285 524 282 581 309 561 310 562 337 605 337 620 355 623 369 605 387 614 395 626 420 632 432 608 436 553 392 505 355 504 349 489 462 487 491 512 494 456 535 427 540 416 521 412 564 409 592 387 588 376 612 380 609 433 586 451 590 534 568 531 568 525 568 542 566 542 554 535 525 549 519 576 507 579 465 533 576 557 584 555 542 370 544 363 526 349 495 335 472 321 456 274 455 235 453 235 450 229 453 223 465 220 437 227 431 205 448 199 474 147 528 198 537 248 514 294 559 324 581 326 585 318 576 390 499 387 487 388 489 378 477 393 452 411 439 402 428 393 453 372 379 343 376 288 228 328 176 342 164 377 191 420 240 479 327 531 325 551 359 574 452 550 435 623 403 650 399 669 506 481 665 405 665 393 729 388 727 404 730 412 400 400
98 3 8 15 22 25 26 36 37 40 47 48 62 63 64 67 106 117 121 125 135 155 172 181 194 195 197 210 232 245 254 258 272 285 287 303 317 330 378 387 392 395 403 413 431 446 459 461 481 489 506 525 558 571 572 584 605 614 616 617 628 635 638 647 651 654 664 674 677 687 689 704 708 731 735 744 758 766 770 792 795 797 798 808 813 826 857 861 869 872 885 898 933 966 983 986 987 989 993
198 400 400 379 395 359 396 384 412 382 421 376 420 397 369 421 387 451 381 489 416 488 472 484 483 469 501 443 508 435 514 429 497 448 541 439 582 435 595 437 609 458 603 459 618 485 573 486 568 516 531 506 505 527 473 466 470 415 498 362 549 362 564 353 555 333 557 330 551 304 518 298 485 316 476 279 457 274 380 243 381 243 343 262 348 284 346 297 331 284 309 272 301 249 312 229 271 221 264 212 255 221 237 250 242 279 245 287 221 307 194 323 190 332 201 372 210 399 212 401 213 409 179 370 180 443 171 458 191 478 194 485 193 473 183 479 165 493 172 507 185 531 197 538 194 549 244 515 251 489 242 489 219 486 191 471 141 449 115 403 116 410 157 361 180 331 255 338 290 346 311 339 325 317 340 312 378 301 369 221 365 203 376 182 385 167 377 191 356 200 419 221 429 216 442 191 468 168 459 169 436 149 440 105 441 105 416 124 416 132 401 213 523 254 530 256 529 265 530 285 524 282 581 309 561 310 562 337 605 337 620 355 623 369 605 387 614 395 626 420 632 432 608 436 553 392 505 355 504 349 489 462 487 491 512 494 456 535 427 540 416 521 412 564 409 592 387 588 376 612 380 609 433 586 451 590 534 568 531 568 525 568 542 566 542 554 535 525 549 519 576 507 579 465 533 576 557 584 555 542 370 544 363 526 349 495 335 472 321 456 274 455 235 453 235 450 229 453 223 465 220 437 227 431 205 448 199 474 147 528 198 537 248 514 294 559 324 581 326 585 318 576 390 499 387 487 388 489 378 477 393 452 411 439 402 428 393 453 372 379 343 228 328 176 342 164 377 191 420 240 479 327 531 325 551 359 574 403 650 399 669 435 623 506 481 665 405 665 393 729 388 727 404 730 412 400 400
97 3 8 15 22 25 26 36 37 40 47 48 62 63 64 67 106 117 121 125 135 155 172 181 194 195 197 210 232 245 254 258 272 285 287 303 317 330 378 387 392 395 403 413 431 446 459 461 481 489 506 525 558 572 584 605 614 616 617 628 635 638 647 651 654 664 674 677 687 689 704 708 731 735 744 758 766 770 792 795 797 798 808 813 826 857 861 869 872 885 898 933 966 983 986 987 989 993
196 400 400 379 395 359 396 384 412 382 421 376 420 397 369 421 387 451 381 489 416 488 472 484 483 469 501 443 508 435 514 429 497 448 541 439 582 435 595 437 609 458 603 459 618 485 573 486 568 516 531 506 505 527 473 466 470 415 498 362 549 362 564 353 555 333 557 330 551 304 518 298 485 316 476 279 457 274 380 243 381 243 343 262 348 284 346 297 331 284 309 272 301 249 312 229 271 221 264 212 255 221 237 250 242 279 245 287 221 307 194 323 190 332 201 372 210 399 212 401 213 409 179 370 180 443 171 458 191 478 194 485 193 473 183 479 165 493 172 507 185 531 197 538 194 549 244 515 251 489 242 489 219 486 191 471 141 449 115 403 116 410 157 361 180 331 255 338 290 346 311 339 325 317 340 312 378 301 369 221 365 203 376 182 385 167 377 191 356 200 419 221 429 216 442 191 468 168 459 169 436 149 440 105 441 105 416 124 416 132 401 213 523 254 530 256 529 265 530 285 524 282 581 309 561 310 562 337 605 337 620 355 623 369 605 387 614 395 626 420 632 432 608 436 553 392 505 355 504 349 489 462 487 491 512 494 456 535 427 540 416 521 412 564 409 592 387 588 376 612 380 609 433 586 451 590 534 584 555 576 557 568 542 566 542 568 525 554 535 525 549 519 576 507 579 359 574 325 551 240 479 191 420 164 377 228 328 379 343 428 393 439 402 453 372 489 378 487 388 499 387 477 393 495 335 472 321 456 274 455 235 453 235 450 229 453 223 465 220 437 227 431 205 448 199 474 147 528 198 537 248 514 294 526 349 544 363 542 370 576 390 581 326 585 318 559 324 665 393 665 405 727 404 730 412 729 388 452 411 506 481 435 623 403 650 399 669 327 531 176 342 400 400
96 3 8 15 22 25 26 36 37 40 47 48 62 63 64 67 106 117 121 125 135 155 172 181 194 195 197 210 232 245 254 258 272 285 287 303 317 330 378 387 392 395 403 413 431 446 459 461 481 489 506 525 558 572 584 605 614 616 617 628 635 638 647 651 654 674 677 687 689 704 708 731 735 744 758 766 770 792 795 797 798 808 813 826 857 861 869 872 885 898 933 966 983 986 987 989 993
194 400 400 379 395 359 396 384 412 382 421 376 420 397 369 421 387 451 381 489 416 488 472 484 483 469 501 443 508 435 514 429 497 448 541 439 582 435 595 437 609 458 603 459 618 485 573 486 568 516 531 506 505 527 473 466 470 415 498 362 549 362 564 353 555 333 557 330 551 304 518 298 485 316 476 279 457 274 380 243 381 243 343 262 348 284 346 297 331 284 309 272 301 249 312 229 271 221 264 212 255 221 237 250 242 279 245 287 221 307 194 323 190 332 201 372 210 399 212 401 213 409 179 370 180 443 171 458 191 478 194 485 193 473 183 479 165 493 172 507 185 531 197 538 194 549 244 515 251 489 242 489 219 486 191 471 141 449 115 403 116 410 157 361 180 331 255 338 290 346 311 339 325 317 340 312 378 301 369 221 365 203 376 182 385 167 377 191 356 200 419 221 429 216 442 191 468 168 459 169 436 149 440 105 441 105 416 124 416 132 401 213 523 254 530 256 529 265 530 285 524 282 581 309 561 310 562 337 605 337 620 355 623 369 605 387 614 395 626 420 632 432 608 436 553 392 505 355 504 349 489 462 487 491 512 494 456 535 427 540 416 521 412 564 409 592 387 588 376 612 380 609 433 586 451 590 534 584 555 576 557 568 542 566 542 568 525 554 535 525 549 519 576 507 579 359 574 325 551 240 479 191 420 164 377 228 328 379 343 428 393 439 402 453 372 489 378 487 388 499 387 477 393 495 335 472 321 456 274 455 235 453 235 450 229 453 223 465 220 437 227 431 205 448 199 474 147 528 198 537 248 514 294 526 349 544 363 542 370 576 390 581 326 559 324 665 393 665 405 727 404 730 412 729 388 452 411 506 481 435 623 403 650 399 669 327 531 400 400
95 3 8 15 22 25 26 36 37 40 47 48 62 63 64 67 106 117 121 125 135 155 172 181 194 195 197 210 232 245 254 258 272 285 287 303 317 330 378 387 392 395 403 413 431 446 459 461 481 489 506 525 558 572 584 605 614 616 617 628 635 638 647 651 654 674 677 687 689 704 708 731 735 744 758 766 770 792 795 797 798 808 813 826 857 861 869 872 885 898 933 966 986 987 989 993
192 400 400 379 395 359 396 384 412 382 421 376 420 397 369 421 387 451 381 489 416 488 472 484 483 469 501 443 508 435 514 429 497 448 541 439 582 435 595 437 609 458 603 459 618 485 573 486 568 516 531 506 505 527 473 466 470 415 498 362 549 362 564 353 555 333 557 330 551 304 518 298 485 316 476 279 457 274 380 243 381 243 343 262 348 284 346 297 331 284 309 272 301 249 312 229 271 221 264 212 255 221 237 250 242 279 245 287 221 307 194 323 190 332 201 372 210 399 212 401 213 409 179 370 180 443 171 458 191 478 194 485 193 473 183 479 165 493 172 507 185 531 197 538 194 549 244 515 251 489 242 489 219 486 191 471 141 449 115 403 116 410 157 361 180 331 255 338 290 346 311 339 325 317 340 312 378 301 369 221 365 203 376 182 385 167 377 191 356 200 419 221 429 216 442 191 468 168 459 169 436 149 440 105 441 105 416 124 416 132 401 213 523 254 530 256 529 265 530 285 524 282 581 309 561 310 562 337 605 337 620 355 623 369 605 387 614 395 626 420 632 432 608 436 553 392 505 355 504 349 489 462 487 491 512 494 456 535 427 540 416 521 412 564 409 592 387 588 376 612 380 609 433 586 451 590 534 584 555 576 557 568 542 566 542 568 525 554 535 525 549 519 576 507 579 359 574 325 551 240 479 191 420 164 377 228 328 379 343 428 393 439 402 453 372 489 378 487 388 499 387 477 393 472 321 456 274 455 235 453 235 450 229 453 223 465 220 437 227 431 205 448 199 474 147 528 198 537 248 514 294 526 349 544 363 542 370 576 390 581 326 559 324 665 393 665 405 727 404 730 412 729 388 452 411 435 623 403 650 399 669 327 531 400 400
94 3 8 15 22 25 26 36 37 40 47 48 62 63 64 67 106 117 121 125 135 155 172 181 194 195 197 210 232 245 254 258 272 285 287 303 317 330 378 387 392 395 403 413 431 446 459 461 481 489 506 525 558 572 584 605 614 616 617 628 635 638 647 651 674 677 687 689 704 708 731 735 744 758 766 770 792 795 797 798 808 813 826 857 861 869 872 885 898 933 966 986 987 989 993
190 400 400 379 395 359 396 384 412 382 421 376 420 397 369 421 387 451 381 489 416 488 472 484 483 469 501 443 508 435 514 429 497 448 541 439 582 435 595 437 609 458 603 459 618 485 573 486 568 516 531 506 505 527 473 466 470 415 498 362 549 362 564 353 555 333 557 330 551 304 518 298 485 316 476 279 457 274 380 243 381 243 343 262 348 284 346 297 331 284 309 272 301 249 312 229 271 221 264 212 255 221 237 250 242 279 245 287 221 307 194 323 190 332 201 372 210 399 212 401 213 409 179 370 180 443 171 458 191 478 194 485 193 473 183 479 165 493 172 507 185 531 197 538 194 549 244 515 251 489 242 489 219 486 191 471 141 449 115 403 116 410 157 361 180 331 255 338 290 346 311 339 325 317 340 312 378 301 369 221 365 203 376 182 385 167 377 191 356 200 419 221 429 216 442 191 468 168 459 169 436 149 440 105 441 105 416 124 416 132 401 213 523 254 530 256 529 265 530 285 524 282 581 309 561 310 562 337 605 337 620 355 623 369 605 387 614 395 626 420 632 432 608 436 553 392 505 355 504 349 489 462 487 491 512 494 456 535 427 540 416 521 412 564 409 592 387 588 376 612 380 609 433 586 451 590 534 584 555 576 557 568 542 566 542 568 525 554 535 525 549 519 576 507 579 359 574 325 551 240 479 191 420 164 377 228 328 379 343 428 393 439 402 453 372 489 378 487 388 499 387 477 393 472 321 514 294 526 349 544 363 542 370 559 324 581 326 537 248 528 198 448 199 431 205 437 227 450 229 453 223 453 235 455 235 465 220 474 147 452 411 576 390 665 393 665 405 727 404 730 412 729 388 435 623 403 650 399 669 400 400
93 3 8 15 22 25 26 36 37 40 47 48 62 63 64 67 106 117 121 125 135 155 172 181 194 195 197 210 232 245 254 258 272 285 287 303 317 330 378 387 392 395 403 413 431 446 459 461 481 489 506 525 558 572 584 605 614 616 617 628 635 638 647 651 674 677 687 689 704 708 731 735 744 758 766 770 792 795 797 798 808 813 826 857 861 872 885 898 933 966 986 987 989 993
188 400 400 379 395 359 396 384 412 382 421 376 420 397 369 421 387 451 381 489 416 488 472 484 483 469 501 443 508 435 514 429 497 448 541 439 582 435 595 437 609 458 603 459 618 485 573 486 568 516 531 506 505 527 473 466 470 415 498 362 549 362 564 353 555 333 557 330 551 304 518 298 485 316 476 279 457 274 380 243 381 243 343 262 348 284 346 297 331 284 309 272 301 249 312 229 271 221 264 212 255 221 237 250 242 279 245 287 221 307 194 323 190 332 201 372 210 399 212 401 213 409 179 370 180 443 171 458 191 478 194 485 193 473 183 479 165 493 172 507 185 531 197 538 194 549 244 515 251 489 242 489 219 486 191 471 141 449 115 403 116 410 157 361 180 331 255 338 290 346 311 339 325 317 340 312 378 301 369 221 365 203 376 182 385 167 377 191 356 200 419 221 429 216 442 191 468 168 459 169 436 124 416 105 416 105 441 132 401 213 523 254 530 256 529 265 530 285 524 282 581 309 561 310 562 337 605 337 620 355 623 369 605 387 614 395 626 420 632 432 608 436 553 392 505 355 504 349 489 462 487 491 512 494 456 535 427 540 416 521 412 564 409 592 387 588 376 612 380 609 433 586 451 590 534 584 555 576 557 568 542 566 542 568 525 554 535 525 549 519 576 507 579 359 574 325 551 240 479 191 420 164 377 228 328 379 343 428 393 439 402 453 372 489 378 487 388 499 387 477 393 472 321 514 294 526 349 544 363 542 370 559 324 581 326 537 248 528 198 448 199 431 205 437 227 450 229 453 223 453 235 455 235 465 220 452 411 576 390 665 393 665 405 727 404 730 412 729 388 435 623 403 650 399 669 400 400
92 3 8 15 22 25 26 36 37 40 47 48 62 63 64 67 106 117 121 125 135 155 172 181 194 195 197 210 232 245 254 258 272 285 287 303 317 330 378 387 392 395 403 413 446 459 461 481 489 506 525 558 572 584 605 614 616 617 628 635 638 647 651 674 677 687 689 704 708 731 735 744 758 766 770 792 795 797 798 808 813 826 857 861 872 885 898 933 966 986 987 989 993
186 400 400 379 395 359 396 384 412 382 421 376 420 397 369 421 387 451 381 489 416 488 472 484 483 469 501 443 508 435 514 429 497 448 541 439 582 435 595 437 609 458 603 459 618 485 573 486 568 516 531 506 505 527 473 466 470 415 498 362 549 362 564 353 555 333 557 330 551 304 518 298 485 316 476 279 457 274 380 243 381 243 343 262 348 284 346 297 331 284 309 272 301 249 312 229 271 221 264 212 255 221 237 250 242 279 245 287 221 307 194 323 190 332 201 372 210 399 212 401 213 409 179 370 180 443 171 458 191 478 194 485 193 473 183 479 165 493 172 507 185 531 197 538 194 549 244 515 251 489 242 489 219 486 191 471 141 449 115 403 116 410 157 361 180 331 255 338 290 346 311 339 325 317 340 312 378 301 369 221 365 203 376 182 385 167 377 191 356 200 419 221 429 216 442 191 468 168 459 169 436 124 416 105 416 105 441 132 401 213 523 254 530 256 529 265 530 285 524 282 581 309 561 310 562 337 605 337 620 355 623 369 605 387 614 395 626 420 632 432 608 436 553 392 505 355 504 349 489 462 487 491 512 494 456 535 427 540 416 521 412 564 409 592 387 588 376 612 380 609 433 586 451 590 534 584 555 576 557 568 542 566 542 568 525 554 535 525 549 519 576 507 579 359 574 325 551 240 479 191 420 164 377 228 328 379 343 428 393 439 402 453 372 489 378 487 388 499 387 477 393 472 321 514 294 526 349 544 363 542 370 559 324 537 248 528 198 448 199 431 205 437 227 450 229 453 223 453 235 455 235 465 220 576 390 665 393 665 405 727 404 730 412 729 388 435 623 403 650 399 669 400 400
91 3 8 15 22 25 26 36 37 40 47 48 62 63 64 67 106 117 121 125 135 155 172 181 194 195 197 210 232 245 254 258 272 285 287 303 317 330 378 387 392 395 403 413 446 459 461 481 489 506 525 558 572 605 614 616 617 628 635 638 647 651 674 677 687 689 704 708 731 735 744 758 766 770 792 795 797 798 808 813 826 857 861 872 885 898 933 966 986 987 989 993
184 400 400 379 395 359 396 384 412 382 421 376 420 397 369 421 387 451 381 489 416 488 472 484 483 469 501 443 508 435 514 429 497 448 541 439 582 435 595 437 609 458 603 459 618 485 573 486 568 516 531 506 505 527 473 466 470 415 498 362 549 362 564 353 555 333 557 330 551 304 518 298 485 316 476 279 457 274 380 243 381 243 343 262 348 284 346 297 331 284 309 272 301 249 312 229 271 221 264 212 255 221 237 250 242 279 245 287 221 307 194 323 190 332 201 372 210 399 212 401 213 409 179 370 180 443 171 458 191 478 194 485 193 473 183 479 165 493 172 507 185 531 197 538 194 549 244 515 251 489 242 489 219 486 191 471 141 449 115 403 116 410 157 361 180 331 255 338 290 346 311 339 325 317 340 312 378 301 369 221 365 203 376 182 385 167 377 191 356 200 419 221 429 216 442 191 468 168 459 169 436 124 416 105 416 105 441 213 523 254 530 256 529 265 530 285 524 282 581 309 561 310 562 337 605 337 620 355 623 369 605 387 614 395 626 420 632 432 608 436 553 392 505 355 504 349 489 462 487 491 512 494 456 535 427 540 416 521 412 564 409 592 387 588 376 612 380 609 433 586 451 590 534 584 555 576 557 568 542 566 542 568 525 554 535 525 549 519 576 507 579 359 574 325 551 240 479 191 420 164 377 228 328 379 343 428 393 439 402 453 372 489 378 487 388 477 393 472 321 514 294 526 349 544 363 542 370 559 324 537 248 528 198 448 199 431 205 437 227 450 229 453 223 453 235 455 235 465 220 576 390 665 393 665 405 727 404 730 412 729 388 435 623 403 650 399 669 400 400
90 3 8 15 22 25 26 36 37 40 47 48 62 63 64 67 106 117 121 125 135 155 172 181 194 195 197 210 232 245 254 258 272 285 287 303 317 330 378 387 392 395 403 413 446 459 461 481 489 506 525 558 605 614 616 617 628 635 638 647 651 674 677 687 689 704 708 731 735 744 758 766 770 792 795 797 798 808 813 826 857 861 872 885 898 933 966 986 987 989 993
182 400 400 379 395 359 396 384 412 382 421 376 420 397 369 421 387 451 381 489 416 488 472 484 483 469 501 443 508 435 514 429 497 448 541 486 568 485 573 458 603 459 618 437 609 435 595 387 614 395 626 355 623 337 620 337 605 369 605 362 564 362 549 353 555 333 557 330 551 304 518 298 485 316 476 279 457 240 479 191 468 168 459 169 436 200 419 221 429 221 365 243 381 274 380 301 369 312 378 284 346 262 348 243 343 249 312 272 301 284 309 297 331 339 325 346 311 379 343 453 372 472 321 514 294 515 251 489 242 489 219 485 193 473 183 458 191 443 171 409 179 410 157 403 116 449 115 471 141 493 172 507 185 531 197 538 194 537 248 549 244 559 324 544 363 542 370 526 349 521 412 540 416 564 409 592 387 612 380 609 433 586 451 527 473 494 456 466 470 462 487 491 512 506 505 516 531 525 549 519 576 507 579 554 535 566 542 568 542 568 525 590 534 584 555 576 557 436 553 432 608 420 632 403 650 359 574 325 551 282 581 265 530 256 529 254 530 213 523 191 420 182 385 167 377 164 377 203 376 191 356 228 328 229 271 221 264 212 255 221 237 250 242 279 245 287 221 307 194 323 190 332 201 372 210 399 212 401 213 431 205 448 199 453 223 450 229 453 235 455 235 465 220 437 227 478 194 486 191 479 165 361 180 331 255 338 290 317 340 428 393 439 402 477 393 487 388 489 378 535 427 576 390 588 376 665 393 665 405 727 404 730 412 729 388 415 498 392 505 355 504 349 489 285 524 309 561 310 562 435 623 399 669 216 442 105 441 105 416 124 416 528 198 400 400
89 3 8 15 22 25 26 36 37 40 47 48 62 63 64 67 106 117 121 125 135 155 172 181 194 195 197 210 232 245 254 258 272 285 287 303 317 330 378 387 392 395 403 413 446 459 461 481 489 506 525 558 605 616 617 628 635 638 647 651 674 677 687 689 704 708 731 735 744 758 766 770 792 795 797 798 808 813 826 857 861 872 885 898 933 966 986 987 989 993
180 400 400 379 395 359 396 384 412 382 421 376 420 397 369 421 387 451 381 489 416 488 472 484 483 469 501 443 508 435 514 429 497 448 541 486 568 485 573 458 603 459 618 437 609 435 595 387 614 395 626 355 623 337 620 337 605 369 605 362 564 362 549 353 555 333 557 330 551 304 518 298 485 316 476 279 457 240 479 191 468 168 459 169 436 200 419 221 429 221 365 243 381 274 380 301 369 312 378 284 346 262 348 243 343 249 312 272 301 284 309 297 331 339 325 346 311 379 343 453 372 472 321 514 294 515 251 489 242 489 219 485 193 473 183 458 191 443 171 409 179 410 157 403 116 449 115 471 141 493 172 507 185 531 197 538 194 537 248 549 244 559 324 544 363 542 370 526 349 521 412 540 416 564 409 592 387 612 380 609 433 586 451 527 473 494 456 466 470 462 487 491 512 506 505 516 531 525 549 519 576 507 579 554 535 566 542 568 542 568 525 590 534 584 555 576 557 436 553 432 608 420 632 403 650 359 574 325 551 282 581 265 530 256 529 254 530 213 523 191 420 182 385 167 377 164 377 203 376 191 356 228 328 229 271 221 264 212 255 221 237 250 242 279 245 287 221 307 194 323 190 332 201 372 210 399 212 401 213 431 205 448 199 453 223 450 229 453 235 455 235 465 220 437 227 478 194 486 191 479 165 361 180 331 255 338 290 317 340 428 393 439 402 477 393 487 388 489 378 535 427 576 390 588 376 665 393 665 405 727 404 730 412 729 388 415 498 392 505 355 504 349 489 285 524 309 561 310 562 435 623 399 669 216 442 124 416 105 416 400 400
88 3 8 15 22 25 26 36 37 40 47 48 62 63 64 106 117 121 125 135 155 172 181 194 195 197 210 232 245 254 258 272 285 287 303 317 330 378 387 392 395 403 413 446 459 461 481 489 506 525 558 605 616 617 628 635 638 647 651 674 677 687 689 704 708 731 735 744 758 766 770 792 795 797 798 808 813 826 857 861 872 885 898 933 966 986 987 989 993
178 400 400 379 395 359 396 384 412 382 421 376 420 397 369 421 387 451 381 489 416 488 472 484 483 469 501 443 508 435 514 429 497 448 541 486 568 485 573 458 603 459 618 437 609 435 595 387 614 395 626 355 623 337 620 337 605 369 605 362 564 362 549 353 555 333 557 330 551 304 518 298 485 279 457 240 479 191 468 168 459 169 436 200 419 221 429 221 365 243 381 274 380 301 369 312 378 284 346 262 348 243 343 249 312 272 301 284 309 297 331 339 325 346 311 379 343 453 372 472 321 514 294 515 251 489 242 489 219 485 193 473 183 458 191 443 171 409 179 410 157 403 116 449 115 471 141 493 172 507 185 531 197 538 194 537 248 549 244 559 324 544 363 542 370 526 349 521 412 540 416 564 409 592 387 612 380 609 433 586 451 527 473 494 456 466 470 462 487 491 512 506 505 516 531 525 549 519 576 507 579 554 535 566 542 568 542 568 525 590 534 584 555 576 557 436 553 432 608 420 632 403 650 359 574 325 551 282 581 265 530 256 529 254 530 213 523 191 420 182 385 167 377 164 377 203 376 191 356 228 328 229 271 221 264 212 255 221 237 250 242 279 245 287 221 307 194 323 190 332 201 372 210 399 212 401 213 431 205 448 199 453 223 450 229 453 235 455 235 465 220 478 194 486 191 479 165 361 180 331 255 338 290 317 340 428 393 439 402 477 393 487 388 489 378 535 427 576 390 588 376 665 393 665 405 727 404 730 412 729 388 415 498 392 505 355 504 349 489 285 524 309 561 310 562 435 623 399 669 216 442 124 416 105 416 400 400
87 3 8 15 22 25 26 36 37 40 47 48 62 63 64 106 117 121 125 135 155 172 181 194 195 197 210 232 245 254 258 272 285 287 303 317 330 378 387 392 395 403 413 446 459 481 489 506 525 558 605 616 617 628 635 638 647 651 674 677 687 689 704 708 731 735 744 758 766 770 792 795 797 798 808 813 826 857 861 872 885 898 933 966 986 987 989 993
176 400 400 379 395 359 396 384 412 382 421 376 420 397 369 421 387 451 381 489 416 488 472 484 483 469 501 443 508 435 514 429 497 448 541 486 568 485 573 458 603 459 618 437 609 435 595 387 614 395 626 355 623 337 620 337 605 369 605 362 564 362 549 353 555 333 557 330 551 304 518 298 485 279 457 240 479 191 468 168 459 169 436 200 419 221 429 221 365 243 381 274 380 301 369 312 378 284 346 262 348 243 343 249 312 272 301 284 309 297 331 339 325 346 311 379 343 453 372 472 321 514 294 515 251 489 242 489 219 485 193 473 183 458 191 443 171 409 179 410 157 403 116 449 115 471 141 493 172 507 185 531 197 538 194 537 248 549 244 559 324 544 363 542 370 526 349 521 412 540 416 564 409 592 387 612 380 609 433 586 451 527 473 494 456 466 470 462 487 491 512 506 505 516 531 525 549 519 576 507 579 554 535 566 542 568 542 568 525 590 534 584 555 576 557 436 553 432 608 420 632 403 650 359 574 325 551 282 581 265 530 256 529 254 530 213 523 191 420 182 385 167 377 164 377 203 376 191 356 228 328 229 271 221 264 212 255 221 237 250 242 279 245 287 221 332 201 323 190 361 180 372 210 399 212 401 213 431 205 448 199 453 223 450 229 453 235 455 235 465 220 478 194 486 191 479 165 489 378 487 388 477 393 439 402 428 393 415 498 392 505 355 504 349 489 285 524 309 561 310 562 435 623 535 427 576 390 588 376 665 393 665 405 727 404 730 412 729 388 317 340 338 290 331 255 216 442 124 416 105 416 400 400
86 3 8 15 22 25 26 36 37 40 47 48 62 63 64 106 117 121 125 135 155 172 181 194 195 197 210 232 245 254 258 272 285 287 303 317 330 378 387 392 395 403 413 446 459 481 489 506 525 558 605 616 617 628 635 638 647 651 674 677 689 704 708 731 735 744 758 766 770 792 795 797 798 808 813 826 857 861 872 885 898 933 966 986 987 989 993
174 400 400 379 395 359 396 384 412 382 421 376 420 397 369 421 387 451 381 489 416 488 472 484 483 469 501 443 508 435 514 429 497 448 541 486 568 485 573 458 603 459 618 437 609 435 595 387 614 395 626 355 623 337 620 337 605 369 605 362 564 362 549 353 555 333 557 330 551 304 518 298 485 279 457 240 479 191 468 168 459 169 436 200 419 221 429 221 365 243 381 274 380 301 369 312 378 284 346 262 348 243 343 249 312 272 301 284 309 297 331 339 325 346 311 379 343 453 372 472 321 514 294 515 251 489 242 489 219 485 193 473 183 458 191 443 171 409 179 410 157 403 116 449 115 471 141 493 172 507 185 531 197 538 194 537 248 549 244 559 324 544 363 542 370 526 349 521 412 540 416 564 409 592 387 612 380 609 433 586 451 527 473 494 456 466 470 462 487 491 512 506 505 516 531 525 549 519 576 507 579 554 535 566 542 568 542 568 525 590 534 584 555 576 557 436 553 432 608 420 632 403 650 359 574 325 551 282 581 265 530 256 529 254 530 213 523 191 420 182 385 167 377 164 377 203 376 191 356 228 328 229 271 221 264 212 255 221 237 250 242 279 245 287 221 332 201 323 190 361 180 372 210 399 212 401 213 431 205 448 199 453 223 450 229 453 235 465 220 478 194 486 191 479 165 489 378 487 388 477 393 439 402 428 393 415 498 392 505 355 504 349 489 285 524 309 561 310 562 216 442 124 416 105 416 317 340 338 290 331 255 535 427 576 390 588 376 665 393 665 405 727 404 730 412 729 388 400 400
85 3 8 15 22 25 26 36 37 40 47 48 62 63 64 106 117 121 125 135 155 172 181 194 195 197 210 232 245 254 258 272 285 287 303 317 330 378 387 392 395 403 413 446 459 481 489 506 525 558 605 616 617 628 635 638 647 651 674 677 704 708 731 735 744 758 766 770 792 795 797 798 808 813 826 857 861 872 885 898 933 966 986 987 989 993
172 400 400 379 395 359 396 384 412 382 421 376 420 397 369 421 387 451 381 489 416 488 472 484 483 469 501 443 508 435 514 429 497 448 541 486 568 485 573 458 603 459 618 437 609 435 595 387 614 395 626 355 623 337 620 337 605 369 605 362 564 362 549 353 555 333 557 330 551 304 518 298 485 279 457 240 479 191 468 168 459 169 436 200 419 221 429 221 365 243 381 274 380 301 369 312 378 284 346 262 348 243 343 249 312 272 301 284 309 297 331 339 325 346 311 379 343 453 372 472 321 514 294 515 251 489 242 489 219 485 193 473 183 458 191 443 171 409 179 410 157 403 116 449 115 471 141 493 172 507 185 531 197 538 194 537 248 549 244 559 324 544 363 542 370 526 349 521 412 540 416 564 409 592 387 612 380 609 433 586 451 527 473 494 456 466 470 462 487 491 512 506 505 516 531 525 549 519 576 507 579 554 535 566 542 568 542 568 525 590 534 584 555 576 557 436 553 432 608 420 632 403 650 359 574 325 551 282 581 265 530 256 529 254 530 213 523 191 420 182 385 167 377 164 377 203 376 191 356 228 328 229 271 221 264 212 255 250 242 279 245 287 221 332 201 323 190 361 180 372 210 399 212 401 213 431 205 448 199 453 223 450 229 453 235 465 220 478 194 486 191 479 165 489 378 487 388 477 393 439 402 428 393 415 498 392 505 355 504 349 489 285 524 309 561 310 562 216 442 124 416 105 416 317 340 338 290 535 427 576 390 588 376 665 393 665 405 727 404 730 412 729 388 400 400
84 3 8 15 22 25 26 36 37 40 47 48 62 63 64 106 117 121 125 135 155 172 181 194 195 197 210 232 245 254 258 272 285 287 303 330 378 387 392 395 403 413 446 459 481 489 506 525 558 605 616 617 628 635 638 647 651 674 677 704 708 731 735 744 758 766 770 792 795 797 798 808 813 826 857 861 872 885 898 933 966 986 987 989 993
170 400 400 379 395 359 396 384 412 382 421 376 420 397 369 421 387 451 381 489 416 488 472 484 483 469 501 443 508 435 514 429 497 448 541 486 568 485 573 458 603 459 618 437 609 435 595 387 614 395 626 355 623 337 620 337 605 369 605 362 564 362 549 353 555 333 557 330 551 304 518 298 485 279 457 240 479 191 468 168 459 169 436 200 419 221 429 221 365 243 381 274 380 301 369 312 378 284 346 262 348 243 343 249 312 272 301 284 309 297 331 339 325 346 311 379 343 453 372 472 321 514 294 515 251 489 242 489 219 485 193 473 183 458 191 443 171 409 179 410 157 403 116 449 115 471 141 493 172 507 185 531 197 538 194 537 248 549 244 559 324 544 363 542 370 526 349 521 412 540 416 564 409 592 387 612 380 609 433 586 451 527 473 494 456 466 470 462 487 491 512 506 505 525 549 519 576 507 579 554 535 566 542 568 542 568 525 590 534 584 555 576 557 436 553 432 608 420 632 403 650 359 574 325 551 282 581 265 530 256 529 254 530 213 523 191 420 182 385 167 377 164 377 203 376 191 356 228 328 229 271 221 264 212 255 250 242 279 245 287 221 332 201 323 190 361 180 372 210 399 212 401 213 431 205 448 199 453 223 450 229 453 235 465 220 478 194 486 191 479 165 489 378 487 388 477 393 439 402 428 393 415 498 392 505 355 504 349 489 285 524 309 561 310 562 216 442 124 416 105 416 317 340 535 427 576 390 588 376 665 393 665 405 727 404 730 412 729 388 400 400
83 3 8 15 22 25 26 36 37 40 47 48 62 63 64 106 117 121 125 135 155 172 181 195 197 210 232 245 254 258 272 285 287 303 330 378 387 392 395 403 413 446 459 481 489 506 525 558 605 616 617 628 635 638 647 651 674 677 704 708 731 735 744 758 766 770 792 795 797 798 808 813 826 857 861 872 885 898 933 966 986 987 989 993
168 400 400 379 395 359 396 384 412 382 421 376 420 397 369 421 387 451 381 489 416 488 472 484 483 469 501 443 508 435 514 429 497 448 541 486 568 485 573 458 603 459 618 437 609 435 595 387 614 395 626 355 623 337 620 337 605 369 605 362 564 362 549 353 555 333 557 330 551 304 518 298 485 279 457 240 479 191 468 168 459 169 436 200 419 221 429 221 365 243 381 274 380 301 369 312 378 284 346 262 348 243 343 249 312 272 301 284 309 297 331 339 325 346 311 379 343 453 372 472 321 514 294 515 251 489 242 489 219 485 193 473 183 458 191 443 171 409 179 410 157 403 116 471 141 493 172 507 185 531 197 538 194 537 248 549 244 559 324 544 363 542 370 526 349 521 412 540 416 564 409 592 387 612 380 609 433 586 451 527 473 494 456 466 470 462 487 491 512 506 505 525 549 519 576 507 579 554 535 566 542 568 542 568 525 590 534 584 555 576 557 436 553 432 608 420 632 403 650 359 574 325 551 282 581 265 530 256 529 254 530 213 523 191 420 182 385 167 377 164 377 203 376 191 356 228 328 229 271 221 264 212 255 250 242 279 245 287 221 332 201 323 190 361 180 372 210 399 212 401 213 431 205 448 199 453 223 450 229 453 235 465 220 478 194 486 191 479 165 489 378 487 388 477 393 439 402 428 393 415 498 392 505 355 504 349 489 285 524 309 561 310 562 216 442 124 416 105 416 535 427 576 390 588 376 665 393 665 405 727 404 730 412 729 388 400 400
82 3 8 15 22 25 26 36 37 40 47 48 62 63 64 106 117 121 125 135 155 172 181 195 197 210 232 245 254 258 272 285 287 303 330 378 387 392 395 403 413 446 459 481 489 506 525 558 605 616 617 628 635 638 651 674 677 704 708 731 735 744 758 766 770 792 795 797 798 808 813 826 857 861 872 885 898 933 966 986 987 989 993
166 400 400 379 395 359 396 384 412 382 421 376 420 397 369 421 387 451 381 489 416 488 472 484 483 469 501 443 508 435 514 429 497 448 541 486 568 485 573 458 603 459 618 437 609 435 595 387 614 395 626 355 623 337 620 337 605 369 605 362 564 362 549 353 555 333 557 330 551 304 518 298 485 279 457 240 479 191 468 168 459 169 436 200 419 221 429 221 365 243 381 274 380 301 369 312 378 284 346 262 348 243 343 249 312 272 301 284 309 297 331 339 325 346 311 379 343 453 372 472 321 514 294 515 251 489 242 489 219 485 193 473 183 458 191 443 171 409 179 410 157 401 213 399 212 372 210 332 201 323 190 287 221 279 245 250 242 229 271 221 264 212 255 191 356 203 376 182 385 167 377 124 416 105 416 216 442 213 523 254 530 256 529 265 530 285 524 282 581 309 561 310 562 355 504 349 489 392 505 462 487 466 470 527 473 506 505 491 512 525 549 519 576 507 579 554 535 566 542 568 542 568 525 590 534 584 555 576 557 586 451 609 433 612 380 592 387 588 376 542 370 544 363 526 349 489 378 487 388 477 393 439 402 428 393 521 412 540 416 535 427 564 409 665 405 665 393 729 388 727 404 730 412 549 244 538 194 531 197 507 185 493 172 479 165 478 194 486 191 448 199 431 205 453 223 450 229 453 235 465 220 471 141 361 180 537 248 576 390 494 456 415 498 436 553 432 608 420 632 403 650 359 574 325 551 191 420 164 377 228 328 400 400
81 3 8 15 22 25 26 36 37 40 47 48 62 63 64 106 117 121 135 155 172 181 195 197 210 232 245 254 258 272 285 287 303 330 378 387 392 395 403 413 446 459 481 489 506 525 558 605 616 617 628 635 638 651 674 677 704 708 731 735 744 758 766 770 792 795 797 798 808 813 826 857 861 872 885 898 933 966 986 987 989 993
164 400 400 379 395 359 396 384 412 382 421 376 420 397 369 421 387 451 381 489 416 488 472 484 483 469 501 443 508 435 514 429 497 448 541 486 568 485 573 458 603 459 618 437 609 435 595 387 614 395 626 355 623 337 620 337 605 369 605 362 564 362 549 353 555 333 557 330 551 304 518 298 485 279 457 240 479 191 468 168 459 169 436 200 419 221 429 221 365 243 381 274 380 301 369 312 378 284 346 262 348 243 343 249 312 272 301 284 309 297 331 339 325 346 311 379 343 453 372 472 321 514 294 515 251 489 242 489 219 485 193 473 183 458 191 443 171 409 179 410 157 401 213 399 212 372 210 332 201 323 190 287 221 279 245 250 242 229 271 221 264 212 255 191 356 203 376 182 385 167 377 124 416 105 416 216 442 213 523 254 530 256 529 265 530 285 524 282 581 309 561 310 562 355 504 349 489 392 505 462 487 466 470 527 473 506 505 491 512 525 549 519 576 507 579 554 535 566 542 568 542 568 525 590 534 584 555 576 557 586 451 609 433 612 380 592 387 588 376 542 370 544 363 526 349 489 378 487 388 477 393 439 402 428 393 521 412 540 416 535 427 564 409 665 405 665 393 729 388 727 404 730 412 549 244 538 194 531 197 507 185 486 191 478 194 479 165 471 141 448 199 431 205 453 223 450 229 453 235 465 220 537 248 576 390 494 456 415 498 436 553 432 608 420 632 403 650 359 574 325 551 191 420 164 377 228 328 400 400
80 3 8 15 22 25 26 36 37 40 47 48 62 63 64 106 117 121 135 155 172 181 195 197 210 232 245 254 258 272 285 287 303 330 378 387 392 395 403 413 446 459 481 489 506 525 558 605 616 617 628 635 638 651 677 704 708 731 735 744 758 766 770 792 795 797 798 808 813 826 857 861 872 885 898 933 966 986 987 989 993
162 400 400 379 395 359 396 384 412 382 421 376 420 397 369 421 387 451 381 489 416 488 472 484 483 469 501 443 508 435 514 429 497 448 541 486 568 485 573 458 603 459 618 437 609 435 595 387 614 395 626 355 623 337 620 337 605 369 605 362 564 362 549 353 555 333 557 330 551 304 518 298 485 279 457 240 479 191 468 168 459 169 436 200 419 221 429 221 365 243 381 274 380 301 369 312 378 284 346 262 348 243 343 249 312 272 301 284 309 297 331 339 325 346 311 379 343 453 372 472 321 514 294 515 251 489 242 489 219 485 193 473 183 458 191 443 171 409 179 410 157 401 213 399 212 372 210 332 201 323 190 287 221 279 245 250 242 229 271 221 264 212 255 191 356 203 376 182 385 167 377 124 416 105 416 216 442 213 523 254 530 256 529 265 530 285 524 282 581 309 561 310 562 355 504 349 489 392 505 462 487 466 470 527 473 506 505 491 512 525 549 519 576 507 579 554 535 566 542 568 542 568 525 590 534 584 555 576 557 586 451 609 433 612 380 588 376 542 370 544 363 526 349 489 378 487 388 477 393 439 402 428 393 521 412 540 416 535 427 564 409 665 405 665 393 729 388 727 404 730 412 549 244 538 194 531 197 507 185 486 191 478 194 479 165 471 141 448 199 431 205 453 223 450 229 453 235 465 220 537 248 576 390 494 456 415 498 436 553 432 608 420 632 403 650 359 574 325 551 191 420 164 377 400 400
79 3 8 15 22 25 26 36 37 40 47 48 62 63 64 106 117 121 135 155 172 181 195 197 210 232 245 254 258 272 285 287 303 330 378 387 392 395 403 413 446 459 481 489 506 525 558 605 616 617 628 635 638 651 677 704 708 731 735 744 758 766 770 792 795 797 798 808 826 857 861 872 885 898 933 966 986 987 989 993
160 400 400 379 395 359 396 384 412 382 421 376 420 397 369 421 387 451 381 489 416 488 472 484 483 469 501 443 508 435 514 429 497 448 541 486 568 485 573 458 603 459 618 437 609 435 595 387 614 395 626 355 623 337 620 337 605 369 605 362 564 362 549 353 555 333 557 330 551 304 518 298 485 279 457 240 479 191 468 168 459 169 436 200 419 221 429 221 365 243 381 274 380 301 369 312 378 284 346 262 348 243 343 249 312 272 301 284 309 297 331 339 325 346 311 379 343 453 372 472 321 514 294 515 251 489 242 489 219 485 193 473 183 458 191 443 171 409 179 410 157 401 213 399 212 372 210 332 201 323 190 287 221 279 245 250 242 229 271 221 264 212 255 191 356 203 376 182 385 167 377 124 416 105 416 216 442 213 523 254 530 265 530 285 524 282 581 309 561 310 562 355 504 349 489 392 505 462 487 466 470 527 473 506 505 491 512 525 549 519 576 507 579 554 535 566 542 568 542 568 525 590 534 584 555 576 557 586 451 609 433 612 380 588 376 542 370 544 363 526 349 489 378 487 388 477 393 439 402 428 393 521 412 540 416 535 427 564 409 665 405 665 393 729 388 727 404 730 412 549 244 538 194 531 197 507 185 486 191 478 194 479 165 471 141 448 199 431 205 453 223 450 229 453 235 465 220 537 248 576 390 494 456 415 498 436 553 432 608 420 632 403 650 359 574 325 551 191 420 400 400
78 3 8 15 22 25 26 36 37 40 47 48 62 63 64 106 117 121 135 155 172 181 195 197 210 232 245 254 258 272 285 287 303 330 378 387 395 403 413 446 459 481 489 506 525 558 605 616 617 628 635 638 651 677 704 708 731 735 744 758 766 770 792 795 797 798 808 826 857 861 872 885 898 933 966 986 987 989 993
158 400 400 379 395 359 396 384 412 382 421 376 420 397 369 421 387 451 381 489 416 488 472 484 483 469 501 443 508 435 514 429 497 448 541 486 568 485 573 458 603 459 618 437 609 435 595 387 614 395 626 355 623 337 620 337 605 369 605 362 564 362 549 353 555 333 557 330 551 304 518 298 485 279 457 240 479 191 468 168 459 169 436 200 419 221 429 221 365 243 381 274 380 301 369 312 378 284 346 262 348 243 343 249 312 272 301 284 309 297 331 339 325 346 311 379 343 453 372 472 321 514 294 515 251 489 242 489 219 485 193 473 183 458 191 443 171 409 179 410 157 401 213 399 212 372 210 332 201 323 190 287 221 279 245 250 242 229 271 221 264 212 255 191 356 203 376 182 385 167 377 124 416 105 416 216 442 213 523 254 530 265 530 285 524 282 581 309 561 310 562 355 504 349 489 392 505 462 487 466 470 527 473 506 505 491 512 525 549 519 576 507 579 576 557 584 555 590 534 568 542 566 542 568 525 586 451 609 433 612 380 588 376 542 370 544 363 526 349 489 378 487 388 477 393 439 402 428 393 521 412 540 416 535 427 564 409 665 405 665 393 729 388 727 404 730 412 549 244 538 194 531 197 507 185 486 191 478 194 479 165 471 141 448 199 431 205 453 223 450 229 453 235 465 220 537 248 576 390 494 456 415 498 436 553 432 608 420 632 403 650 359 574 325 551 400 400
77 3 8 15 22 25 26 36 37 40 47 48 62 63 64 106 117 121 135 155 172 181 195 197 210 232 245 254 258 272 285 287 303 330 378 387 395 403 413 459 481 489 506 525 558 605 616 617 628 635 638 651 677 704 708 731 735 744 758 766 770 792 795 797 798 808 826 857 861 872 885 898 933 966 986 987 989 993
156 400 400 379 395 359 396 384 412 382 421 376 420 397 369 421 387 451 381 489 416 488 472 484 483 469 501 443 508 435 514 429 497 448 541 486 568 485 573 458 603 459 618 437 609 435 595 387 614 395 626 355 623 337 620 337 605 369 605 362 564 362 549 353 555 333 557 330 551 304 518 298 485 279 457 240 479 191 468 168 459 169 436 200 419 221 429 221 365 243 381 274 380 301 369 312 378 284 346 262 348 243 343 249 312 272 301 284 309 297 331 339 325 346 311 379 343 453 372 472 321 514 294 515 251 489 242 489 219 485 193 473 183 458 191 443 171 409 179 410 157 401 213 399 212 372 210 332 201 323 190 287 221 279 245 250 242 229 271 221 264 212 255 191 356 203 376 182 385 167 377 124 416 105 416 216 442 213 523 254 530 265 530 285 524 282 581 309 561 310 562 355 504 349 489 392 505 462 487 466 470 527 473 506 505 491 512 525 549 519 576 507 579 576 557 584 555 590 534 568 542 566 542 568 525 586 451 609 433 612 380 588 376 542 370 544 363 526 349 489 378 487 388 477 393 439 402 428 393 521 412 540 416 535 427 564 409 665 405 665 393 729 388 727 404 730 412 549 244 538 194 531 197 507 185 486 191 478 194 479 165 471 141 448 199 431 205 450 229 453 235 465 220 537 248 494 456 415 498 436 553 432 608 420 632 403 650 359 574 325 551 400 400
76 3 8 15 22 25 26 37 40 47 48 62 63 64 106 117 121 135 155 172 181 195 197 210 232 245 254 258 272 285 287 303 330 378 387 395 403 413 459 481 489 506 525 558 605 616 617 628 635 638 651 677 704 708 731 735 744 758 766 770 792 795 797 798 808 826 857 861 872 885 898 933 966 986 987 989 993
154 400 400 379 395 359 396 384 412 382 421 376 420 397 369 421 387 451 381 489 416 488 472 484 483 469 501 443 508 435 514 429 497 448 541 486 568 485 573 458 603 459 618 437 609 435 595 387 614 395 626 355 623 337 620 337 605 369 605 362 564 362 549 353 555 333 557 330 551 304 518 298 485 279 457 240 479 191 468 168 459 169 436 200 419 221 429 221 365 243 381 274 380 301 369 312 378 284 346 262 348 243 343 249 312 272 301 284 309 297 331 339 325 346 311 379 343 453 372 472 321 514 294 515 251 489 242 489 219 485 193 473 183 458 191 443 171 409 179 410 157 401 213 399 212 372 210 332 201 323 190 287 221 279 245 250 242 229 271 221 264 212 255 191 356 203 376 182 385 167 377 124 416 105 416 216 442 213 523 254 530 265 530 285 524 282 581 309 561 310 562 355 504 349 489 392 505 462 487 466 470 527 473 506 505 491 512 525 549 519 576 507 579 576 557 584 555 590 534 568 542 566 542 568 525 586 451 609 433 612 380 588 376 542 370 544 363 526 349 489 378 487 388 477 393 439 402 428 393 521 412 540 416 535 427 564 409 665 405 665 393 729 388 727 404 730 412 549 244 538 194 531 197 507 185 486 191 478 194 479 165 448 199 431 205 450 229 453 235 465 220 494 456 415 498 436 553 432 608 420 632 403 650 359 574 325 551 400 400
75 3 8 15 22 25 26 37 40 47 48 62 63 64 106 117 121 135 155 172 181 195 197 210 232 245 254 258 272 285 287 303 330 378 387 403 413 459 481 489 506 525 558 605 616 617 628 635 638 651 677 704 708 731 735 744 758 766 770 792 795 797 798 808 826 857 861 872 885 898 933 966 986 987 989 993
152 400 400 379 395 359 396 384 412 382 421 376 420 397 369 421 387 451 381 489 416 488 472 484 483 469 501 443 508 435 514 429 497 448 541 486 568 485 573 458 603 459 618 437 609 435 595 387 614 395 626 355 623 337 620 337 605 369 605 362 564 362 549 353 555 333 557 330 551 304 518 298 485 279 457 240 479 191 468 168 459 169 436 200 419 221 429 221 365 243 381 274 380 301 369 312 378 284 346 262 348 243 343 249 312 272 301 284 309 297 331 339 325 346 311 379 343 453 372 472 321 514 294 515 251 489 242 489 219 485 193 473 183 458 191 443 171 409 179 410 157 401 213 399 212 372 210 332 201 323 190 287 221 279 245 250 242 229 271 221 264 212 255 191 356 203 376 182 385 167 377 124 416 105 416 216 442 213 523 254 530 265 530 285 524 282 581 309 561 310 562 355 504 349 489 392 505 462 487 466 470 491 512 506 505 525 549 519 576 507 579 576 557 584 555 590 534 568 542 566 542 568 525 586 451 609 433 612 380 588 376 542 370 544 363 526 349 489 378 487 388 477 393 439 402 428 393 521 412 540 416 535 427 564 409 665 405 665 393 729 388 727 404 730 412 549 244 538 194 531 197 507 185 486 191 478 194 479 165 448 199 431 205 450 229 453 235 465 220 494 456 436 553 432 608 420 632 403 650 359 574 325 551 400 400
74 3 8 15 22 25 26 37 40 47 48 62 63 64 106 117 121 135 155 172 181 195 197 210 232 245 254 258 272 285 287 303 330 378 387 403 413 459 489 506 525 558 605 616 617 628 635 638 651 677 704 708 731 735 744 758 766 770 792 795 797 798 808 826 857 861 872 885 898 933 966 986 987 989 993
150 400 400 379 395 359 396 384 412 382 421 376 420 397 369 421 387 451 381 489 416 488 472 484 483 469 501 443 508 435 514 429 497 448 541 486 568 485 573 458 603 459 618 437 609 435 595 387 614 395 626 355 623 337 620 337 605 369 605 362 564 362 549 353 555 333 557 330 551 304 518 298 485 279 457 240 479 191 468 168 459 169 436 200 419 221 429 221 365 243 381 274 380 301 369 312 378 284 346 262 348 243 343 249 312 272 301 284 309 297 331 339 325 346 311 379 343 453 372 472 321 514 294 515 251 489 242 489 219 485 193 473 183 458 191 443 171 409 179 410 157 401 213 399 212 372 210 332 201 323 190 287 221 279 245 250 242 229 271 221 264 212 255 191 356 203 376 182 385 167 377 124 416 105 416 216 442 213 523 254 530 265 530 285 524 309 561 310 562 355 504 349 489 392 505 462 487 466 470 491 512 506 505 525 549 519 576 507 579 576 557 584 555 590 534 568 542 566 542 568 525 586 451 609 433 612 380 588 376 542 370 544 363 526 349 489 378 487 388 477 393 439 402 428 393 521 412 540 416 535 427 564 409 665 405 665 393 729 388 727 404 730 412 549 244 538 194 531 197 507 185 486 191 478 194 479 165 448 199 450 229 453 235 465 220 494 456 436 553 432 608 420 632 403 650 359 574 325 551 400 400
73 3 8 15 22 25 26 37 40 47 48 62 63 64 106 117 121 135 155 172 181 195 197 210 232 245 254 258 272 285 287 303 330 378 387 403 459 489 506 525 558 605 616 617 628 635 638 651 677 704 708 731 735 744 758 766 770 792 795 797 798 808 826 857 861 872 885 898 933 966 986 987 989 993
148 400 400 379 395 359 396 384 412 382 421 376 420 397 369 421 387 451 381 489 416 488 472 484 483 469 501 443 508 435 514 429 497 448 541 486 568 485 573 458 603 459 618 437 609 435 595 387 614 395 626 355 623 337 620 337 605 369 605 362 564 362 549 353 555 333 557 330 551 304 518 298 485 279 457 240 479 191 468 168 459 169 436 200 419 221 429 221 365 243 381 274 380 301 369 312 378 284 346 262 348 243 343 249 312 272 301 284 309 297 331 339 325 346 311 379 343 453 372 472 321 514 294 515 251 489 242 489 219 485 193 473 183 458 191 443 171 409 179 410 157 401 213 399 212 372 210 332 201 323 190 287 221 279 245 250 242 229 271 221 264 212 255 191 356 203 376 182 385 167 377 124 416 105 416 216 442 213 523 254 530 265 530 285 524 309 561 310 562 355 504 349 489 392 505 462 487 466 470 491 512 506 505 525 549 519 576 507 579 576 557 584 555 590 534 568 542 566 542 568 525 586 451 609 433 564 409 540 416 535 427 521 412 487 388 489 378 477 393 439 402 428 393 542 370 544 363 526 349 588 376 665 393 665 405 727 404 730 412 729 388 549 244 538 194 531 197 507 185 486 191 478 194 479 165 448 199 450 229 453 235 465 220 494 456 436 553 432 608 420 632 403 650 359 574 400 400
72 3 8 15 22 25 26 37 40 47 48 62 63 64 106 117 121 135 155 172 181 195 197 210 232 245 254 272 285 287 303 330 378 387 403 459 489 506 525 558 605 616 617 628 635 638 651 677 704 708 731 735 744 758 766 770 792 795 797 798 808 826 857 861 872 885 898 933 966 986 987 989 993
146 400 400 379 395 359 396 384 412 382 421 376 420 397 369 421 387 451 381 489 416 488 472 484 483 469 501 443 508 435 514 429 497 448 541 486 568 485 573 458 603 459 618 437 609 435 595 387 614 395 626 355 623 337 620 337 605 369 605 362 564 362 549 353 555 333 557 330 551 304 518 298 485 279 457 240 479 191 468 168 459 169 436 200 419 221 429 221 365 243 381 274 380 301 369 312 378 284 346 262 348 243 343 249 312 272 301 284 309 297 331 339 325 346 311 379 343 453 372 472 321 514 294 515 251 489 242 489 219 485 193 473 183 458 191 443 171 409 179 410 157 401 213 399 212 372 210 332 201 323 190 287 221 279 245 250 242 229 271 221 264 212 255 191 356 203 376 182 385 167 377 124 416 105 416 216 442 213 523 254 530 265 530 285 524 309 561 310 562 355 504 349 489 392 505 462 487 466 470 491 512 506 505 525 549 519 576 507 579 576 557 584 555 590 534 568 542 566 542 568 525 586 451 564 409 540 416 535 427 521 412 487 388 489 378 477 393 439 402 428 393 542 370 544 363 526 349 588 376 665 393 665 405 727 404 730 412 729 388 549 244 538 194 531 197 507 185 486 191 478 194 479 165 448 199 450 229 453 235 465 220 494 456 436 553 432 608 420 632 403 650 400 400
71 3 8 15 22 25 26 37 40 47 48 62 63 64 106 117 121 135 155 172 181 195 197 210 232 245 254 272 285 287 303 330 378 387 403 459 489 506 525 558 605 617 628 635 638 651 677 704 708 731 735 744 758 766 770 792 795 797 798 808 826 857 861 872 885 898 933 966 986 987 989 993
144 400 400 379 395 359 396 384 412 382 421 376 420 421 387 451 381 489 416 488 472 484 483 469 501 443 508 435 514 429 497 448 541 486 568 485 573 458 603 459 618 437 609 435 595 387 614 395 626 355 623 337 620 337 605 369 605 362 564 362 549 353 555 333 557 330 551 304 518 298 485 279 457 240 479 191 468 168 459 169 436 200 419 221 429 243 381 274 380 301 369 312 378 284 346 262 348 243 343 249 312 272 301 284 309 297 331 339 325 346 311 379 343 453 372 472 321 514 294 515 251 489 242 489 219 485 193 473 183 458 191 443 171 409 179 410 157 401 213 399 212 372 210 332 201 323 190 287 221 279 245 250 242 229 271 221 264 212 255 191 356 203 376 182 385 167 377 124 416 105 416 216 442 213 523 254 530 265 530 285 524 309 561 310 562 355 504 349 489 392 505 462 487 466 470 491 512 506 505 525 549 519 576 507 579 576 557 584 555 590 534 568 542 566 542 568 525 586 451 564 409 540 416 535 427 521 412 487 388 489 378 477 393 439 402 428 393 542 370 544 363 526 349 588 376 665 393 665 405 727 404 730 412 729 388 549 244 538 194 531 197 507 185 486 191 478 194 479 165 448 199 450 229 453 235 465 220 494 456 436 553 432 608 420 632 403 650 400 400
70 3 8 15 22 25 26 37 40 47 48 62 63 64 106 117 121 135 155 172 181 195 197 210 232 245 254 272 285 287 303 330 378 387 403 459 489 506 525 558 605 617 628 635 638 651 677 704 708 731 735 744 758 766 770 795 797 798 808 826 857 861 872 885 898 933 966 986 987 989 993
142 400 400 379 395 359 396 384 412 382 421 376 420 421 387 451 381 489 416 488 472 484 483 469 501 443 508 435 514 429 497 448 541 486 568 485 573 458 603 459 618 437 609 435 595 387 614 395 626 355 623 337 620 337 605 369 605 362 564 362 549 353 555 333 557 330 551 304 518 298 485 279 457 240 479 221 429 200 419 169 436 168 459 167 377 182 385 243 381 274 380 301 369 312 378 284 346 262 348 243 343 249 312 272 301 284 309 297 331 339 325 346 311 379 343 453 372 489 378 542 370 544 363 540 416 521 412 564 409 586 451 590 534 584 555 576 557 568 542 566 542 568 525 525 549 507 579 506 505 491 512 462 487 466 470 439 402 472 321 514 294 515 251 489 242 489 219 465 220 450 229 453 235 458 191 478 194 485 193 473 183 507 185 531 197 538 194 549 244 486 191 443 171 409 179 410 157 401 213 399 212 372 210 332 201 323 190 287 221 279 245 250 242 229 271 221 264 212 255 191 356 203 376 216 442 213 523 254 530 265 530 285 524 309 561 310 562 355 504 349 489 392 505 436 553 432 608 420 632 403 650 519 576 494 456 535 427 487 388 477 393 428 393 588 376 665 393 665 405 727 404 730 412 729 388 448 199 479 165 124 416 105 416 400 400
69 3 8 15 22 25 26 37 40 47 48 62 63 64 106 117 121 135 155 172 181 195 197 210 232 245 254 272 285 287 303 330 378 387 403 459 489 506 525 558 605 617 628 635 638 651 677 704 708 731 735 744 758 766 770 795 797 798 808 826 861 872 885 898 933 966 986 987 989 993
140 400 400 379 395 359 396 384 412 382 421 376 420 421 387 451 381 489 416 488 472 484 483 469 501 443 508 435 514 429 497 448 541 486 568 485 573 458 603 459 618 437 609 435 595 387 614 395 626 355 623 337 620 337 605 369 605 362 564 362 549 353 555 333 557 330 551 304 518 298 485 279 457 240 479 221 429 200 419 169 436 168 459 167 377 182 385 243 381 274 380 301 369 312 378 284 346 262 348 243 343 249 312 272 301 284 309 297 331 339 325 346 311 379 343 453 372 489 378 542 370 544 363 540 416 521 412 564 409 586 451 590 534 584 555 576 557 568 542 566 542 568 525 525 549 507 579 506 505 491 512 462 487 466 470 439 402 472 321 514 294 515 251 489 242 489 219 465 220 450 229 453 235 458 191 478 194 485 193 473 183 507 185 531 197 538 194 549 244 486 191 443 171 409 179 410 157 401 213 372 210 332 201 323 190 287 221 279 245 250 242 229 271 221 264 212 255 191 356 203 376 216 442 213 523 254 530 265 530 285 524 309 561 310 562 355 504 349 489 392 505 436 553 432 608 420 632 403 650 519 576 494 456 535 427 487 388 477 393 428 393 588 376 665 393 665 405 727 404 730 412 729 388 448 199 124 416 105 416 400 400
68 3 8 15 22 25 26 37 40 47 48 62 63 106 117 121 135 155 172 181 195 197 210 232 245 254 272 285 287 303 330 378 387 403 459 489 506 525 558 605 617 628 635 638 651 677 704 708 731 735 744 758 766 770 795 797 798 808 826 861 872 885 898 933 966 986 987 989 993
138 400 400 379 395 359 396 384 412 382 421 376 420 421 387 451 381 489 416 488 472 484 483 469 501 443 508 435 514 429 497 448 541 486 568 485 573 458 603 459 618 437 609 435 595 387 614 395 626 355 623 337 620 337 605 369 605 362 564 362 549 353 555 333 557 330 551 304 518 298 485 279 457 240 479 221 429 200 419 169 436 168 459 167 377 182 385 243 381 274 380 301 369 312 378 284 346 262 348 243 343 249 312 272 301 284 309 297 331 339 325 346 311 379 343 453 372 489 378 542 370 544 363 540 416 521 412 564 409 586 451 590 534 584 555 576 557 568 542 566 542 568 525 525 549 507 579 506 505 491 512 462 487 466 470 439 402 472 321 514 294 515 251 489 242 489 219 465 220 450 229 453 235 458 191 478 194 485 193 473 183 507 185 531 197 538 194 549 244 486 191 443 171 409 179 410 157 401 213 372 210 332 201 323 190 287 221 279 245 250 242 229 271 221 264 212 255 191 356 203 376 216 442 213 523 254 530 285 524 309 561 310 562 355 504 349 489 392 505 436 553 432 608 420 632 403 650 519 576 494 456 535 427 487 388 477 393 428 393 588 376 665 393 665 405 727 404 730 412 729 388 124 416 105 416 400 400
67 3 8 15 22 25 26 37 40 47 48 62 63 106 117 121 135 155 172 181 195 197 210 232 254 272 285 287 303 330 378 387 403 459 489 506 525 558 605 617 628 635 638 651 677 704 708 731 735 744 758 766 770 795 797 798 808 826 861 872 885 898 933 966 986 987 989 993
136 400 400 379 395 359 396 384 412 382 421 376 420 421 387 451 381 489 416 488 472 484 483 469 501 443 508 435 514 429 497 448 541 486 568 485 573 458 603 459 618 437 609 435 595 387 614 395 626 355 623 337 620 337 605 369 605 362 564 362 549 353 555 333 557 330 551 304 518 298 485 279 457 240 479 221 429 200 419 169 436 168 459 167 377 182 385 243 381 274 380 301 369 312 378 284 346 262 348 243 343 249 312 272 301 284 309 297 331 339 325 346 311 379 343 453 372 489 378 542 370 544 363 540 416 521 412 564 409 586 451 590 534 584 555 576 557 568 542 566 542 568 525 525 549 507 579 506 505 491 512 462 487 466 470 439 402 472 321 514 294 515 251 489 242 489 219 465 220 450 229 453 235 458 191 478 194 485 193 473 183 507 185 531 197 538 194 443 171 409 179 410 157 401 213 372 210 332 201 323 190 287 221 279 245 250 242 229 271 221 264 212 255 191 356 203 376 216 442 213 523 254 530 285 524 309 561 310 562 355 504 349 489 392 505 436 553 432 608 420 632 403 650 519 576 494 456 535 427 487 388 477 393 428 393 588 376 665 393 665 405 727 404 730 412 729 388 124 416 105 416 400 400
66 3 8 15 22 25 26 37 40 47 48 62 63 106 117 121 135 155 172 181 195 197 210 232 254 272 285 287 303 330 378 387 403 459 489 506 525 558 605 617 628 635 638 651 677 704 708 731 735 744 758 766 770 795 797 798 808 826 872 885 898 933 966 986 987 989 993
134 400 400 379 395 359 396 384 412 382 421 376 420 421 387 451 381 489 416 488 472 484 483 469 501 443 508 435 514 429 497 448 541 486 568 485 573 458 603 459 618 437 609 435 595 387 614 395 626 355 623 337 620 337 605 369 605 362 564 362 549 353 555 333 557 330 551 304 518 298 485 279 457 240 479 221 429 200 419 169 436 168 459 167 377 182 385 243 381 274 380 301 369 312 378 284 346 262 348 243 343 249 312 272 301 284 309 297 331 339 325 346 311 379 343 453 372 489 378 542 370 544 363 540 416 521 412 564 409 586 451 590 534 584 555 576 557 568 542 566 542 568 525 525 549 507 579 506 505 491 512 462 487 466 470 439 402 472 321 514 294 515 251 489 242 489 219 465 220 450 229 453 235 458 191 478 194 485 193 473 183 507 185 531 197 538 194 443 171 409 179 410 157 401 213 372 210 332 201 287 221 279 245 250 242 229 271 221 264 212 255 191 356 203 376 216 442 213 523 254 530 285 524 309 561 310 562 355 504 349 489 392 505 436 553 432 608 420 632 403 650 519 576 494 456 487 388 477 393 428 393 588 376 665 393 665 405 727 404 730 412 729 388 124 416 105 416 400 400
65 3 8 15 22 25 26 37 40 47 48 62 63 106 117 121 135 155 181 195 197 210 232 254 272 285 287 303 330 378 387 403 459 489 506 525 558 605 617 628 635 638 651 677 704 708 731 735 744 758 766 770 795 797 798 808 826 872 885 898 933 966 986 987 989 993
132 400 400 379 395 359 396 384 412 382 421 376 420 421 387 451 381 489 416 488 472 484 483 469 501 443 508 435 514 429 497 448 541 486 568 485 573 458 603 459 618 437 609 435 595 387 614 395 626 355 623 337 620 337 605 369 605 362 564 362 549 353 555 333 557 330 551 304 518 298 485 279 457 240 479 221 429 200 419 169 436 168 459 167 377 182 385 243 381 274 380 301 369 312 378 284 346 262 348 243 343 249 312 272 301 284 309 297 331 339 325 346 311 379 343 453 372 489 378 542 370 544 363 540 416 521 412 564 409 586 451 590 534 584 555 576 557 568 542 566 542 568 525 525 549 507 579 506 505 491 512 462 487 466 470 439 402 472 321 514 294 515 251 489 242 489 219 465 220 450 229 453 235 458 191 478 194 485 193 473 183 507 185 531 197 538 194 443 171 409 179 410 157 401 213 372 210 332 201 279 245 250 242 229 271 221 264 212 255 191 356 203 376 216 442 213 523 254 530 285 524 309 561 310 562 355 504 349 489 392 505 436 553 432 608 420 632 403 650 519 576 494 456 487 388 477 393 588 376 665 393 665 405 727 404 730 412 729 388 124 416 105 416 400 400
64 3 8 15 22 25 26 37 40 47 48 62 63 106 117 121 135 155 181 195 197 210 232 254 272 285 287 303 330 378 387 403 459 489 506 525 558 605 617 628 635 638 651 677 704 708 731 735 744 758 766 770 797 798 808 826 872 885 898 933 966 986 987 989 993
130 400 400 379 395 359 396 384 412 382 421 376 420 421 387 451 381 489 416 488 472 484 483 469 501 443 508 435 514 429 497 448 541 486 568 485 573 458 603 459 618 437 609 435 595 387 614 395 626 355 623 337 620 337 605 369 605 362 564 362 549 353 555 333 557 330 551 304 518 298 485 240 479 221 429 200 419 169 436 167 377 182 385 243 381 274 380 301 369 312 378 284 346 262 348 243 343 249 312 272 301 284 309 297 331 339 325 346 311 379 343 453 372 489 378 542 370 544 363 540 416 521 412 564 409 586 451 590 534 584 555 576 557 568 542 566 542 568 525 525 549 507 579 506 505 491 512 462 487 466 470 439 402 472 321 514 294 515 251 489 242 489 219 465 220 450 229 453 235 458 191 478 194 485 193 473 183 507 185 531 197 538 194 443 171 409 179 410 157 401 213 372 210 332 201 279 245 250 242 229 271 221 264 212 255 191 356 203 376 216 442 213 523 254 530 285 524 309 561 310 562 355 504 349 489 392 505 436 553 432 608 420 632 403 650 519 576 494 456 487 388 477 393 588 376 665 393 665 405 727 404 730 412 729 388 124 416 105 416 400 400
63 3 8 15 22 25 26 40 47 48 62 63 106 117 121 135 155 181 195 197 210 232 254 272 285 287 303 330 378 387 403 459 489 506 525 558 605 617 628 635 638 651 677 704 708 731 735 744 758 766 770 797 798 808 826 872 885 898 933 966 986 987 989 993
128 400 400 379 395 359 396 384 412 382 421 376 420 421 387 451 381 489 416 488 472 484 483 469 501 443 508 435 514 429 497 448 541 486 568 485 573 458 603 459 618 437 609 435 595 387 614 395 626 355 623 337 620 337 605 369 605 362 564 362 549 353 555 333 557 330 551 304 518 298 485 240 479 221 429 200 419 169 436 182 385 243 381 274 380 301 369 312 378 284 346 262 348 243 343 249 312 272 301 284 309 297 331 339 325 346 311 379 343 453 372 489 378 542 370 544 363 540 416 521 412 564 409 586 451 590 534 584 555 576 557 568 542 566 542 568 525 525 549 507 579 506 505 491 512 462 487 466 470 392 505 436 553 432 608 420 632 213 523 191 356 212 255 221 264 229 271 250 242 279 245 332 201 372 210 401 213 409 179 443 171 458 191 478 194 485 193 473 183 507 185 531 197 538 194 489 219 489 242 515 251 514 294 472 321 477 393 487 388 494 456 519 576 403 650 310 562 309 561 285 524 254 530 216 442 203 376 124 416 105 416 349 489 355 504 588 376 665 393 665 405 727 404 730 412 729 388 453 235 450 229 465 220 410 157 400 400
62 3 8 15 22 25 26 40 47 62 63 106 117 121 135 155 181 195 197 210 232 254 272 285 287 303 330 378 387 403 459 489 506 525 558 605 617 628 635 638 651 677 704 708 731 735 744 758 766 770 797 798 808 826 872 885 898 933 966 986 987 989 993
126 400 400 379 395 359 396 384 412 382 421 376 420 421 387 451 381 489 416 488 472 484 483 469 501 443 508 435 514 429 497 448 541 486 568 485 573 458 603 459 618 437 609 435 595 387 614 395 626 355 623 337 620 337 605 369 605 362 564 362 549 353 555 333 557 330 551 304 518 298 485 240 479 221 429 200 419 169 436 182 385 243 381 274 380 301 369 312 378 284 346 262 348 243 343 249 312 272 301 284 309 297 331 339 325 346 311 379 343 453 372 489 378 542 370 544 363 540 416 521 412 564 409 586 451 590 534 584 555 576 557 568 542 566 542 568 525 525 549 507 579 506 505 491 512 462 487 466 470 392 505 436 553 432 608 420 632 213 523 191 356 212 255 221 264 229 271 250 242 279 245 332 201 372 210 401 213 409 179 443 171 458 191 478 194 485 193 473 183 507 185 531 197 538 194 489 219 489 242 515 251 514 294 453 235 450 229 465 220 410 157 477 393 487 388 494 456 519 576 310 562 309 561 285 524 254 530 216 442 203 376 124 416 105 416 349 489 355 504 588 376 665 393 665 405 727 404 730 412 729 388 400 400
61 8 15 22 25 26 40 47 62 63 106 117 121 135 155 181 195 197 210 232 254 272 285 287 303 330 378 387 403 459 489 506 525 558 605 617 628 635 638 651 677 704 708 731 735 744 758 766 770 797 798 808 826 872 885 898 933 966 986 987 989 993
124 400 400 379 395 359 396 384 412 382 421 376 420 421 387 451 381 489 416 488 472 484 483 469 501 443 508 435 514 429 497 448 541 486 568 485 573 458 603 459 618 437 609 435 595 387 614 395 626 355 623 337 620 337 605 369 605 362 564 362 549 353 555 333 557 330 551 304 518 298 485 240 479 221 429 200 419 169 436 182 385 243 381 274 380 301 369 312 378 284 346 262 348 243 343 249 312 272 301 284 309 297 331 339 325 346 311 379 343 453 372 489 378 542 370 544 363 540 416 521 412 564 409 586 451 590 534 584 555 576 557 568 542 566 542 568 525 525 549 507 579 506 505 491 512 462 487 466 470 392 505 436 553 432 608 420 632 213 523 191 356 212 255 221 264 229 271 250 242 279 245 332 201 372 210 401 213 409 179 443 171 458 191 478 194 485 193 473 183 507 185 531 197 538 194 489 219 489 242 453 235 450 229 465 220 514 294 487 388 477 393 494 456 519 576 310 562 309 561 285 524 254 530 216 442 203 376 124 416 105 416 349 489 355 504 588 376 665 393 665 405 727 404 730 412 729 388 400 400
60 8 15 22 25 26 40 47 62 63 106 117 121 135 155 181 195 197 210 232 254 272 285 287 303 330 378 387 403 459 489 506 525 558 605 617 628 638 651 677 704 708 731 735 744 758 766 770 797 798 808 826 872 885 898 933 966 986 987 989 993
122 400 400 379 395 359 396 384 412 382 421 376 420 421 387 451 381 489 416 488 472 484 483 469 501 443 508 435 514 429 497 448 541 486 568 485 573 458 603 459 618 437 609 435 595 387 614 395 626 355 623 337 620 337 605 369 605 362 564 362 549 353 555 333 557 330 551 304 518 298 485 240 479 221 429 200 419 169 436 182 385 243 381 274 380 301 369 312 378 284 346 262 348 243 343 249 312 272 301 284 309 297 331 339 325 346 311 379 343 453 372 489 378 542 370 544 363 540 416 521 412 564 409 586 451 590 534 584 555 576 557 568 542 566 542 568 525 525 549 507 579 506 505 491 512 462 487 466 470 392 505 436 553 432 608 420 632 213 523 191 356 212 255 221 264 229 271 250 242 279 245 332 201 372 210 401 213 409 179 443 171 458 191 478 194 485 193 473 183 507 185 531 197 538 194 489 219 465 220 450 229 453 235 514 294 487 388 477 393 494 456 519 576 310 562 309 561 285 524 254 530 216 442 124 416 105 416 349 489 355 504 588 376 665 393 665 405 727 404 730 412 729 388 400 400
59 8 15 22 25 26 40 62 63 106 117 121 135 155 181 195 197 210 232 254 272 285 287 303 330 378 387 403 459 489 506 525 558 605 617 628 638 651 677 704 708 731 735 744 758 766 770 797 798 808 826 872 885 898 933 966 986 987 989 993
120 400 400 379 395 359 396 384 412 382 421 376 420 421 387 451 381 489 416 488 472 484 483 469 501 443 508 435 514 429 497 448 541 486 568 485 573 458 603 459 618 437 609 435 595 387 614 395 626 355 623 337 620 369 605 362 564 362 549 353 555 333 557 330 551 304 518 298 485 240 479 221 429 200 419 169 436 182 385 243 381 274 380 301 369 312 378 284 346 262 348 243 343 249 312 272 301 284 309 297 331 339 325 346 311 379 343 453 372 489 378 542 370 544 363 540 416 521 412 564 409 586 451 590 534 584 555 576 557 568 542 566 542 568 525 525 549 507 579 506 505 491 512 462 487 466 470 436 553 432 608 420 632 213 523 191 356 212 255 221 264 229 271 250 242 279 245 332 201 372 210 401 213 409 179 443 171 458 191 478 194 485 193 473 183 507 185 531 197 538 194 489 219 465 220 450 229 453 235 514 294 487 388 477 393 494 456 519 576 310 562 309 561 285 524 254 530 216 442 124 416 105 416 349 489 355 504 588 376 665 393 665 405 727 404 730 412 729 388 400 400
58 8 15 22 25 26 40 62 63 106 117 121 135 155 181 195 197 210 232 254 272 285 287 303 330 378 387 403 459 489 506 525 558 605 617 628 638 651 677 704 708 731 735 744 758 766 770 797 808 826 872 885 898 933 966 986 987 989 993
118 400 400 379 395 359 396 384 412 382 421 376 420 421 387 451 381 489 416 488 472 484 483 469 501 443 508 435 514 429 497 448 541 486 568 485 573 458 603 459 618 437 609 435 595 387 614 395 626 355 623 337 620 369 605 362 564 362 549 353 555 333 557 330 551 304 518 298 485 240 479 221 429 200 419 169 436 182 385 243 381 274 380 301 369 312 378 284 346 262 348 243 343 249 312 272 301 284 309 297 331 339 325 346 311 379 343 453 372 489 378 542 370 544 363 540 416 521 412 564 409 586 451 590 534 584 555 576 557 568 542 566 542 568 525 525 549 507 579 506 505 491 512 462 487 466 470 436 553 432 608 420 632 213 523 191 356 212 255 221 264 229 271 250 242 279 245 332 201 372 210 401 213 450 229 453 235 465 220 489 219 485 193 478 194 473 183 458 191 443 171 507 185 531 197 538 194 514 294 487 388 477 393 494 456 588 376 665 393 665 405 727 404 730 412 729 388 349 489 355 504 285 524 254 530 309 561 310 562 216 442 124 416 105 416 400 400
57 8 15 22 25 26 40 62 63 106 117 121 135 155 181 195 197 210 232 254 272 285 287 303 330 378 387 403 459 489 506 525 558 617 628 638 651 677 704 708 731 735 744 758 766 770 797 808 826 872 885 898 933 966 986 987 989 993
116 400 400 379 395 359 396 384 412 382 421 376 420 421 387 451 381 489 416 488 472 484 483 469 501 443 508 435 514 429 497 448 541 486 568 485 573 458 603 459 618 437 609 435 595 387 614 395 626 355 623 337 620 369 605 362 564 362 549 353 555 333 557 330 551 304 518 298 485 240 479 221 429 200 419 169 436 182 385 243 381 274 380 301 369 312 378 284 346 262 348 243 343 249 312 272 301 284 309 297 331 339 325 346 311 379 343 453 372 489 378 542 370 544 363 540 416 521 412 564 409 586 451 590 534 584 555 576 557 568 542 566 542 568 525 525 549 507 579 506 505 491 512 462 487 466 470 436 553 432 608 420 632 213 523 191 356 212 255 221 264 229 271 250 242 279 245 332 201 372 210 401 213 450 229 453 235 465 220 489 219 485 193 478 194 473 183 458 191 443 171 507 185 531 197 514 294 487 388 477 393 588 376 665 393 665 405 727 404 730 412 729 388 349 489 355 504 285 524 254 530 309 561 310 562 216 442 124 416 105 416 400 400
56 8 15 22 25 26 40 62 63 106 117 121 135 155 181 195 197 210 232 254 272 285 287 303 330 378 387 403 459 489 506 525 558 617 628 638 651 677 704 708 731 735 744 758 766 770 797 808 826 872 885 898 933 966 986 987 993
114 400 400 379 395 359 396 384 412 382 421 376 420 421 387 451 381 489 416 488 472 484 483 469 501 443 508 435 514 429 497 448 541 486 568 485 573 458 603 459 618 437 609 435 595 387 614 395 626 355 623 337 620 369 605 362 564 362 549 353 555 333 557 330 551 304 518 298 485 240 479 221 429 200 419 169 436 182 385 243 381 274 380 301 369 312 378 284 346 262 348 243 343 249 312 272 301 284 309 297 331 339 325 346 311 379 343 453 372 489 378 542 370 544 363 540 416 521 412 564 409 586 451 590 534 584 555 576 557 568 542 566 542 568 525 525 549 507 579 506 505 491 512 462 487 466 470 436 553 432 608 420 632 213 523 191 356 212 255 221 264 229 271 250 242 279 245 332 201 372 210 401 213 450 229 453 235 465 220 489 219 485 193 478 194 473 183 458 191 507 185 531 197 514 294 487 388 477 393 588 376 665 393 665 405 727 404 730 412 729 388 349 489 355 504 285 524 254 530 309 561 310 562 216 442 124 416 400 400
55 8 15 22 25 26 40 62 63 106 117 121 135 155 181 195 197 210 232 254 272 285 287 303 330 378 387 403 459 489 506 525 558 617 628 638 651 677 704 708 731 735 744 758 766 797 808 826 872 885 898 933 966 986 987 993
112 400 400 379 395 359 396 384 412 382 421 376 420 421 387 451 381 489 416 488 472 484 483 469 501 443 508 435 514 429 497 448 541 486 568 485 573 458 603 459 618 437 609 435 595 387 614 395 626 355 623 337 620 369 605 362 564 362 549 353 555 333 557 330 551 304 518 298 485 240 479 221 429 200 419 169 436 182 385 243 381 274 380 301 369 312 378 284 346 262 348 243 343 297 331 284 309 272 301 279 245 250 242 229 271 221 264 212 255 191 356 216 442 213 523 436 553 432 608 420 632 507 579 525 549 566 542 568 542 568 525 590 534 584 555 576 557 586 451 564 409 521 412 487 388 489 378 477 393 453 372 542 370 544 363 588 376 665 393 729 388 727 404 506 505 491 512 462 487 466 470 379 343 339 325 346 311 332 201 372 210 401 213 450 229 453 235 465 220 489 219 485 193 478 194 473 183 458 191 507 185 531 197 514 294 540 416 665 405 730 412 349 489 355 504 285 524 254 530 309 561 310 562 400 400
54 15 22 25 26 40 62 63 106 117 121 135 155 181 195 197 210 232 254 272 285 287 303 330 378 387 403 459 489 506 525 558 617 628 638 651 677 704 708 731 735 744 758 766 797 808 826 872 885 898 933 966 986 987 993
110 400 400 379 395 359 396 384 412 382 421 376 420 421 387 451 381 489 416 488 472 484 483 469 501 443 508 435 514 429 497 448 541 486 568 485 573 458 603 459 618 437 609 435 595 387 614 395 626 355 623 337 620 369 605 362 564 362 549 353 555 333 557 330 551 304 518 298 485 240 479 221 429 200 419 169 436 182 385 243 381 274 380 301 369 312 378 284 346 262 348 243 343 297 331 284 309 272 301 279 245 250 242 229 271 221 264 212 255 191 356 216 442 213 523 436 553 432 608 420 632 507 579 525 549 566 542 568 542 568 525 590 534 584 555 576 557 586 451 564 409 521 412 487 388 489 378 477 393 453 372 542 370 544 363 588 376 665 393 729 388 727 404 506 505 491 512 462 487 466 470 514 294 489 219 465 220 450 229 453 235 458 191 478 194 485 193 473 183 507 185 531 197 401 213 372 210 332 201 346 311 339 325 349 489 355 504 285 524 254 530 309 561 310 562 540 416 665 405 400 400
53 15 22 25 26 40 62 63 106 117 121 135 155 181 195 197 210 232 254 272 285 287 303 378 387 403 459 489 506 525 558 617 628 638 651 677 704 708 731 735 744 758 766 797 808 826 872 885 898 933 966 986 987 993
108 400 400 379 395 359 396 384 412 382 421 376 420 421 387 451 381 489 416 488 472 484 483 469 501 443 508 435 514 429 497 448 541 486 568 485 573 458 603 459 618 437 609 435 595 387 614 395 626 355 623 337 620 369 605 362 564 362 549 353 555 333 557 330 551 304 518 298 485 240 479 221 429 200 419 169 436 182 385 243 381 274 380 301 369 312 378 284 346 262 348 243 343 297 331 284 309 272 301 279 245 250 242 229 271 221 264 212 255 191 356 216 442 213 523 436 553 432 608 420 632 507 579 525 549 566 542 568 542 568 525 590 534 584 555 576 557 586 451 564 409 521 412 487 388 489 378 477 393 453 372 542 370 544 363 588 376 665 393 729 388 727 404 506 505 491 512 462 487 466 470 514 294 489 219 465 220 450 229 453 235 458 191 478 194 485 193 473 183 507 185 531 197 401 213 372 210 332 201 346 311 349 489 355 504 285 524 254 530 309 561 310 562 540 416 400 400
52 15 22 25 26 62 63 106 117 121 135 155 181 195 197 210 232 254 272 285 287 303 378 387 403 459 489 506 525 558 617 628 638 651 677 704 708 731 735 744 758 766 797 808 826 872 885 898 933 966 986 987 993
106 400 400 379 395 359 396 384 412 382 421 376 420 421 387 451 381 489 416 488 472 484 483 469 501 443 508 435 514 429 497 448 541 486 568 485 573 458 603 459 618 437 609 435 595 387 614 395 626 355 623 337 620 369 605 362 564 362 549 353 555 333 557 330 551 304 518 298 485 240 479 221 429 200 419 169 436 182 385 243 381 274 380 301 369 312 378 284 346 262 348 243 343 297 331 284 309 272 301 279 245 250 242 229 271 221 264 212 255 191 356 216 442 213 523 436 553 432 608 420 632 507 579 525 549 566 542 568 542 568 525 590 534 584 555 576 557 586 451 564 409 521 412 487 388 489 378 477 393 453 372 542 370 544 363 588 376 665 393 729 388 727 404 506 505 491 512 462 487 466 470 514 294 489 219 465 220 450 229 453 235 458 191 478 194 485 193 473 183 507 185 531 197 401 213 372 210 332 201 349 489 355 504 285 524 254 530 309 561 310 562 400 400
51 15 22 25 26 62 63 106 117 121 135 155 181 195 197 210 232 254 272 285 287 303 378 387 403 459 489 506 525 558 617 628 638 651 677 704 708 731 735 744 758 766 797 808 826 872 885 898 933 966 987 993
104 400 400 379 395 359 396 384 412 382 421 376 420 421 387 451 381 489 416 488 472 484 483 469 501 443 508 435 514 429 497 448 541 486 568 485 573 458 603 459 618 437 609 435 595 387 614 395 626 355 623 337 620 369 605 362 564 362 549 353 555 333 557 330 551 304 518 298 485 240 479 221 429 200 419 169 436 182 385 243 381 274 380 301 369 312 378 284 346 262 348 243 343 297 331 284 309 272 301 279 245 250 242 229 271 221 264 212 255 191 356 216 442 213 523 436 553 432 608 420 632 507 579 525 549 566 542 568 542 568 525 590 534 584 555 576 557 586 451 564 409 521 412 487 388 489 378 477 393 453 372 542 370 544 363 588 376 665 393 729 388 727 404 506 505 491 512 462 487 466 470 514 294 489 219 465 220 450 229 453 235 458 191 478 194 485 193 507 185 531 197 401 213 372 210 332 201 349 489 355 504 285 524 309 561 310 562 400 400
50 15 22 25 26 62 63 106 117 121 135 155 181 197 210 232 254 272 285 287 303 378 387 403 459 489 506 525 558 617 628 638 651 677 704 708 731 735 744 758 766 797 808 826 872 885 898 933 966 987 993
102 400 400 384 412 382 421 376 420 379 395 359 396 312 378 301 369 274 380 243 381 243 343 262 348 284 346 297 331 284 309 272 301 250 242 279 245 372 210 401 213 421 387 451 381 477 393 488 472 484 483 491 512 506 505 469 501 429 497 435 514 443 508 448 541 485 573 458 603 459 618 437 609 435 595 432 608 420 632 395 626 387 614 369 605 355 623 337 620 333 557 310 562 309 561 213 523 216 442 229 271 221 264 212 255 191 356 182 385 169 436 200 419 221 429 240 479 298 485 304 518 330 551 353 555 362 564 362 549 436 553 486 568 507 579 525 549 566 542 568 525 568 542 576 557 584 555 590 534 586 451 564 409 727 404 729 388 665 393 588 376 542 370 544 363 514 294 531 197 507 185 458 191 478 194 485 193 489 219 465 220 450 229 453 235 453 372 489 378 487 388 521 412 489 416 466 470 462 487 349 489 355 504 400 400
