169 2 3 8 9 15 22 25 26 36 37 38 40 47 48 62 63 64 66 67 68 71 72 89 90 103 104 106 117 121 125 135 155 172 175 181 185 194 195 197 210 222 230 232 236 245 254 258 272 274 285 287 301 303 317 327 330 336 343 349 351 356 378 382 386 387 392 395 403 413 419 431 434 440 446 450 459 460 461 465 466 469 475 481 487 489 491 505 506 525 542 543 556 558 561 568 571 572 584 590 605 614 616 617 624 628 635 638 644 647 651 654 662 664 669 674 675 677 687 689 704 708 717 719 727 731 735 744 758 766 770 777 781 788 789 792 793 795 797 798 801 807 808 813 826 835 837 857 861 869 872 876 885 891 898 909 916 920 930 933 936 948 950 960 966 983 986 987 989 993
340 400 400 379 395 359 396 384 412 382 421 376 420 326 421 294 415 299 385 301 369 312 378 274 380 243 381 243 343 262 348 284 346 297 331 284 309 272 301 249 312 229 271 212 255 221 237 250 242 279 245 287 221 307 194 323 190 332 201 372 210 399 212 401 213 409 179 443 171 462 159 473 157 479 165 493 172 485 193 473 183 458 191 453 223 455 235 456 274 472 321 495 335 487 388 477 393 489 416 511 407 535 427 564 409 576 390 592 387 595 394 588 376 612 380 623 363 639 334 642 330 581 326 585 318 589 345 556 352 544 363 553 265 549 244 547 227 541 209 538 194 486 191 489 242 515 251 564 239 570 226 575 257 605 282 616 421 609 433 586 451 565 445 546 473 527 473 506 481 506 505 491 512 469 501 443 508 435 514 429 497 415 498 369 500 355 504 349 489 316 476 298 485 282 503 285 524 286 539 265 530 256 529 254 530 232 505 213 523 191 468 199 456 216 442 221 429 203 376 176 375 167 377 164 377 182 385 165 403 132 401 124 416 105 416 105 441 113 451 149 440 151 480 157 490 151 496 114 401 123 338 145 309 163 309 176 342 191 356 205 336 228 328 187 278 284 274 290 271 293 270 331 255 340 259 343 312 346 311 339 325 368 335 379 343 397 369 421 387 428 393 436 391 439 402 452 411 451 381 453 372 489 378 499 387 526 349 540 416 531 460 494 456 488 472 484 483 516 531 553 532 554 535 561 539 566 542 568 542 568 531 568 525 590 534 602 534 621 498 586 495 561 565 519 576 507 579 485 573 486 568 465 533 448 541 436 553 439 582 435 595 432 608 437 609 435 623 420 632 417 612 414 606 387 614 391 618 395 626 403 650 399 669 362 670 361 649 355 623 337 620 337 605 369 605 359 574 353 555 362 549 330 551 325 551 333 557 333 576 310 562 309 561 309 530 304 518 327 531 392 505 462 487 466 470 521 412 542 370 574 376 598 352 637 329 639 402 665 405 665 393 670 428 684 423 692 450 677 453 702 397 727 404 730 412 725 415 729 388 731 390 736 387 724 375 622 288 514 294 489 219 465 220 450 229 453 235 437 227 448 199 478 194 507 185 528 198 531 197 474 147 471 141 474 124 451 132 449 115 436 117 444 101 418 99 417 111 403 116 395 115 395 96 381 97 384 85 403 61 419 76 394 139 410 157 370 180 361 180 346 157 339 132 354 123 366 131 307 166 332 212 377 236 376 288 338 290 286 275 265 312 219 289 221 264 271 221 317 340 309 362 368 367 363 346 406 326 435 337 466 371 373 408 388 480 313 477 279 457 240 479 168 459 169 436 191 420 200 419 221 365 229 570 253 591 282 581 278 577 300 632 321 649 346 592 420 592 451 600 458 603 456 611 459 618 486 630 482 650 479 661 447 659 439 660 449 652 429 685 422 689 380 696 398 734 362 564 315 536 452 550 497 526 525 549 528 604 512 606 576 557 584 555 590 529 527 357 532 319 559 324 537 248 464 219 431 205 460 155 326 269 357 379 231 381 184 303 97 359 400 400
168 2 3 8 9 15 22 25 26 36 37 38 40 47 48 62 63 64 66 67 68 71 72 89 90 103 104 106 117 121 125 135 155 172 175 181 185 194 195 197 210 222 230 232 236 245 254 258 272 274 285 287 301 303 317 327 330 336 343 349 351 356 378 382 386 387 392 395 403 413 419 431 434 440 446 450 459 460 461 465 466 469 475 481 487 489 491 505 506 525 542 543 556 558 561 568 571 572 584 590 605 614 616 617 624 628 635 638 644 647 651 654 662 664 669 674 675 677 687 689 704 708 717 719 727 731 735 744 758 766 770 777 781 788 789 792 793 795 797 798 807 808 813 826 835 837 857 861 869 872 876 885 891 898 909 916 920 930 933 936 948 950 960 966 983 986 987 989 993
338 400 400 379 395 359 396 384 412 382 421 376 420 326 421 294 415 299 385 301 369 312 378 274 380 243 381 243 343 262 348 284 346 297 331 284 309 272 301 249 312 229 271 212 255 221 237 250 242 279 245 287 221 307 194 323 190 332 201 372 210 399 212 401 213 409 179 443 171 462 159 473 157 479 165 493 172 485 193 473 183 458 191 453 223 455 235 456 274 472 321 495 335 487 388 477 393 489 416 511 407 535 427 564 409 576 390 592 387 595 394 588 376 612 380 623 363 639 334 642 330 581 326 585 318 589 345 556 352 544 363 553 265 549 244 547 227 541 209 538 194 486 191 489 242 515 251 564 239 570 226 575 257 605 282 616 421 609 433 586 451 565 445 546 473 527 473 506 481 506 505 491 512 469 501 443 508 435 514 429 497 415 498 369 500 355 504 349 489 316 476 298 485 282 503 285 524 286 539 265 530 256 529 254 530 232 505 213 523 191 468 199 456 216 442 221 429 203 376 176 375 167 377 164 377 182 385 165 403 132 401 124 416 105 416 105 441 113 451 149 440 151 480 157 490 151 496 114 401 123 338 145 309 163 309 176 342 191 356 205 336 228 328 187 278 284 274 290 271 293 270 331 255 340 259 343 312 346 311 339 325 368 335 379 343 397 369 421 387 428 393 436 391 439 402 452 411 451 381 453 372 489 378 499 387 526 349 540 416 531 460 494 456 488 472 484 483 516 531 553 532 554 535 561 539 566 542 568 542 568 531 568 525 590 534 602 534 621 498 586 495 561 565 519 576 507 579 485 573 486 568 465 533 448 541 436 553 439 582 435 595 432 608 437 609 435 623 420 632 417 612 414 606 387 614 391 618 395 626 403 650 399 669 362 670 361 649 355 623 337 620 337 605 369 605 359 574 353 555 362 549 330 551 325 551 333 557 333 576 310 562 309 561 309 530 304 518 327 531 392 505 462 487 466 470 521 412 542 370 574 376 598 352 637 329 639 402 665 405 665 393 670 428 684 423 692 450 677 453 702 397 727 404 730 412 725 415 729 388 731 390 736 387 724 375 622 288 514 294 489 219 465 220 450 229 453 235 437 227 448 199 478 194 507 185 528 198 531 197 474 147 471 141 474 124 451 132 449 115 436 117 444 101 418 99 417 111 403 116 395 115 395 96 381 97 384 85 403 61 419 76 394 139 410 157 370 180 361 180 346 157 339 132 354 123 366 131 307 166 332 212 377 236 376 288 338 290 286 275 265 312 219 289 221 264 271 221 317 340 309 362 368 367 363 346 406 326 435 337 466 371 373 408 388 480 313 477 279 457 240 479 168 459 169 436 191 420 200 419 221 365 229 570 253 591 282 581 278 577 300 632 321 649 346 592 420 592 451 600 458 603 456 611 459 618 486 630 482 650 447 659 439 660 449 652 429 685 422 689 380 696 398 734 362 564 315 536 452 550 497 526 525 549 528 604 512 606 576 557 584 555 590 529 527 357 532 319 559 324 537 248 464 219 431 205 460 155 326 269 357 379 231 381 184 303 400 400
167 2 3 8 9 15 22 25 26 36 37 38 40 47 48 62 63 64 66 67 68 71 72 89 90 103 104 106 117 121 125 135 155 172 175 181 185 194 195 197 210 222 230 232 245 254 258 272 274 285 287 301 303 317 327 330 336 343 349 351 356 378 382 386 387 392 395 403 413 419 431 434 440 446 450 459 460 461 465 466 469 475 481 487 489 491 505 506 525 542 543 556 558 561 568 571 572 584 590 605 614 616 617 624 628 635 638 644 647 651 654 662 664 669 674 675 677 687 689 704 708 717 719 727 731 735 744 758 766 770 777 781 788 789 792 793 795 797 798 807 808 813 826 835 837 857 861 869 872 876 885 891 898 909 916 920 930 933 936 948 950 960 966 983 986 987 989 993
336 400 400 379 395 359 396 384 412 382 421 376 420 326 421 294 415 299 385 301 369 312 378 274 380 243 381 243 343 262 348 284 346 297 331 284 309 272 301 249 312 229 271 212 255 221 237 250 242 279 245 287 221 307 194 323 190 332 201 372 210 399 212 401 213 409 179 443 171 462 159 473 157 479 165 493 172 485 193 473 183 458 191 453 223 455 235 456 274 472 321 495 335 487 388 477 393 489 416 511 407 535 427 564 409 576 390 592 387 595 394 588 376 612 380 623 363 639 334 642 330 581 326 585 318 589 345 556 352 544 363 553 265 549 244 547 227 541 209 538 194 486 191 489 242 515 251 564 239 570 226 575 257 605 282 616 421 609 433 586 451 565 445 546 473 527 473 506 481 506 505 491 512 469 501 443 508 435 514 429 497 415 498 369 500 355 504 349 489 316 476 298 485 282 503 285 524 286 539 265 530 256 529 254 530 232 505 213 523 191 468 199 456 216 442 221 429 203 376 176 375 167 377 164 377 182 385 165 403 132 401 124 416 105 416 105 441 113 451 149 440 151 480 157 490 151 496 114 401 123 338 145 309 163 309 176 342 191 356 205 336 228 328 187 278 284 274 290 271 293 270 331 255 340 259 343 312 346 311 339 325 368 335 379 343 397 369 421 387 428 393 436 391 439 402 452 411 451 381 453 372 489 378 499 387 526 349 540 416 531 460 494 456 488 472 484 483 516 531 553 532 554 535 561 539 566 542 568 542 568 531 568 525 590 534 602 534 621 498 586 495 561 565 519 576 507 579 485 573 486 568 465 533 448 541 436 553 439 582 435 595 432 608 437 609 435 623 420 632 417 612 414 606 387 614 391 618 395 626 403 650 399 669 362 670 361 649 355 623 337 620 337 605 369 605 359 574 353 555 362 549 330 551 325 551 333 557 333 576 310 562 309 561 309 530 304 518 327 531 392 505 462 487 466 470 521 412 542 370 574 376 598 352 637 329 639 402 665 405 665 393 670 428 684 423 692 450 677 453 702 397 727 404 730 412 725 415 729 388 731 390 736 387 724 375 622 288 514 294 489 219 465 220 450 229 453 235 437 227 448 199 478 194 507 185 528 198 531 197 474 147 471 141 474 124 451 132 449 115 436 117 444 101 418 99 417 111 403 116 395 115 395 96 381 97 384 85 403 61 419 76 394 139 410 157 370 180 361 180 346 157 339 132 354 123 366 131 307 166 332 212 377 236 376 288 338 290 286 275 265 312 219 289 221 264 271 221 317 340 309 362 368 367 363 346 406 326 435 337 466 371 373 408 388 480 313 477 279 457 240 479 168 459 169 436 191 420 200 419 221 365 229 570 253 591 282 581 278 577 300 632 321 649 346 592 420 592 451 600 458 603 456 611 459 618 486 630 482 650 447 659 439 660 429 685 422 689 380 696 398 734 362 564 315 536 452 550 497 526 525 549 528 604 512 606 576 557 584 555 590 529 527 357 532 319 559 324 537 248 464 219 431 205 460 155 326 269 357 379 231 381 400 400
166 2 3 8 9 15 22 25 26 36 37 38 40 47 48 62 63 64 66 67 68 71 72 89 90 103 104 106 117 121 125 135 155 172 175 181 185 194 195 197 210 230 232 245 254 258 272 274 285 287 301 303 317 327 330 336 343 349 351 356 378 382 386 387 392 395 403 413 419 431 434 440 446 450 459 460 461 465 466 469 475 481 487 489 491 505 506 525 542 543 556 558 561 568 571 572 584 590 605 614 616 617 624 628 635 638 644 647 651 654 662 664 669 674 675 677 687 689 704 708 717 719 727 731 735 744 758 766 770 777 781 788 789 792 793 795 797 798 807 808 813 826 835 837 857 861 869 872 876 885 891 898 909 916 920 930 933 936 948 950 960 966 983 986 987 989 993
334 400 400 379 395 359 396 384 412 382 421 376 420 326 421 294 415 299 385 301 369 312 378 274 380 243 381 243 343 262 348 284 346 297 331 284 309 272 301 249 312 229 271 212 255 221 237 250 242 279 245 287 221 307 194 323 190 332 201 372 210 399 212 401 213 409 179 443 171 462 159 473 157 479 165 493 172 485 193 473 183 458 191 453 223 455 235 456 274 472 321 495 335 487 388 477 393 489 416 511 407 535 427 564 409 576 390 592 387 595 394 588 376 612 380 623 363 639 334 642 330 581 326 585 318 589 345 556 352 544 363 553 265 549 244 547 227 541 209 538 194 486 191 489 242 515 251 564 239 570 226 575 257 605 282 616 421 609 433 586 451 565 445 546 473 527 473 506 481 506 505 491 512 469 501 443 508 435 514 429 497 415 498 369 500 355 504 349 489 316 476 298 485 282 503 285 524 286 539 265 530 256 529 254 530 232 505 213 523 191 468 199 456 216 442 221 429 203 376 176 375 167 377 164 377 182 385 165 403 132 401 124 416 105 416 105 441 113 451 149 440 151 480 157 490 151 496 114 401 123 338 145 309 163 309 176 342 191 356 205 336 228 328 187 278 284 274 290 271 293 270 331 255 340 259 343 312 346 311 339 325 368 335 379 343 397 369 421 387 428 393 436 391 439 402 452 411 451 381 453 372 489 378 499 387 526 349 540 416 531 460 494 456 488 472 484 483 516 531 553 532 554 535 561 539 566 542 568 542 568 531 568 525 590 534 602 534 621 498 586 495 561 565 519 576 507 579 485 573 486 568 465 533 448 541 436 553 439 582 435 595 432 608 437 609 435 623 420 632 417 612 414 606 387 614 391 618 395 626 403 650 399 669 362 670 361 649 355 623 337 620 337 605 369 605 359 574 353 555 362 549 330 551 325 551 333 557 333 576 310 562 309 561 309 530 304 518 327 531 392 505 462 487 466 470 521 412 542 370 574 376 598 352 637 329 639 402 665 405 665 393 670 428 684 423 692 450 677 453 702 397 727 404 730 412 725 415 729 388 731 390 736 387 724 375 622 288 514 294 489 219 465 220 450 229 453 235 437 227 448 199 478 194 507 185 528 198 531 197 474 147 471 141 474 124 451 132 449 115 436 117 444 101 418 99 417 111 403 116 395 115 395 96 381 97 384 85 403 61 419 76 394 139 410 157 370 180 361 180 346 157 339 132 354 123 366 131 307 166 332 212 377 236 376 288 338 290 286 275 265 312 219 289 221 264 271 221 317 340 309 362 368 367 363 346 406 326 435 337 466 371 373 408 388 480 313 477 279 457 240 479 168 459 169 436 191 420 200 419 221 365 229 570 253 591 282 581 278 577 321 649 346 592 420 592 451 600 458 603 456 611 459 618 486 630 482 650 447 659 439 660 429 685 422 689 380 696 398 734 362 564 315 536 452 550 497 526 525 549 528 604 512 606 576 557 584 555 590 529 527 357 532 319 559 324 537 248 464 219 431 205 460 155 326 269 357 379 400 400
165 2 3 8 9 15 22 25 26 36 37 38 40 47 48 62 63 64 66 67 68 71 72 89 90 103 104 106 117 121 125 135 155 172 175 181 185 194 195 197 210 230 232 245 254 258 272 274 285 287 301 303 317 327 330 336 343 349 351 356 378 382 386 387 392 395 403 413 419 431 434 440 446 450 459 460 461 465 466 469 475 481 489 491 505 506 525 542 543 556 558 561 568 571 572 584 590 605 614 616 617 624 628 635 638 644 647 651 654 662 664 669 674 675 677 687 689 704 708 717 719 727 731 735 744 758 766 770 777 781 788 789 792 793 795 797 798 807 808 813 826 835 837 857 861 869 872 876 885 891 898 909 916 920 930 933 936 948 950 960 966 983 986 987 989 993
332 400 400 379 395 359 396 384 412 382 421 376 420 326 421 294 415 299 385 301 369 312 378 274 380 243 381 243 343 262 348 284 346 297 331 284 309 272 301 249 312 229 271 212 255 221 237 250 242 279 245 287 221 307 194 323 190 332 201 372 210 399 212 401 213 409 179 443 171 462 159 473 157 479 165 493 172 485 193 473 183 458 191 453 223 455 235 456 274 472 321 495 335 487 388 477 393 489 416 511 407 535 427 564 409 576 390 592 387 595 394 588 376 612 380 623 363 639 334 642 330 581 326 585 318 589 345 556 352 544 363 553 265 549 244 547 227 541 209 538 194 486 191 489 242 515 251 564 239 570 226 575 257 605 282 616 421 609 433 586 451 565 445 546 473 527 473 506 481 506 505 491 512 469 501 443 508 435 514 429 497 415 498 369 500 355 504 349 489 316 476 298 485 282 503 285 524 286 539 265 530 256 529 254 530 232 505 213 523 191 468 199 456 216 442 221 429 203 376 176 375 167 377 164 377 182 385 165 403 132 401 124 416 105 416 105 441 113 451 149 440 151 480 157 490 151 496 114 401 123 338 145 309 163 309 176 342 191 356 205 336 228 328 187 278 284 274 290 271 293 270 331 255 340 259 343 312 346 311 339 325 368 335 379 343 397 369 421 387 428 393 436 391 439 402 452 411 451 381 453 372 489 378 499 387 526 349 540 416 531 460 494 456 488 472 484 483 516 531 553 532 554 535 561 539 566 542 568 542 568 531 568 525 590 534 602 534 621 498 586 495 561 565 519 576 507 579 485 573 486 568 465 533 448 541 436 553 439 582 435 595 432 608 437 609 435 623 420 632 417 612 414 606 387 614 391 618 395 626 403 650 399 669 362 670 361 649 355 623 337 620 337 605 369 605 359 574 353 555 362 549 330 551 325 551 333 557 333 576 310 562 309 561 309 530 304 518 327 531 392 505 462 487 466 470 521 412 542 370 574 376 598 352 637 329 639 402 665 405 665 393 670 428 684 423 692 450 677 453 702 397 727 404 730 412 725 415 729 388 731 390 736 387 724 375 622 288 514 294 489 219 465 220 450 229 453 235 437 227 448 199 478 194 507 185 528 198 531 197 474 147 471 141 474 124 451 132 449 115 436 117 444 101 418 99 417 111 403 116 395 115 395 96 381 97 384 85 403 61 419 76 394 139 410 157 370 180 361 180 346 157 339 132 366 131 307 166 332 212 377 236 376 288 338 290 286 275 265 312 219 289 221 264 271 221 317 340 309 362 368 367 363 346 406 326 435 337 466 371 373 408 388 480 313 477 279 457 240 479 168 459 169 436 191 420 200 419 221 365 229 570 253 591 282 581 278 577 321 649 346 592 420 592 451 600 458 603 456 611 459 618 486 630 482 650 447 659 439 660 429 685 422 689 380 696 398 734 362 564 315 536 452 550 497 526 525 549 528 604 512 606 576 557 584 555 590 529 527 357 532 319 559 324 537 248 464 219 431 205 326 269 357 379 400 400
164 2 3 8 9 15 22 25 26 36 37 38 40 47 48 62 63 64 66 67 68 71 72 89 90 103 104 106 117 121 125 135 155 172 175 181 185 194 195 197 210 230 232 245 254 258 272 274 285 287 301 303 317 327 330 336 343 349 351 356 378 382 386 387 392 395 403 413 419 431 434 440 446 450 459 460 461 465 466 469 475 481 489 491 505 506 525 542 543 556 558 561 568 571 572 584 590 605 614 616 617 624 628 635 638 644 647 651 654 664 669 674 675 677 687 689 704 708 717 719 727 731 735 744 758 766 770 777 781 788 789 792 793 795 797 798 807 808 813 826 835 837 857 861 869 872 876 885 891 898 909 916 920 930 933 936 948 950 960 966 983 986 987 989 993
330 400 400 379 395 359 396 384 412 382 421 376 420 326 421 294 415 299 385 301 369 312 378 274 380 243 381 243 343 262 348 284 346 297 331 284 309 272 301 249 312 229 271 212 255 221 237 250 242 279 245 287 221 307 194 323 190 332 201 372 210 399 212 401 213 409 179 443 171 462 159 473 157 479 165 493 172 485 193 473 183 458 191 453 223 455 235 456 274 472 321 495 335 487 388 477 393 489 416 511 407 535 427 564 409 576 390 592 387 595 394 588 376 612 380 623 363 639 334 642 330 581 326 585 318 589 345 556 352 544 363 553 265 549 244 547 227 541 209 538 194 486 191 489 242 515 251 564 239 570 226 575 257 605 282 616 421 609 433 586 451 565 445 546 473 527 473 506 481 506 505 491 512 469 501 443 508 435 514 429 497 415 498 369 500 355 504 349 489 316 476 298 485 282 503 285 524 286 539 265 530 256 529 254 530 232 505 213 523 191 468 199 456 216 442 221 429 203 376 176 375 167 377 164 377 182 385 165 403 132 401 124 416 105 416 105 441 113 451 149 440 151 480 157 490 151 496 114 401 123 338 145 309 163 309 176 342 191 356 205 336 228 328 187 278 284 274 290 271 293 270 331 255 340 259 343 312 346 311 339 325 368 335 379 343 397 369 421 387 428 393 436 391 439 402 452 411 451 381 453 372 489 378 499 387 526 349 540 416 531 460 494 456 488 472 484 483 516 531 553 532 554 535 561 539 566 542 568 542 568 531 568 525 590 534 602 534 621 498 586 495 561 565 519 576 507 579 485 573 486 568 465 533 448 541 436 553 439 582 435 595 432 608 437 609 435 623 420 632 417 612 414 606 387 614 391 618 395 626 403 650 399 669 362 670 361 649 355 623 337 620 337 605 369 605 359 574 353 555 362 549 330 551 325 551 333 557 333 576 310 562 309 561 309 530 304 518 327 531 392 505 462 487 466 470 521 412 542 370 574 376 598 352 637 329 639 402 665 405 665 393 670 428 684 423 692 450 677 453 702 397 727 404 730 412 725 415 729 388 731 390 736 387 724 375 622 288 514 294 489 219 465 220 450 229 453 235 437 227 448 199 478 194 507 185 528 198 531 197 474 147 471 141 474 124 451 132 449 115 436 117 444 101 418 99 417 111 403 116 395 115 395 96 381 97 384 85 403 61 394 139 410 157 370 180 361 180 346 157 339 132 366 131 307 166 332 212 377 236 376 288 338 290 286 275 265 312 219 289 221 264 271 221 317 340 309 362 368 367 363 346 406 326 435 337 466 371 373 408 388 480 313 477 279 457 240 479 168 459 169 436 191 420 200 419 221 365 229 570 253 591 282 581 278 577 321 649 346 592 420 592 451 600 458 603 456 611 459 618 486 630 482 650 447 659 439 660 429 685 422 689 380 696 398 734 362 564 452 550 497 526 525 549 528 604 512 606 576 557 584 555 590 529 527 357 532 319 559 324 537 248 464 219 431 205 326 269 357 379 400 400
163 2 3 8 9 15 22 25 26 36 37 38 40 47 48 62 63 64 66 67 68 71 72 89 90 103 104 106 117 121 125 135 155 172 175 181 185 194 195 197 210 230 232 245 254 258 272 274 285 287 301 303 317 327 330 336 343 349 351 356 378 382 386 387 392 395 403 413 419 431 434 440 446 459 460 461 465 466 469 475 481 489 491 505 506 525 542 543 556 558 561 568 571 572 584 590 605 614 616 617 624 628 635 638 644 647 651 654 664 669 674 675 677 687 689 704 708 717 719 727 731 735 744 758 766 770 777 781 788 789 792 793 795 797 798 807 808 813 826 835 837 857 861 869 872 876 885 891 898 909 916 920 930 933 936 948 950 960 966 983 986 987 989 993
328 400 400 379 395 359 396 384 412 382 421 376 420 326 421 294 415 299 385 301 369 312 378 274 380 243 381 243 343 262 348 284 346 297 331 284 309 272 301 249 312 229 271 212 255 221 237 250 242 279 245 287 221 307 194 323 190 332 201 372 210 399 212 401 213 409 179 443 171 462 159 473 157 479 165 493 172 485 193 473 183 458 191 453 223 455 235 456 274 472 321 495 335 487 388 477 393 489 416 511 407 535 427 564 409 576 390 592 387 595 394 588 376 612 380 623 363 639 334 642 330 581 326 585 318 589 345 556 352 544 363 553 265 549 244 547 227 541 209 538 194 486 191 489 242 515 251 564 239 570 226 575 257 605 282 616 421 609 433 586 451 565 445 546 473 527 473 506 481 506 505 491 512 469 501 443 508 435 514 429 497 415 498 369 500 355 504 349 489 316 476 298 485 282 503 285 524 286 539 265 530 256 529 254 530 232 505 213 523 191 468 199 456 216 442 221 429 203 376 176 375 167 377 164 377 182 385 165 403 132 401 124 416 105 416 105 441 113 451 149 440 151 480 157 490 151 496 114 401 123 338 145 309 163 309 176 342 191 356 205 336 228 328 187 278 284 274 290 271 293 270 331 255 340 259 343 312 346 311 339 325 368 335 379 343 397 369 421 387 428 393 436 391 439 402 452 411 451 381 453 372 489 378 499 387 526 349 540 416 531 460 494 456 488 472 484 483 516 531 553 532 554 535 561 539 566 542 568 542 568 531 568 525 590 534 602 534 621 498 586 495 561 565 519 576 507 579 485 573 486 568 465 533 448 541 436 553 439 582 435 595 432 608 437 609 435 623 420 632 417 612 414 606 387 614 391 618 395 626 403 650 399 669 362 670 361 649 355 623 337 620 337 605 369 605 359 574 353 555 362 549 330 551 325 551 333 557 333 576 310 562 309 561 309 530 304 518 327 531 392 505 462 487 466 470 521 412 542 370 574 376 598 352 637 329 639 402 665 405 665 393 670 428 684 423 692 450 677 453 702 397 727 404 730 412 725 415 729 388 731 390 736 387 724 375 622 288 514 294 489 219 465 220 450 229 453 235 437 227 448 199 478 194 507 185 528 198 531 197 474 147 471 141 474 124 451 132 449 115 436 117 444 101 418 99 417 111 403 116 395 115 395 96 381 97 384 85 394 139 410 157 370 180 361 180 346 157 339 132 307 166 332 212 377 236 376 288 338 290 286 275 265 312 219 289 221 264 271 221 317 340 309 362 368 367 363 346 406 326 435 337 466 371 373 408 388 480 313 477 279 457 240 479 168 459 169 436 191 420 200 419 221 365 229 570 253 591 282 581 278 577 321 649 346 592 420 592 451 600 458 603 456 611 459 618 486 630 482 650 447 659 439 660 429 685 422 689 380 696 398 734 362 564 452 550 497 526 525 549 528 604 512 606 576 557 584 555 590 529 527 357 532 319 559 324 537 248 464 219 431 205 326 269 357 379 400 400
162 2 3 8 9 15 22 25 26 36 37 38 40 47 48 62 63 64 66 67 68 71 72 89 90 103 104 106 117 121 125 135 155 172 175 181 185 194 195 197 210 230 232 245 254 258 272 274 285 287 301 303 317 327 330 336 343 349 351 356 378 382 386 387 392 395 403 413 419 431 434 440 446 459 460 461 465 466 469 475 481 489 491 505 506 525 542 543 556 558 561 568 571 572 584 590 605 614 616 617 624 628 635 638 647 651 654 664 669 674 675 677 687 689 704 708 717 719 727 731 735 744 758 766 770 777 781 788 789 792 793 795 797 798 807 808 813 826 835 837 857 861 869 872 876 885 891 898 909 916 920 930 933 936 948 950 960 966 983 986 987 989 993
326 400 400 379 395 359 396 384 412 382 421 376 420 326 421 294 415 299 385 301 369 312 378 274 380 243 381 243 343 262 348 284 346 297 331 284 309 272 301 249 312 229 271 212 255 221 237 250 242 279 245 287 221 307 194 323 190 332 201 372 210 399 212 401 213 409 179 443 171 462 159 473 157 479 165 493 172 485 193 473 183 458 191 453 223 455 235 456 274 472 321 495 335 487 388 477 393 489 416 511 407 535 427 564 409 576 390 592 387 595 394 588 376 612 380 623 363 639 334 642 330 581 326 585 318 556 352 544 363 553 265 549 244 547 227 541 209 538 194 486 191 489 242 515 251 564 239 570 226 575 257 605 282 616 421 609 433 586 451 565 445 546 473 527 473 506 481 506 505 491 512 469 501 443 508 435 514 429 497 415 498 369 500 355 504 349 489 316 476 298 485 282 503 285 524 286 539 265 530 256 529 254 530 232 505 213 523 191 468 199 456 216 442 221 429 203 376 176 375 167 377 164 377 182 385 165 403 132 401 124 416 105 416 105 441 113 451 149 440 151 480 157 490 151 496 114 401 123 338 145 309 163 309 176 342 191 356 205 336 228 328 187 278 284 274 290 271 293 270 331 255 340 259 343 312 346 311 339 325 368 335 379 343 397 369 421 387 428 393 436 391 439 402 452 411 451 381 453 372 489 378 499 387 526 349 540 416 531 460 494 456 488 472 484 483 516 531 553 532 554 535 561 539 566 542 568 542 568 531 568 525 590 534 602 534 621 498 586 495 561 565 519 576 507 579 485 573 486 568 465 533 448 541 436 553 439 582 435 595 432 608 437 609 435 623 420 632 417 612 414 606 387 614 391 618 395 626 403 650 399 669 362 670 361 649 355 623 337 620 337 605 369 605 359 574 353 555 362 549 330 551 325 551 333 557 333 576 310 562 309 561 309 530 304 518 327 531 392 505 462 487 466 470 521 412 542 370 574 376 598 352 637 329 639 402 665 405 665 393 670 428 684 423 692 450 677 453 702 397 727 404 730 412 725 415 729 388 731 390 736 387 724 375 622 288 514 294 489 219 465 220 450 229 453 235 437 227 448 199 478 194 507 185 528 198 531 197 474 147 471 141 474 124 451 132 449 115 436 117 444 101 418 99 417 111 403 116 395 115 395 96 381 97 384 85 394 139 410 157 370 180 361 180 346 157 339 132 307 166 332 212 377 236 376 288 338 290 286 275 265 312 219 289 221 264 271 221 317 340 309 362 368 367 363 346 406 326 435 337 466 371 373 408 388 480 313 477 279 457 240 479 168 459 169 436 191 420 200 419 221 365 229 570 253 591 282 581 278 577 321 649 346 592 420 592 451 600 458 603 456 611 459 618 486 630 482 650 447 659 439 660 429 685 422 689 380 696 362 564 452 550 497 526 525 549 528 604 512 606 576 557 584 555 590 529 527 357 532 319 559 324 537 248 464 219 431 205 326 269 357 379 400 400
161 2 3 8 9 15 22 25 26 36 37 38 40 47 48 62 63 64 66 67 68 71 72 89 90 103 104 106 117 121 125 135 155 172 175 181 194 195 197 210 230 232 245 254 258 272 274 285 287 301 303 317 327 330 336 343 349 351 356 378 382 386 387 392 395 403 413 419 431 434 440 446 459 460 461 465 466 469 475 481 489 491 505 506 525 542 543 556 558 561 568 571 572 584 590 605 614 616 617 624 628 635 638 647 651 654 664 669 674 675 677 687 689 704 708 717 719 727 731 735 744 758 766 770 777 781 788 789 792 793 795 797 798 807 808 813 826 835 837 857 861 869 872 876 885 891 898 909 916 920 930 933 936 948 950 960 966 983 986 987 989 993
324 400 400 379 395 359 396 384 412 382 421 376 420 326 421 294 415 299 385 301 369 312 378 274 380 243 381 243 343 262 348 284 346 297 331 284 309 272 301 249 312 229 271 212 255 221 237 250 242 279 245 287 221 307 194 323 190 332 201 372 210 399 212 401 213 409 179 443 171 462 159 473 157 479 165 493 172 485 193 473 183 458 191 453 223 455 235 456 274 472 321 495 335 487 388 477 393 489 416 511 407 535 427 564 409 576 390 592 387 595 394 588 376 612 380 623 363 639 334 642 330 581 326 585 318 556 352 544 363 553 265 549 244 547 227 541 209 538 194 486 191 489 242 515 251 564 239 570 226 575 257 605 282 616 421 609 433 586 451 565 445 546 473 527 473 506 481 506 505 491 512 469 501 443 508 435 514 429 497 415 498 369 500 355 504 349 489 316 476 298 485 282 503 285 524 286 539 265 530 256 529 254 530 232 505 213 523 191 468 199 456 216 442 221 429 203 376 176 375 167 377 164 377 182 385 165 403 132 401 124 416 105 416 105 441 113 451 149 440 151 480 157 490 151 496 114 401 123 338 145 309 163 309 176 342 191 356 205 336 228 328 284 274 290 271 293 270 331 255 340 259 343 312 346 311 339 325 368 335 379 343 397 369 421 387 428 393 436 391 439 402 452 411 451 381 453 372 489 378 499 387 526 349 540 416 531 460 494 456 488 472 484 483 516 531 553 532 554 535 561 539 566 542 568 542 568 531 568 525 590 534 602 534 586 495 561 565 519 576 507 579 485 573 486 568 465 533 448 541 436 553 439 582 435 595 432 608 437 609 435 623 420 632 417 612 414 606 387 614 391 618 395 626 403 650 399 669 362 670 361 649 355 623 337 620 337 605 369 605 359 574 353 555 362 549 330 551 325 551 333 557 333 576 310 562 309 561 309 530 304 518 327 531 392 505 462 487 466 470 521 412 542 370 574 376 598 352 637 329 639 402 665 405 665 393 670 428 684 423 692 450 677 453 702 397 727 404 730 412 725 415 729 388 731 390 736 387 724 375 622 288 514 294 489 219 465 220 450 229 453 235 437 227 448 199 478 194 507 185 528 198 531 197 474 147 471 141 474 124 451 132 449 115 436 117 444 101 418 99 417 111 403 116 395 115 395 96 381 97 384 85 394 139 410 157 370 180 361 180 346 157 339 132 307 166 332 212 377 236 376 288 338 290 286 275 265 312 219 289 221 264 271 221 317 340 309 362 368 367 363 346 406 326 435 337 466 371 373 408 388 480 313 477 279 457 240 479 168 459 169 436 191 420 200 419 221 365 229 570 253 591 282 581 278 577 321 649 346 592 420 592 451 600 458 603 456 611 459 618 486 630 482 650 447 659 439 660 429 685 422 689 380 696 362 564 452 550 497 526 525 549 528 604 512 606 576 557 584 555 590 529 527 357 532 319 559 324 537 248 464 219 431 205 326 269 357 379 400 400
160 2 3 8 9 15 22 25 26 36 37 38 40 47 48 62 63 64 66 67 68 71 72 89 90 103 104 106 117 121 125 135 155 172 175 181 194 195 197 210 230 232 245 254 258 272 274 285 287 301 303 317 327 330 336 343 349 351 356 378 382 386 387 392 395 403 413 419 431 434 440 446 459 460 461 465 466 469 475 481 489 491 505 506 525 542 543 556 558 561 568 571 572 584 590 605 614 616 617 624 628 635 638 647 651 654 664 674 675 677 687 689 704 708 717 719 727 731 735 744 758 766 770 777 781 788 789 792 793 795 797 798 807 808 813 826 835 837 857 861 869 872 876 885 891 898 909 916 920 930 933 936 948 950 960 966 983 986 987 989 993
322 400 400 379 395 359 396 384 412 382 421 376 420 326 421 294 415 301 369 312 378 274 380 243 381 243 343 262 348 284 346 297 331 284 309 272 301 249 312 229 271 212 255 221 237 250 242 279 245 287 221 307 194 323 190 332 201 372 210 399 212 401 213 409 179 443 171 462 159 473 157 479 165 493 172 485 193 473 183 458 191 453 223 455 235 456 274 472 321 495 335 487 388 477 393 489 416 511 407 535 427 564 409 576 390 592 387 595 394 588 376 612 380 623 363 639 334 642 330 581 326 585 318 556 352 544 363 553 265 549 244 547 227 541 209 538 194 486 191 489 242 515 251 564 239 570 226 575 257 605 282 616 421 609 433 586 451 565 445 546 473 527 473 506 481 506 505 491 512 469 501 443 508 435 514 429 497 415 498 369 500 355 504 349 489 316 476 298 485 282 503 285 524 286 539 265 530 256 529 254 530 232 505 213 523 191 468 199 456 216 442 221 429 203 376 176 375 167 377 164 377 182 385 165 403 132 401 124 416 105 416 105 441 113 451 149 440 151 480 157 490 151 496 114 401 123 338 145 309 163 309 176 342 191 356 205 336 228 328 284 274 290 271 293 270 331 255 340 259 343 312 346 311 339 325 368 335 379 343 397 369 421 387 428 393 436 391 439 402 452 411 451 381 453 372 489 378 499 387 526 349 540 416 531 460 494 456 488 472 484 483 516 531 553 532 554 535 561 539 566 542 568 542 568 531 568 525 590 534 602 534 586 495 561 565 519 576 507 579 485 573 486 568 465 533 448 541 436 553 439 582 435 595 432 608 437 609 435 623 420 632 417 612 414 606 387 614 391 618 395 626 403 650 399 669 362 670 361 649 355 623 337 620 337 605 369 605 359 574 353 555 362 549 330 551 325 551 333 557 333 576 310 562 309 561 309 530 304 518 327 531 392 505 462 487 466 470 521 412 542 370 574 376 598 352 637 329 639 402 665 405 665 393 670 428 684 423 692 450 677 453 702 397 727 404 730 412 725 415 729 388 731 390 736 387 724 375 622 288 514 294 489 219 465 220 450 229 453 235 437 227 448 199 478 194 507 185 528 198 531 197 474 147 471 141 474 124 451 132 449 115 436 117 444 101 418 99 417 111 403 116 395 115 395 96 381 97 384 85 394 139 410 157 370 180 361 180 346 157 339 132 307 166 332 212 377 236 376 288 338 290 286 275 265 312 219 289 221 264 271 221 317 340 309 362 368 367 363 346 406 326 435 337 466 371 373 408 388 480 313 477 279 457 240 479 168 459 169 436 191 420 200 419 221 365 229 570 253 591 282 581 278 577 346 592 420 592 451 600 458 603 456 611 459 618 486 630 482 650 447 659 439 660 429 685 422 689 380 696 362 564 452 550 497 526 525 549 528 604 512 606 576 557 584 555 590 529 527 357 532 319 559 324 537 248 464 219 431 205 326 269 357 379 400 400
159 2 3 8 9 15 22 25 26 36 37 38 40 47 48 62 63 64 66 67 68 71 72 89 90 103 104 106 117 121 125 135 155 172 175 181 194 195 197 210 230 232 245 254 258 272 274 285 287 301 303 317 327 330 336 343 349 351 356 378 382 386 387 392 395 403 413 419 431 434 440 446 459 460 461 465 466 469 475 481 489 491 505 506 525 542 543 556 558 561 568 571 572 584 590 605 614 617 624 628 635 638 647 651 654 664 674 675 677 687 689 704 708 717 719 727 731 735 744 758 766 770 777 781 788 789 792 793 795 797 798 807 808 813 826 835 837 857 861 869 872 876 885 891 898 909 916 920 930 933 936 948 950 960 966 983 986 987 989 993
320 400 400 379 395 359 396 384 412 382 421 376 420 326 421 294 415 301 369 312 378 274 380 243 381 243 343 262 348 284 346 297 331 284 309 272 301 249 312 229 271 212 255 221 237 250 242 279 245 287 221 307 194 323 190 332 201 372 210 399 212 401 213 409 179 443 171 462 159 473 157 479 165 493 172 485 193 473 183 458 191 453 223 455 235 456 274 472 321 495 335 487 388 477 393 489 416 511 407 535 427 564 409 576 390 592 387 595 394 588 376 612 380 623 363 639 334 642 330 581 326 585 318 556 352 544 363 553 265 549 244 547 227 541 209 538 194 486 191 489 242 515 251 564 239 570 226 575 257 605 282 616 421 609 433 586 451 565 445 546 473 527 473 506 481 506 505 491 512 469 501 443 508 435 514 429 497 415 498 369 500 355 504 349 489 316 476 298 485 282 503 285 524 286 539 265 530 256 529 254 530 232 505 213 523 191 468 199 456 216 442 221 429 203 376 176 375 167 377 164 377 182 385 165 403 132 401 124 416 105 416 105 441 113 451 149 440 151 480 157 490 151 496 114 401 123 338 145 309 163 309 176 342 191 356 205 336 228 328 284 274 290 271 293 270 331 255 340 259 343 312 346 311 339 325 368 335 379 343 421 387 428 393 436 391 439 402 452 411 451 381 453 372 489 378 499 387 526 349 540 416 531 460 494 456 488 472 484 483 516 531 553 532 554 535 561 539 566 542 568 542 568 531 568 525 590 534 602 534 586 495 561 565 519 576 507 579 485 573 486 568 465 533 448 541 436 553 439 582 435 595 432 608 437 609 435 623 420 632 417 612 414 606 387 614 391 618 395 626 403 650 399 669 362 670 361 649 355 623 337 620 337 605 369 605 359 574 353 555 362 549 330 551 325 551 333 557 333 576 310 562 309 561 309 530 304 518 327 531 392 505 462 487 466 470 521 412 542 370 574 376 598 352 637 329 639 402 665 405 665 393 670 428 684 423 692 450 677 453 702 397 727 404 730 412 725 415 729 388 731 390 736 387 724 375 622 288 514 294 489 219 465 220 450 229 453 235 437 227 448 199 478 194 507 185 528 198 531 197 474 147 471 141 474 124 451 132 449 115 436 117 444 101 418 99 417 111 403 116 395 115 395 96 381 97 384 85 394 139 410 157 370 180 361 180 346 157 339 132 307 166 332 212 377 236 376 288 338 290 286 275 265 312 219 289 221 264 271 221 317 340 309 362 368 367 363 346 406 326 435 337 466 371 373 408 388 480 313 477 279 457 240 479 168 459 169 436 191 420 200 419 229 570 253 591 282 581 278 577 346 592 420 592 451 600 458 603 456 611 459 618 486 630 482 650 447 659 439 660 429 685 422 689 380 696 362 564 452 550 497 526 525 549 528 604 512 606 576 557 584 555 590 529 527 357 532 319 559 324 537 248 464 219 431 205 326 269 357 379 400 400
158 2 3 8 9 15 22 25 26 36 37 38 40 47 48 62 63 64 66 67 68 71 72 89 90 103 104 106 117 121 125 135 155 172 175 181 194 195 197 210 230 232 245 254 258 272 274 285 287 301 303 317 327 330 336 343 349 351 356 378 382 386 387 392 395 403 413 419 431 434 440 446 459 460 461 465 466 469 475 481 489 491 505 506 525 542 543 556 558 561 568 571 572 584 590 605 614 617 624 628 635 638 647 651 654 664 674 675 677 687 689 704 708 717 719 727 731 735 744 758 766 770 777 781 788 789 793 795 797 798 807 808 813 826 835 837 857 861 869 872 876 885 891 898 909 916 920 930 933 936 948 950 960 966 983 986 987 989 993
318 400 400 379 395 359 396 384 412 382 421 376 420 326 421 294 415 301 369 312 378 274 380 243 381 243 343 262 348 284 346 297 331 284 309 272 301 249 312 229 271 212 255 221 237 250 242 279 245 287 221 307 194 323 190 332 201 372 210 399 212 401 213 409 179 443 171 462 159 473 157 479 165 493 172 485 193 473 183 458 191 453 223 455 235 456 274 472 321 495 335 487 388 477 393 489 416 511 407 535 427 564 409 576 390 592 387 595 394 588 376 612 380 623 363 639 334 642 330 581 326 585 318 556 352 544 363 553 265 549 244 547 227 541 209 538 194 486 191 489 242 515 251 564 239 570 226 575 257 605 282 616 421 609 433 586 451 565 445 546 473 527 473 506 481 506 505 491 512 469 501 443 508 435 514 429 497 415 498 369 500 355 504 349 489 316 476 298 485 282 503 285 524 286 539 265 530 256 529 254 530 232 505 213 523 199 456 216 442 221 429 203 376 176 375 167 377 164 377 182 385 165 403 132 401 124 416 105 416 105 441 113 451 149 440 151 480 157 490 151 496 114 401 123 338 145 309 163 309 176 342 191 356 205 336 228 328 284 274 290 271 293 270 331 255 340 259 343 312 346 311 339 325 368 335 379 343 421 387 428 393 436 391 439 402 452 411 451 381 453 372 489 378 499 387 540 416 531 460 494 456 488 472 484 483 516 531 553 532 554 535 561 539 566 542 568 542 568 531 568 525 590 534 602 534 586 495 561 565 519 576 507 579 485 573 486 568 465 533 448 541 436 553 439 582 435 595 432 608 437 609 435 623 420 632 417 612 414 606 387 614 391 618 395 626 403 650 399 669 362 670 361 649 355 623 337 620 337 605 369 605 359 574 353 555 362 549 330 551 325 551 333 557 333 576 310 562 309 561 309 530 304 518 327 531 392 505 462 487 466 470 521 412 542 370 574 376 598 352 637 329 639 402 665 405 665 393 670 428 684 423 692 450 677 453 702 397 727 404 730 412 725 415 729 388 731 390 736 387 724 375 622 288 514 294 489 219 465 220 450 229 453 235 437 227 448 199 478 194 507 185 528 198 531 197 474 147 471 141 474 124 451 132 449 115 436 117 444 101 418 99 417 111 403 116 395 115 395 96 381 97 384 85 394 139 410 157 370 180 361 180 346 157 339 132 307 166 332 212 377 236 376 288 338 290 286 275 265 312 219 289 221 264 271 221 317 340 309 362 368 367 363 346 406 326 435 337 466 371 373 408 388 480 313 477 279 457 240 479 168 459 169 436 191 420 200 419 229 570 253 591 282 581 278 577 346 592 420 592 451 600 458 603 456 611 459 618 486 630 482 650 447 659 439 660 429 685 422 689 380 696 362 564 452 550 497 526 525 549 528 604 512 606 576 557 584 555 590 529 527 357 532 319 559 324 537 248 464 219 431 205 326 269 357 379 400 400
157 2 3 8 9 15 22 25 26 36 37 38 40 47 48 62 63 64 66 67 68 71 72 89 90 103 104 106 117 121 125 135 155 172 175 181 194 195 197 210 230 232 245 254 258 272 274 285 287 301 303 317 330 336 343 349 351 356 378 382 386 387 392 395 403 413 419 431 434 440 446 459 460 461 465 466 469 475 481 489 491 505 506 525 542 543 556 558 561 568 571 572 584 590 605 614 617 624 628 635 638 647 651 654 664 674 675 677 687 689 704 708 717 719 727 731 735 744 758 766 770 777 781 788 789 793 795 797 798 807 808 813 826 835 837 857 861 869 872 876 885 891 898 909 916 920 930 933 936 948 950 960 966 983 986 987 989 993
316 400 400 379 395 359 396 384 412 382 421 376 420 326 421 294 415 301 369 312 378 274 380 243 381 243 343 262 348 284 346 297 331 284 309 272 301 249 312 229 271 212 255 221 237 250 242 279 245 287 221 307 194 323 190 332 201 372 210 399 212 401 213 409 179 443 171 462 159 473 157 479 165 493 172 485 193 473 183 458 191 453 223 455 235 456 274 472 321 495 335 487 388 477 393 489 416 511 407 535 427 564 409 576 390 592 387 595 394 588 376 612 380 623 363 639 334 642 330 581 326 585 318 556 352 544 363 553 265 549 244 547 227 541 209 538 194 486 191 489 242 515 251 564 239 570 226 575 257 605 282 616 421 609 433 586 451 565 445 546 473 527 473 506 481 506 505 491 512 469 501 443 508 435 514 429 497 415 498 369 500 355 504 349 489 316 476 298 485 282 503 285 524 286 539 265 530 256 529 254 530 232 505 213 523 199 456 216 442 221 429 203 376 176 375 167 377 164 377 182 385 165 403 132 401 124 416 105 416 105 441 113 451 149 440 151 480 157 490 151 496 114 401 123 338 145 309 163 309 176 342 191 356 205 336 228 328 284 274 290 271 293 270 331 255 340 259 343 312 346 311 339 325 368 335 379 343 421 387 428 393 439 402 452 411 451 381 453 372 489 378 499 387 540 416 531 460 494 456 488 472 484 483 516 531 553 532 554 535 561 539 566 542 568 542 568 531 568 525 590 534 602 534 586 495 561 565 519 576 507 579 485 573 486 568 465 533 448 541 436 553 439 582 435 595 432 608 437 609 435 623 420 632 417 612 414 606 387 614 391 618 395 626 403 650 399 669 362 670 361 649 355 623 337 620 337 605 369 605 359 574 353 555 362 549 330 551 325 551 333 557 333 576 310 562 309 561 309 530 304 518 327 531 392 505 462 487 466 470 521 412 542 370 574 376 598 352 637 329 639 402 665 405 665 393 670 428 684 423 692 450 677 453 702 397 727 404 730 412 725 415 729 388 731 390 736 387 724 375 622 288 514 294 489 219 465 220 450 229 453 235 437 227 448 199 478 194 507 185 528 198 531 197 474 147 471 141 474 124 451 132 449 115 436 117 444 101 418 99 417 111 403 116 395 115 395 96 381 97 384 85 394 139 410 157 370 180 361 180 346 157 339 132 307 166 332 212 377 236 376 288 338 290 286 275 265 312 219 289 221 264 317 340 309 362 368 367 363 346 406 326 435 337 466 371 373 408 388 480 313 477 279 457 240 479 168 459 169 436 191 420 200 419 229 570 253 591 282 581 278 577 346 592 420 592 451 600 458 603 456 611 459 618 486 630 482 650 447 659 439 660 429 685 422 689 380 696 362 564 452 550 497 526 525 549 528 604 512 606 576 557 584 555 590 529 527 357 532 319 559 324 537 248 464 219 431 205 326 269 357 379 400 400
156 2 3 8 9 15 22 25 26 36 37 38 40 47 48 62 63 64 66 67 68 71 72 89 90 103 104 106 117 121 125 135 155 172 175 181 194 195 197 210 230 232 245 254 258 272 274 285 287 301 303 317 330 336 349 351 356 378 382 386 387 392 395 403 413 419 431 434 440 446 459 460 461 465 466 469 475 481 489 491 505 506 525 542 543 556 558 561 568 571 572 584 590 605 614 617 624 628 635 638 647 651 654 664 674 675 677 687 689 704 708 717 719 727 731 735 744 758 766 770 777 781 788 789 793 795 797 798 807 808 813 826 835 837 857 861 869 872 876 885 891 898 909 916 920 930 933 936 948 950 960 966 983 986 987 989 993
314 400 400 379 395 359 396 384 412 382 421 376 420 326 421 294 415 301 369 312 378 274 380 243 381 243 343 262 348 284 346 297 331 284 309 272 301 249 312 229 271 212 255 221 237 250 242 279 245 287 221 307 194 323 190 332 201 372 210 399 212 401 213 409 179 443 171 462 159 473 157 479 165 493 172 485 193 473 183 458 191 453 223 455 235 456 274 472 321 495 335 487 388 477 393 489 416 511 407 535 427 564 409 576 390 592 387 595 394 588 376 612 380 623 363 639 334 642 330 581 326 585 318 556 352 544 363 553 265 549 244 547 227 541 209 538 194 486 191 489 242 515 251 564 239 570 226 575 257 605 282 616 421 609 433 586 451 565 445 546 473 527 473 506 481 506 505 491 512 469 501 443 508 435 514 429 497 415 498 369 500 355 504 349 489 316 476 298 485 282 503 285 524 286 539 265 530 256 529 254 530 232 505 213 523 199 456 216 442 221 429 203 376 176 375 167 377 164 377 182 385 165 403 132 401 124 416 105 416 105 441 113 451 149 440 151 480 157 490 151 496 114 401 123 338 145 309 163 309 176 342 191 356 205 336 228 328 284 274 290 271 293 270 331 255 340 259 343 312 346 311 339 325 368 335 379 343 421 387 428 393 439 402 452 411 451 381 453 372 489 378 499 387 540 416 531 460 494 456 488 472 484 483 516 531 553 532 554 535 561 539 566 542 568 542 568 531 568 525 590 534 602 534 561 565 519 576 507 579 485 573 486 568 465 533 448 541 436 553 439 582 435 595 432 608 437 609 435 623 420 632 417 612 414 606 387 614 391 618 395 626 403 650 399 669 362 670 361 649 355 623 337 620 337 605 369 605 359 574 353 555 362 549 330 551 325 551 333 557 333 576 310 562 309 561 309 530 304 518 327 531 392 505 462 487 466 470 521 412 542 370 574 376 637 329 639 402 665 405 665 393 670 428 684 423 692 450 677 453 702 397 727 404 730 412 725 415 729 388 731 390 736 387 724 375 622 288 514 294 489 219 465 220 450 229 453 235 437 227 448 199 478 194 507 185 528 198 531 197 474 147 471 141 474 124 451 132 449 115 436 117 444 101 418 99 417 111 403 116 395 115 395 96 381 97 384 85 394 139 410 157 370 180 361 180 346 157 339 132 307 166 332 212 377 236 376 288 338 290 286 275 265 312 219 289 221 264 317 340 309 362 368 367 363 346 406 326 435 337 466 371 373 408 388 480 313 477 279 457 240 479 168 459 169 436 191 420 200 419 229 570 253 591 282 581 278 577 346 592 420 592 451 600 458 603 456 611 459 618 486 630 482 650 447 659 439 660 429 685 422 689 380 696 362 564 452 550 497 526 525 549 528 604 512 606 576 557 584 555 590 529 527 357 532 319 559 324 537 248 464 219 431 205 326 269 357 379 400 400
155 2 3 8 9 15 22 25 26 36 37 38 40 47 48 62 63 64 66 67 68 71 72 89 90 103 104 106 117 121 125 135 155 172 175 181 194 195 197 210 230 232 245 254 258 272 274 285 287 301 303 317 330 336 349 351 356 378 382 386 387 392 395 403 413 419 431 434 440 446 459 460 461 465 466 469 475 481 489 491 505 506 525 542 543 556 558 561 568 571 572 584 590 605 614 617 624 628 635 638 647 651 654 664 674 675 677 687 689 704 708 717 719 727 731 735 744 758 766 770 777 781 788 789 793 795 797 798 807 808 813 826 835 837 857 861 869 872 876 885 891 898 916 920 930 933 936 948 950 960 966 983 986 987 989 993
312 400 400 379 395 359 396 384 412 382 421 376 420 326 421 294 415 301 369 312 378 274 380 243 381 243 343 262 348 284 346 297 331 284 309 272 301 249 312 229 271 212 255 221 237 250 242 279 245 287 221 307 194 323 190 332 201 372 210 399 212 401 213 409 179 443 171 462 159 473 157 479 165 493 172 485 193 473 183 458 191 453 223 455 235 456 274 472 321 495 335 487 388 477 393 489 416 511 407 535 427 564 409 576 390 592 387 595 394 588 376 612 380 623 363 639 334 642 330 581 326 585 318 556 352 544 363 553 265 549 244 547 227 541 209 538 194 486 191 489 242 515 251 564 239 570 226 575 257 605 282 616 421 609 433 586 451 565 445 546 473 527 473 506 481 506 505 491 512 469 501 443 508 435 514 429 497 415 498 369 500 355 504 349 489 316 476 298 485 282 503 285 524 286 539 265 530 256 529 254 530 232 505 213 523 216 442 221 429 203 376 176 375 167 377 164 377 182 385 165 403 132 401 124 416 105 416 105 441 113 451 149 440 151 480 157 490 151 496 114 401 123 338 145 309 163 309 176 342 191 356 205 336 228 328 284 274 290 271 293 270 331 255 340 259 343 312 346 311 339 325 368 335 379 343 421 387 428 393 439 402 452 411 451 381 453 372 489 378 499 387 540 416 531 460 494 456 488 472 484 483 516 531 553 532 554 535 561 539 566 542 568 542 568 531 568 525 590 534 602 534 561 565 519 576 507 579 485 573 486 568 465 533 448 541 436 553 439 582 435 595 432 608 437 609 435 623 420 632 417 612 414 606 387 614 391 618 395 626 403 650 399 669 362 670 361 649 355 623 337 620 337 605 369 605 359 574 353 555 362 549 330 551 325 551 333 557 333 576 310 562 309 561 309 530 304 518 327 531 392 505 462 487 466 470 521 412 542 370 574 376 639 402 665 405 665 393 670 428 684 423 692 450 677 453 702 397 727 404 730 412 725 415 729 388 731 390 736 387 724 375 622 288 514 294 489 219 465 220 450 229 453 235 437 227 448 199 478 194 507 185 528 198 531 197 474 147 471 141 474 124 451 132 449 115 436 117 444 101 418 99 417 111 403 116 395 115 395 96 381 97 384 85 394 139 410 157 370 180 361 180 346 157 339 132 307 166 332 212 377 236 376 288 338 290 286 275 265 312 219 289 221 264 317 340 309 362 368 367 363 346 406 326 435 337 466 371 373 408 388 480 313 477 279 457 240 479 168 459 169 436 191 420 200 419 229 570 253 591 282 581 278 577 346 592 420 592 451 600 458 603 456 611 459 618 486 630 482 650 447 659 439 660 429 685 422 689 380 696 362 564 452 550 497 526 525 549 528 604 512 606 576 557 584 555 590 529 527 357 532 319 559 324 537 248 464 219 431 205 326 269 357 379 400 400
154 2 3 8 9 15 22 25 26 36 37 38 40 47 48 62 63 64 66 67 68 71 72 89 90 103 104 106 117 121 125 135 155 172 175 181 194 195 197 210 230 232 245 254 258 272 274 285 287 301 303 317 330 336 349 351 356 378 382 386 387 392 395 403 413 419 431 434 440 446 459 460 461 465 466 469 475 481 489 491 505 506 525 542 543 556 558 561 571 572 584 590 605 614 617 624 628 635 638 647 651 654 664 674 675 677 687 689 704 708 717 719 727 731 735 744 758 766 770 777 781 788 789 793 795 797 798 807 808 813 826 835 837 857 861 869 872 876 885 891 898 916 920 930 933 936 948 950 960 966 983 986 987 989 993
310 400 400 379 395 359 396 384 412 382 421 376 420 326 421 294 415 301 369 312 378 274 380 243 381 243 343 262 348 284 346 297 331 284 309 272 301 249 312 229 271 212 255 221 237 250 242 279 245 287 221 307 194 323 190 332 201 372 210 399 212 401 213 409 179 443 171 462 159 473 157 479 165 493 172 485 193 473 183 458 191 453 223 455 235 456 274 472 321 495 335 487 388 477 393 489 416 511 407 535 427 564 409 576 390 592 387 595 394 588 376 612 380 623 363 639 334 642 330 581 326 585 318 556 352 544 363 553 265 549 244 547 227 541 209 538 194 486 191 489 242 515 251 564 239 570 226 575 257 605 282 616 421 609 433 586 451 565 445 546 473 527 473 506 481 506 505 491 512 469 501 443 508 435 514 429 497 415 498 369 500 355 504 349 489 316 476 298 485 282 503 285 524 286 539 265 530 256 529 254 530 232 505 213 523 216 442 221 429 203 376 176 375 167 377 164 377 182 385 165 403 132 401 124 416 105 416 105 441 113 451 149 440 151 480 157 490 151 496 114 401 123 338 145 309 163 309 176 342 191 356 205 336 228 328 284 274 290 271 293 270 331 255 340 259 343 312 346 311 339 325 368 335 379 343 421 387 428 393 439 402 452 411 451 381 453 372 489 378 499 387 540 416 531 460 494 456 488 472 484 483 516 531 553 532 554 535 561 539 566 542 568 542 568 531 568 525 590 534 602 534 561 565 519 576 507 579 485 573 486 568 465 533 448 541 436 553 439 582 435 595 432 608 437 609 435 623 420 632 417 612 414 606 387 614 391 618 395 626 403 650 399 669 362 670 361 649 355 623 337 620 337 605 369 605 359 574 353 555 362 549 330 551 325 551 333 557 333 576 310 562 309 561 309 530 304 518 327 531 392 505 462 487 466 470 521 412 542 370 574 376 639 402 665 405 665 393 670 428 684 423 692 450 677 453 702 397 727 404 730 412 725 415 729 388 731 390 736 387 724 375 622 288 514 294 489 219 465 220 450 229 453 235 437 227 448 199 478 194 507 185 528 198 531 197 474 147 471 141 474 124 451 132 449 115 436 117 444 101 418 99 417 111 403 116 395 115 395 96 381 97 384 85 394 139 410 157 370 180 361 180 346 157 307 166 332 212 377 236 376 288 338 290 286 275 265 312 219 289 221 264 317 340 309 362 363 346 406 326 435 337 466 371 373 408 388 480 313 477 279 457 240 479 168 459 169 436 191 420 200 419 229 570 253 591 282 581 278 577 346 592 420 592 451 600 458 603 456 611 459 618 486 630 482 650 447 659 439 660 429 685 422 689 380 696 362 564 452 550 497 526 525 549 528 604 512 606 576 557 584 555 590 529 527 357 532 319 559 324 537 248 464 219 431 205 326 269 357 379 400 400
153 2 3 8 9 15 22 25 26 36 37 38 40 47 48 62 63 64 66 67 68 71 72 89 90 103 104 106 117 121 125 135 155 172 175 181 194 195 197 210 230 232 245 254 258 272 274 285 287 301 303 317 330 336 349 351 356 378 382 386 387 392 395 403 413 431 434 440 446 459 460 461 465 466 469 475 481 489 491 505 506 525 542 543 556 558 561 571 572 584 590 605 614 617 624 628 635 638 647 651 654 664 674 675 677 687 689 704 708 717 719 727 731 735 744 758 766 770 777 781 788 789 793 795 797 798 807 808 813 826 835 837 857 861 869 872 876 885 891 898 916 920 930 933 936 948 950 960 966 983 986 987 989 993
308 400 400 379 395 359 396 384 412 382 421 376 420 326 421 294 415 301 369 312 378 274 380 243 381 243 343 262 348 284 346 297 331 284 309 272 301 249 312 229 271 212 255 221 237 250 242 279 245 287 221 307 194 323 190 332 201 372 210 399 212 401 213 409 179 443 171 462 159 473 157 479 165 493 172 485 193 473 183 458 191 453 223 455 235 456 274 472 321 495 335 487 388 477 393 489 416 511 407 535 427 564 409 576 390 592 387 595 394 588 376 612 380 623 363 639 334 642 330 581 326 585 318 556 352 544 363 553 265 549 244 547 227 541 209 538 194 486 191 489 242 515 251 564 239 570 226 575 257 605 282 616 421 609 433 586 451 565 445 546 473 527 473 506 481 506 505 491 512 469 501 443 508 435 514 429 497 415 498 369 500 355 504 349 489 316 476 298 485 282 503 285 524 286 539 265 530 256 529 254 530 232 505 213 523 216 442 221 429 203 376 176 375 167 377 164 377 182 385 165 403 132 401 124 416 105 416 105 441 113 451 149 440 151 480 157 490 151 496 114 401 123 338 145 309 163 309 176 342 191 356 205 336 228 328 284 274 290 271 293 270 331 255 340 259 343 312 346 311 339 325 368 335 379 343 421 387 428 393 439 402 452 411 451 381 453 372 489 378 499 387 540 416 531 460 494 456 488 472 484 483 516 531 553 532 554 535 561 539 566 542 568 542 568 531 568 525 590 534 602 534 561 565 519 576 507 579 485 573 486 568 465 533 448 541 436 553 439 582 435 595 432 608 437 609 435 623 420 632 417 612 414 606 387 614 391 618 395 626 403 650 399 669 362 670 361 649 355 623 337 620 337 605 369 605 359 574 353 555 362 549 330 551 325 551 333 557 333 576 310 562 309 561 309 530 304 518 327 531 392 505 462 487 466 470 521 412 542 370 574 376 639 402 665 405 665 393 670 428 684 423 692 450 677 453 702 397 727 404 730 412 725 415 729 388 731 390 736 387 724 375 622 288 514 294 489 219 465 220 450 229 453 235 437 227 448 199 478 194 507 185 528 198 531 197 474 147 471 141 474 124 451 132 449 115 436 117 444 101 418 99 417 111 403 116 395 115 395 96 381 97 384 85 394 139 410 157 370 180 361 180 346 157 307 166 332 212 377 236 376 288 338 290 286 275 265 312 219 289 221 264 317 340 309 362 363 346 406 326 435 337 466 371 373 408 388 480 313 477 279 457 240 479 168 459 169 436 191 420 200 419 229 570 253 591 282 581 278 577 346 592 420 592 451 600 458 603 459 618 486 630 482 650 447 659 439 660 429 685 422 689 380 696 362 564 452 550 497 526 525 549 528 604 512 606 576 557 584 555 590 529 527 357 532 319 559 324 537 248 464 219 431 205 357 379 400 400
152 2 3 8 9 15 22 25 26 36 37 38 40 47 48 62 63 64 66 67 68 71 72 89 90 103 104 106 117 121 125 135 155 172 175 181 194 195 197 210 230 232 245 254 258 272 274 285 287 301 303 317 330 336 349 351 356 378 382 386 387 392 395 403 413 431 434 440 446 459 460 461 465 466 469 475 481 489 491 505 506 525 542 543 556 558 561 571 572 584 590 605 614 617 624 628 635 638 647 651 654 664 674 675 677 687 689 704 708 717 719 727 731 735 744 758 766 770 781 788 789 793 795 797 798 807 808 813 826 835 837 857 861 869 872 876 885 891 898 916 920 930 933 936 948 950 960 966 983 986 987 989 993
306 400 400 379 395 359 396 384 412 382 421 376 420 326 421 294 415 301 369 312 378 274 380 243 381 243 343 262 348 284 346 297 331 284 309 272 301 249 312 229 271 212 255 221 237 250 242 279 245 287 221 307 194 323 190 332 201 372 210 399 212 401 213 409 179 443 171 462 159 473 157 479 165 493 172 485 193 473 183 458 191 453 223 455 235 456 274 472 321 495 335 487 388 477 393 489 416 511 407 535 427 564 409 576 390 592 387 595 394 588 376 612 380 623 363 639 334 642 330 581 326 585 318 556 352 544 363 553 265 549 244 547 227 541 209 538 194 486 191 489 242 515 251 564 239 570 226 575 257 605 282 616 421 609 433 586 451 565 445 546 473 527 473 506 481 506 505 491 512 469 501 443 508 435 514 429 497 415 498 369 500 355 504 349 489 316 476 298 485 282 503 285 524 286 539 265 530 256 529 254 530 232 505 213 523 216 442 221 429 203 376 176 375 167 377 164 377 182 385 165 403 132 401 124 416 105 416 105 441 113 451 149 440 151 480 157 490 151 496 114 401 123 338 145 309 163 309 176 342 191 356 205 336 228 328 284 274 290 271 293 270 331 255 340 259 343 312 346 311 339 325 368 335 379 343 421 387 428 393 439 402 452 411 451 381 453 372 489 378 499 387 540 416 531 460 494 456 488 472 484 483 516 531 553 532 554 535 561 539 566 542 568 542 568 531 568 525 590 534 602 534 561 565 519 576 507 579 485 573 486 568 465 533 448 541 436 553 439 582 435 595 432 608 437 609 435 623 420 632 417 612 414 606 387 614 391 618 395 626 403 650 399 669 362 670 361 649 355 623 337 620 337 605 369 605 359 574 353 555 362 549 330 551 325 551 333 557 333 576 310 562 309 561 309 530 304 518 327 531 392 505 462 487 466 470 521 412 542 370 574 376 639 402 665 405 665 393 670 428 684 423 692 450 677 453 702 397 727 404 730 412 725 415 729 388 731 390 736 387 724 375 622 288 514 294 489 219 465 220 450 229 453 235 437 227 448 199 478 194 507 185 528 198 531 197 474 147 471 141 474 124 451 132 449 115 436 117 444 101 418 99 417 111 403 116 395 115 395 96 381 97 384 85 394 139 410 157 370 180 361 180 346 157 307 166 332 212 377 236 376 288 338 290 286 275 265 312 219 289 221 264 317 340 309 362 363 346 406 326 435 337 466 371 373 408 388 480 313 477 279 457 240 479 168 459 169 436 191 420 200 419 229 570 253 591 282 581 278 577 346 592 420 592 451 600 458 603 459 618 486 630 482 650 447 659 439 660 429 685 422 689 380 696 362 564 452 550 497 526 525 549 528 604 576 557 584 555 590 529 527 357 532 319 559 324 537 248 464 219 431 205 400 400
151 2 3 8 9 15 22 25 26 36 37 38 40 47 48 62 63 64 66 67 68 71 72 89 103 104 106 117 121 125 135 155 172 175 181 194 195 197 210 230 232 245 254 258 272 274 285 287 301 303 317 330 336 349 351 356 378 382 386 387 392 395 403 413 431 434 440 446 459 460 461 465 466 469 475 481 489 491 505 506 525 542 543 556 558 561 571 572 584 590 605 614 617 624 628 635 638 647 651 654 664 674 675 677 687 689 704 708 717 719 727 731 735 744 758 766 770 781 788 789 793 795 797 798 807 808 813 826 835 837 857 861 869 872 876 885 891 898 916 920 930 933 936 948 950 960 966 983 986 987 989 993
304 400 400 379 395 359 396 384 412 382 421 376 420 326 421 294 415 301 369 312 378 274 380 243 381 243 343 262 348 284 346 297 331 284 309 272 301 249 312 229 271 212 255 221 237 250 242 279 245 287 221 307 194 323 190 332 201 372 210 399 212 401 213 409 179 443 171 462 159 473 157 479 165 493 172 485 193 473 183 458 191 453 223 455 235 456 274 472 321 495 335 487 388 477 393 489 416 511 407 535 427 564 409 576 390 592 387 595 394 588 376 612 380 623 363 639 334 642 330 581 326 585 318 556 352 544 363 553 265 549 244 547 227 541 209 538 194 486 191 489 242 515 251 564 239 570 226 575 257 605 282 616 421 609 433 586 451 565 445 546 473 527 473 506 481 506 505 491 512 469 501 443 508 435 514 429 497 415 498 369 500 355 504 349 489 316 476 298 485 282 503 285 524 286 539 265 530 256 529 254 530 232 505 213 523 216 442 221 429 203 376 176 375 167 377 164 377 182 385 165 403 132 401 124 416 105 416 105 441 113 451 149 440 151 480 157 490 151 496 114 401 123 338 145 309 163 309 176 342 191 356 205 336 228 328 284 274 290 271 293 270 331 255 340 259 343 312 346 311 339 325 368 335 379 343 421 387 428 393 439 402 452 411 451 381 453 372 489 378 499 387 540 416 531 460 494 456 488 472 484 483 516 531 553 532 554 535 561 539 566 542 568 542 568 531 568 525 590 534 602 534 561 565 519 576 507 579 485 573 486 568 465 533 448 541 436 553 439 582 435 595 432 608 437 609 435 623 420 632 417 612 414 606 387 614 391 618 395 626 403 650 399 669 362 670 361 649 355 623 337 620 337 605 369 605 359 574 353 555 362 549 330 551 325 551 333 557 333 576 310 562 309 561 309 530 304 518 327 531 392 505 462 487 466 470 521 412 542 370 574 376 665 405 665 393 670 428 684 423 692 450 677 453 702 397 727 404 730 412 725 415 729 388 731 390 736 387 724 375 622 288 514 294 489 219 465 220 450 229 453 235 437 227 448 199 478 194 507 185 528 198 531 197 474 147 471 141 474 124 451 132 449 115 436 117 444 101 418 99 417 111 403 116 395 115 395 96 381 97 384 85 394 139 410 157 370 180 361 180 346 157 307 166 332 212 377 236 376 288 338 290 286 275 265 312 219 289 221 264 317 340 309 362 363 346 406 326 435 337 373 408 388 480 313 477 279 457 240 479 168 459 169 436 191 420 200 419 229 570 253 591 282 581 278 577 346 592 420 592 451 600 458 603 459 618 486 630 482 650 447 659 439 660 429 685 422 689 380 696 362 564 452 550 497 526 525 549 528 604 576 557 584 555 590 529 527 357 532 319 559 324 537 248 464 219 431 205 400 400
150 2 3 8 9 15 22 25 26 36 37 38 40 47 48 62 63 64 66 67 68 71 72 89 103 104 106 117 121 125 135 155 172 175 181 194 195 197 210 230 232 245 254 258 272 274 285 287 301 303 317 330 336 349 351 378 382 386 387 392 395 403 413 431 434 440 446 459 460 461 465 466 469 475 481 489 491 505 506 525 542 543 556 558 561 571 572 584 590 605 614 617 624 628 635 638 647 651 654 664 674 675 677 687 689 704 708 717 719 727 731 735 744 758 766 770 781 788 789 793 795 797 798 807 808 813 826 835 837 857 861 869 872 876 885 891 898 916 920 930 933 936 948 950 960 966 983 986 987 989 993
302 400 400 379 395 359 396 384 412 382 421 376 420 326 421 294 415 301 369 312 378 274 380 243 381 243 343 262 348 284 346 297 331 284 309 272 301 249 312 229 271 212 255 221 237 250 242 279 245 287 221 307 194 323 190 332 201 372 210 399 212 401 213 409 179 443 171 462 159 473 157 479 165 493 172 485 193 473 183 458 191 453 223 455 235 456 274 472 321 495 335 487 388 477 393 489 416 511 407 535 427 564 409 576 390 592 387 595 394 588 376 612 380 623 363 639 334 642 330 581 326 585 318 556 352 544 363 553 265 549 244 547 227 541 209 538 194 486 191 489 242 515 251 564 239 570 226 575 257 605 282 616 421 609 433 586 451 565 445 546 473 527 473 506 481 506 505 491 512 469 501 443 508 435 514 429 497 415 498 369 500 355 504 349 489 316 476 298 485 282 503 285 524 286 539 265 530 256 529 254 530 232 505 213 523 216 442 221 429 203 376 176 375 167 377 164 377 182 385 165 403 132 401 124 416 105 416 105 441 113 451 149 440 151 480 157 490 151 496 114 401 123 338 145 309 163 309 176 342 191 356 205 336 228 328 284 274 290 271 293 270 331 255 340 259 343 312 346 311 339 325 368 335 379 343 421 387 428 393 439 402 452 411 451 381 453 372 489 378 499 387 540 416 531 460 494 456 488 472 484 483 516 531 553 532 554 535 561 539 566 542 568 542 568 531 568 525 590 534 602 534 561 565 519 576 507 579 485 573 486 568 465 533 448 541 436 553 439 582 435 595 432 608 437 609 435 623 420 632 417 612 414 606 387 614 391 618 395 626 403 650 399 669 362 670 361 649 355 623 337 620 337 605 369 605 359 574 353 555 362 549 330 551 325 551 333 557 333 576 310 562 309 561 309 530 304 518 327 531 392 505 462 487 466 470 521 412 542 370 574 376 665 405 665 393 670 428 684 423 692 450 677 453 702 397 727 404 730 412 729 388 731 390 736 387 724 375 622 288 514 294 489 219 465 220 450 229 453 235 437 227 448 199 478 194 507 185 528 198 531 197 474 147 471 141 474 124 451 132 449 115 436 117 444 101 418 99 417 111 403 116 395 115 395 96 381 97 384 85 394 139 410 157 370 180 361 180 346 157 307 166 332 212 377 236 376 288 338 290 286 275 219 289 221 264 317 340 309 362 363 346 406 326 435 337 373 408 388 480 313 477 279 457 240 479 168 459 169 436 191 420 200 419 229 570 253 591 282 581 278 577 346 592 420 592 451 600 458 603 459 618 486 630 482 650 447 659 439 660 429 685 422 689 380 696 362 564 452 550 497 526 525 549 528 604 576 557 584 555 590 529 527 357 532 319 559 324 537 248 464 219 431 205 400 400
149 2 3 8 9 15 22 25 26 36 37 38 40 47 48 62 63 64 66 67 68 71 72 89 103 104 106 117 121 125 135 155 172 175 181 194 195 197 210 230 232 245 254 258 272 274 285 287 301 303 317 330 336 349 351 378 382 386 387 392 395 403 413 431 434 440 446 459 460 461 465 469 475 481 489 491 505 506 525 542 543 556 558 561 571 572 584 590 605 614 617 624 628 635 638 647 651 654 664 674 675 677 687 689 704 708 717 719 727 731 735 744 758 766 770 781 788 789 793 795 797 798 807 808 813 826 835 837 857 861 869 872 876 885 891 898 916 920 930 933 936 948 950 960 966 983 986 987 989 993
300 400 400 379 395 359 396 384 412 382 421 376 420 326 421 294 415 301 369 312 378 274 380 243 381 243 343 262 348 284 346 297 331 284 309 272 301 249 312 229 271 212 255 221 237 250 242 279 245 287 221 307 194 323 190 332 201 372 210 399 212 401 213 409 179 443 171 462 159 473 157 479 165 493 172 485 193 473 183 458 191 453 223 455 235 456 274 472 321 495 335 487 388 477 393 489 416 511 407 535 427 564 409 576 390 592 387 595 394 588 376 612 380 623 363 639 334 642 330 581 326 585 318 556 352 544 363 553 265 549 244 547 227 541 209 538 194 486 191 489 242 515 251 564 239 570 226 575 257 605 282 616 421 609 433 586 451 565 445 546 473 527 473 506 481 506 505 491 512 469 501 443 508 435 514 429 497 415 498 369 500 355 504 349 489 316 476 298 485 282 503 285 524 286 539 265 530 256 529 254 530 232 505 213 523 216 442 221 429 203 376 176 375 167 377 164 377 182 385 165 403 132 401 124 416 105 416 105 441 113 451 149 440 151 480 157 490 151 496 114 401 123 338 145 309 163 309 176 342 191 356 205 336 228 328 284 274 290 271 293 270 331 255 340 259 343 312 346 311 339 325 368 335 379 343 421 387 428 393 439 402 452 411 451 381 453 372 489 378 499 387 540 416 531 460 494 456 488 472 484 483 516 531 553 532 554 535 561 539 566 542 568 542 568 531 568 525 590 534 602 534 561 565 519 576 507 579 485 573 486 568 465 533 448 541 436 553 439 582 435 595 432 608 437 609 435 623 420 632 417 612 414 606 387 614 391 618 395 626 403 650 399 669 362 670 355 623 337 620 337 605 369 605 359 574 353 555 362 549 330 551 325 551 333 557 333 576 310 562 309 561 309 530 304 518 327 531 392 505 462 487 466 470 521 412 542 370 574 376 665 405 665 393 670 428 684 423 692 450 677 453 702 397 727 404 730 412 729 388 731 390 736 387 724 375 622 288 514 294 489 219 465 220 450 229 453 235 437 227 448 199 478 194 507 185 528 198 531 197 474 147 471 141 474 124 451 132 449 115 436 117 444 101 418 99 417 111 403 116 395 115 395 96 381 97 384 85 394 139 410 157 370 180 361 180 346 157 307 166 332 212 377 236 376 288 338 290 286 275 219 289 221 264 317 340 309 362 363 346 406 326 373 408 388 480 313 477 279 457 240 479 168 459 169 436 191 420 200 419 229 570 253 591 282 581 278 577 346 592 420 592 451 600 458 603 459 618 486 630 482 650 447 659 439 660 429 685 422 689 380 696 362 564 452 550 497 526 525 549 528 604 576 557 584 555 590 529 527 357 532 319 559 324 537 248 464 219 431 205 400 400
148 2 3 8 9 15 22 25 26 36 37 38 40 47 48 62 63 64 66 67 68 71 72 89 103 104 106 117 121 125 135 155 172 175 181 194 195 197 210 230 232 245 254 258 272 274 285 287 301 303 317 330 336 349 351 378 382 386 387 392 395 403 413 431 434 440 446 459 460 461 465 469 475 481 489 491 505 506 525 542 543 556 558 561 571 572 584 590 605 614 617 624 628 635 638 647 651 654 664 674 675 677 687 689 704 708 717 719 727 731 735 744 758 766 770 781 788 789 793 795 797 798 808 813 826 835 837 857 861 869 872 876 885 891 898 916 920 930 933 936 948 950 960 966 983 986 987 989 993
298 400 400 379 395 359 396 384 412 382 421 376 420 326 421 294 415 301 369 312 378 274 380 243 381 243 343 262 348 284 346 297 331 284 309 272 301 249 312 229 271 212 255 221 237 250 242 279 245 287 221 307 194 323 190 332 201 372 210 399 212 401 213 409 179 443 171 462 159 473 157 479 165 493 172 485 193 473 183 458 191 453 223 455 235 456 274 472 321 495 335 487 388 477 393 489 416 511 407 535 427 564 409 576 390 592 387 595 394 588 376 612 380 623 363 639 334 642 330 581 326 585 318 556 352 544 363 553 265 549 244 547 227 541 209 538 194 486 191 489 242 515 251 564 239 570 226 575 257 605 282 616 421 609 433 586 451 565 445 546 473 527 473 506 481 506 505 491 512 469 501 443 508 435 514 429 497 415 498 369 500 355 504 349 489 316 476 298 485 282 503 285 524 286 539 265 530 256 529 254 530 232 505 213 523 216 442 221 429 203 376 176 375 167 377 164 377 182 385 165 403 132 401 124 416 105 416 105 441 113 451 149 440 151 480 157 490 151 496 114 401 123 338 145 309 163 309 176 342 191 356 205 336 228 328 284 274 290 271 293 270 331 255 340 259 343 312 346 311 339 325 368 335 379 343 421 387 428 393 439 402 452 411 451 381 453 372 489 378 499 387 540 416 531 460 494 456 488 472 484 483 516 531 553 532 554 535 561 539 566 542 568 542 568 531 568 525 590 534 602 534 561 565 519 576 507 579 485 573 486 568 465 533 448 541 436 553 439 582 435 595 432 608 437 609 435 623 420 632 417 612 414 606 387 614 391 618 395 626 403 650 399 669 362 670 355 623 337 620 337 605 369 605 359 574 353 555 362 549 330 551 325 551 333 557 333 576 310 562 309 561 309 530 304 518 327 531 392 505 462 487 466 470 521 412 542 370 574 376 665 405 665 393 670 428 684 423 692 450 677 453 702 397 727 404 730 412 729 388 731 390 736 387 724 375 622 288 514 294 489 219 465 220 450 229 453 235 437 227 448 199 478 194 507 185 528 198 531 197 474 147 471 141 474 124 451 132 449 115 436 117 444 101 418 99 417 111 403 116 395 115 381 97 384 85 394 139 410 157 370 180 361 180 346 157 307 166 332 212 377 236 376 288 338 290 286 275 219 289 221 264 317 340 309 362 363 346 373 408 388 480 313 477 279 457 240 479 168 459 169 436 191 420 200 419 229 570 253 591 282 581 278 577 346 592 420 592 451 600 458 603 459 618 486 630 482 650 447 659 439 660 429 685 422 689 380 696 362 564 452 550 497 526 525 549 528 604 576 557 584 555 590 529 527 357 532 319 559 324 537 248 464 219 431 205 400 400
147 2 3 8 9 15 22 25 26 36 37 38 40 47 48 62 63 64 66 67 71 72 89 103 104 106 117 121 125 135 155 172 175 181 194 195 197 210 230 232 245 254 258 272 274 285 287 301 303 317 330 336 349 351 378 382 386 387 392 395 403 413 431 434 440 446 459 460 461 465 469 475 481 489 491 505 506 525 542 543 556 558 561 571 572 584 590 605 614 617 624 628 635 638 647 651 654 664 674 675 677 687 689 704 708 717 719 727 731 735 744 758 766 770 781 788 789 793 795 797 798 808 813 826 835 837 857 861 869 872 876 885 891 898 916 920 930 933 936 948 950 960 966 983 986 987 989 993
296 400 400 379 395 359 396 384 412 382 421 376 420 326 421 294 415 301 369 312 378 274 380 243 381 243 343 262 348 284 346 297 331 284 309 272 301 249 312 229 271 212 255 221 237 250 242 279 245 287 221 307 194 323 190 332 201 372 210 399 212 401 213 409 179 443 171 462 159 473 157 479 165 493 172 485 193 473 183 458 191 453 223 455 235 456 274 472 321 495 335 487 388 477 393 489 416 511 407 535 427 564 409 576 390 592 387 595 394 588 376 612 380 623 363 639 334 642 330 581 326 585 318 556 352 544 363 553 265 549 244 547 227 541 209 538 194 486 191 489 242 515 251 564 239 570 226 575 257 605 282 616 421 609 433 586 451 565 445 546 473 527 473 506 481 506 505 491 512 469 501 443 508 435 514 429 497 415 498 369 500 355 504 349 489 316 476 298 485 282 503 285 524 286 539 265 530 256 529 254 530 232 505 213 523 216 442 221 429 203 376 176 375 167 377 164 377 182 385 165 403 132 401 124 416 105 416 105 441 113 451 149 440 151 480 157 490 151 496 114 401 123 338 145 309 163 309 176 342 191 356 205 336 228 328 284 274 290 271 293 270 331 255 340 259 343 312 346 311 339 325 368 335 379 343 421 387 428 393 439 402 452 411 451 381 453 372 489 378 499 387 540 416 531 460 494 456 488 472 484 483 516 531 553 532 554 535 561 539 566 542 568 542 568 531 568 525 590 534 602 534 561 565 519 576 507 579 485 573 486 568 465 533 448 541 436 553 439 582 435 595 432 608 437 609 435 623 420 632 417 612 414 606 387 614 391 618 395 626 403 650 399 669 362 670 355 623 337 620 337 605 369 605 359 574 353 555 362 549 330 551 325 551 333 557 310 562 309 561 309 530 304 518 327 531 392 505 462 487 466 470 521 412 542 370 574 376 665 405 665 393 670 428 684 423 692 450 677 453 702 397 727 404 730 412 729 388 731 390 736 387 724 375 622 288 514 294 489 219 465 220 450 229 453 235 437 227 448 199 478 194 507 185 528 198 531 197 474 147 471 141 474 124 451 132 449 115 436 117 444 101 418 99 417 111 403 116 395 115 381 97 384 85 394 139 410 157 370 180 361 180 346 157 307 166 332 212 377 236 376 288 338 290 286 275 219 289 221 264 317 340 309 362 373 408 388 480 313 477 279 457 240 479 168 459 169 436 191 420 200 419 229 570 253 591 282 581 278 577 346 592 420 592 451 600 458 603 459 618 486 630 482 650 447 659 439 660 429 685 422 689 380 696 362 564 452 550 497 526 525 549 528 604 576 557 584 555 590 529 527 357 532 319 559 324 537 248 464 219 431 205 400 400
146 2 3 8 9 15 22 25 26 36 37 38 40 47 48 62 63 64 66 67 71 72 89 103 104 106 117 121 125 135 155 172 175 181 194 195 197 210 230 232 245 254 258 272 274 285 287 301 303 317 330 336 349 351 378 382 386 387 392 395 403 413 431 434 440 446 459 460 461 465 469 475 481 489 491 505 506 525 542 543 556 558 561 571 572 584 590 605 614 617 624 628 635 638 651 654 664 674 675 677 687 689 704 708 717 719 727 731 735 744 758 766 770 781 788 789 793 795 797 798 808 813 826 835 837 857 861 869 872 876 885 891 898 916 920 930 933 936 948 950 960 966 983 986 987 989 993
294 400 400 379 395 359 396 384 412 382 421 376 420 326 421 294 415 301 369 312 378 274 380 243 381 243 343 262 348 284 346 297 331 284 309 272 301 249 312 229 271 212 255 221 237 250 242 279 245 287 221 307 194 323 190 332 201 372 210 399 212 401 213 409 179 443 171 462 159 473 157 479 165 493 172 485 193 473 183 458 191 453 223 455 235 456 274 472 321 495 335 487 388 477 393 489 416 511 407 535 427 564 409 576 390 592 387 595 394 588 376 612 380 623 363 639 334 642 330 581 326 585 318 556 352 544 363 553 265 549 244 547 227 541 209 538 194 486 191 489 242 515 251 564 239 570 226 575 257 605 282 616 421 609 433 586 451 565 445 546 473 527 473 506 481 506 505 491 512 469 501 443 508 435 514 429 497 415 498 369 500 355 504 349 489 316 476 298 485 282 503 285 524 286 539 265 530 256 529 254 530 232 505 213 523 216 442 221 429 203 376 176 375 167 377 164 377 182 385 165 403 132 401 124 416 105 416 105 441 113 451 149 440 151 480 157 490 151 496 114 401 123 338 145 309 163 309 176 342 191 356 205 336 228 328 284 274 290 271 293 270 331 255 340 259 343 312 346 311 339 325 368 335 379 343 421 387 428 393 439 402 452 411 451 381 453 372 489 378 499 387 540 416 531 460 494 456 488 472 484 483 516 531 553 532 554 535 561 539 566 542 568 542 568 531 568 525 590 534 602 534 561 565 519 576 507 579 485 573 486 568 465 533 448 541 436 553 439 582 435 595 432 608 437 609 435 623 420 632 417 612 414 606 387 614 391 618 395 626 403 650 399 669 362 670 355 623 337 620 337 605 369 605 359 574 353 555 362 549 330 551 325 551 333 557 310 562 309 561 309 530 304 518 327 531 392 505 462 487 466 470 521 412 542 370 574 376 665 405 665 393 670 428 684 423 692 450 677 453 702 397 727 404 730 412 729 388 731 390 736 387 724 375 622 288 514 294 489 219 465 220 450 229 453 235 437 227 448 199 478 194 507 185 528 198 531 197 474 147 471 141 474 124 451 132 449 115 436 117 444 101 418 99 417 111 395 115 381 97 384 85 394 139 410 157 370 180 361 180 346 157 307 166 332 212 377 236 376 288 338 290 286 275 219 289 221 264 317 340 309 362 373 408 388 480 313 477 279 457 240 479 168 459 169 436 191 420 200 419 229 570 253 591 282 581 278 577 346 592 420 592 451 600 458 603 459 618 486 630 482 650 447 659 439 660 429 685 422 689 380 696 362 564 452 550 497 526 525 549 528 604 576 557 584 555 590 529 527 357 532 319 537 248 464 219 431 205 400 400
145 2 3 8 9 15 22 25 26 36 37 38 40 47 48 62 63 64 66 67 71 72 89 103 104 106 117 121 125 135 155 172 175 181 194 195 197 210 230 232 245 254 258 272 274 285 287 301 303 317 330 336 349 351 378 382 386 387 392 395 403 413 431 434 440 446 459 460 461 465 469 475 481 489 491 505 506 525 542 543 556 558 561 571 572 584 590 605 614 617 624 628 635 638 651 654 664 674 677 687 689 704 708 717 719 727 731 735 744 758 766 770 781 788 789 793 795 797 798 808 813 826 835 837 857 861 869 872 876 885 891 898 916 920 930 933 936 948 950 960 966 983 986 987 989 993
292 400 400 379 395 359 396 384 412 382 421 376 420 326 421 294 415 301 369 312 378 274 380 243 381 243 343 262 348 284 346 297 331 284 309 272 301 249 312 229 271 212 255 221 237 250 242 279 245 287 221 307 194 323 190 332 201 372 210 399 212 401 213 409 179 443 171 462 159 479 165 493 172 485 193 473 183 458 191 453 223 455 235 456 274 472 321 495 335 487 388 477 393 489 416 511 407 535 427 564 409 576 390 592 387 595 394 588 376 612 380 623 363 639 334 642 330 581 326 585 318 556 352 544 363 553 265 549 244 547 227 541 209 538 194 486 191 489 242 515 251 564 239 570 226 575 257 605 282 616 421 609 433 586 451 565 445 546 473 527 473 506 481 506 505 491 512 469 501 443 508 435 514 429 497 415 498 369 500 355 504 349 489 316 476 298 485 282 503 285 524 286 539 265 530 256 529 254 530 232 505 213 523 216 442 221 429 203 376 176 375 167 377 164 377 182 385 165 403 132 401 124 416 105 416 105 441 113 451 149 440 151 480 157 490 151 496 114 401 123 338 145 309 163 309 176 342 191 356 205 336 228 328 284 274 290 271 293 270 331 255 340 259 343 312 346 311 339 325 368 335 379 343 421 387 428 393 439 402 452 411 451 381 453 372 489 378 499 387 540 416 531 460 494 456 488 472 484 483 516 531 553 532 554 535 561 539 566 542 568 542 568 531 568 525 590 534 602 534 561 565 519 576 507 579 485 573 486 568 465 533 448 541 436 553 439 582 435 595 432 608 437 609 435 623 420 632 417 612 414 606 387 614 391 618 395 626 403 650 399 669 362 670 355 623 337 620 337 605 369 605 359 574 353 555 362 549 330 551 325 551 333 557 310 562 309 561 309 530 304 518 327 531 392 505 462 487 466 470 521 412 542 370 574 376 665 405 665 393 670 428 684 423 692 450 677 453 702 397 727 404 730 412 729 388 731 390 736 387 724 375 622 288 514 294 489 219 465 220 450 229 453 235 437 227 448 199 478 194 507 185 528 198 531 197 474 147 471 141 474 124 451 132 449 115 436 117 444 101 418 99 417 111 395 115 381 97 384 85 394 139 410 157 370 180 361 180 346 157 332 212 377 236 376 288 338 290 286 275 219 289 221 264 317 340 309 362 373 408 388 480 313 477 279 457 240 479 168 459 169 436 191 420 200 419 229 570 253 591 282 581 278 577 346 592 420 592 451 600 458 603 459 618 486 630 482 650 447 659 439 660 429 685 422 689 380 696 362 564 452 550 497 526 525 549 528 604 576 557 584 555 590 529 527 357 532 319 537 248 464 219 431 205 400 400
144 2 3 8 9 15 22 25 26 36 37 38 40 47 48 62 63 64 66 67 71 72 89 103 104 106 117 121 125 135 155 172 175 181 194 195 197 210 230 232 245 254 258 272 274 285 287 301 303 317 330 336 349 351 378 382 386 387 392 395 413 431 434 440 446 459 460 461 465 469 475 481 489 491 505 506 525 542 543 556 558 561 571 572 584 590 605 614 617 624 628 635 638 651 654 664 674 677 687 689 704 708 717 719 727 731 735 744 758 766 770 781 788 789 793 795 797 798 808 813 826 835 837 857 861 869 872 876 885 891 898 916 920 930 933 936 948 950 960 966 983 986 987 989 993
290 400 400 379 395 359 396 384 412 382 421 376 420 326 421 294 415 301 369 312 378 274 380 243 381 243 343 262 348 284 346 297 331 284 309 272 301 249 312 229 271 212 255 221 237 250 242 279 245 287 221 307 194 323 190 332 201 372 210 399 212 401 213 409 179 443 171 462 159 479 165 493 172 485 193 473 183 458 191 453 223 455 235 456 274 472 321 495 335 487 388 477 393 489 416 511 407 535 427 564 409 576 390 592 387 595 394 588 376 612 380 623 363 639 334 642 330 581 326 585 318 556 352 544 363 553 265 549 244 547 227 541 209 538 194 486 191 489 242 515 251 564 239 570 226 575 257 605 282 616 421 609 433 586 451 565 445 546 473 527 473 506 481 506 505 491 512 469 501 443 508 435 514 429 497 415 498 369 500 355 504 349 489 316 476 298 485 282 503 285 524 286 539 265 530 256 529 254 530 232 505 213 523 216 442 221 429 203 376 176 375 167 377 164 377 182 385 165 403 132 401 124 416 105 416 105 441 113 451 149 440 151 480 157 490 151 496 114 401 123 338 145 309 163 309 176 342 191 356 205 336 228 328 284 274 290 271 293 270 331 255 340 259 343 312 346 311 339 325 368 335 379 343 421 387 428 393 439 402 452 411 451 381 453 372 489 378 499 387 540 416 531 460 494 456 488 472 484 483 516 531 553 532 554 535 561 539 566 542 568 542 568 531 568 525 590 534 602 534 561 565 519 576 507 579 485 573 486 568 465 533 448 541 436 553 439 582 432 608 437 609 435 623 420 632 417 612 414 606 387 614 391 618 395 626 403 650 399 669 362 670 355 623 337 620 337 605 369 605 359 574 353 555 362 549 330 551 325 551 333 557 310 562 309 561 309 530 304 518 327 531 392 505 462 487 466 470 521 412 542 370 574 376 665 405 665 393 670 428 684 423 692 450 677 453 702 397 727 404 730 412 729 388 731 390 736 387 724 375 622 288 514 294 489 219 465 220 450 229 453 235 437 227 448 199 478 194 507 185 528 198 531 197 474 147 471 141 474 124 451 132 449 115 436 117 444 101 418 99 417 111 395 115 381 97 384 85 394 139 410 157 370 180 361 180 346 157 332 212 377 236 376 288 338 290 286 275 219 289 317 340 309 362 373 408 388 480 313 477 279 457 240 479 168 459 169 436 191 420 200 419 229 570 253 591 282 581 278 577 346 592 420 592 451 600 458 603 459 618 486 630 482 650 447 659 439 660 429 685 422 689 380 696 362 564 452 550 497 526 525 549 528 604 576 557 584 555 590 529 527 357 532 319 537 248 464 219 431 205 400 400
143 2 3 8 9 15 22 25 26 36 37 38 40 47 48 62 63 64 66 67 71 72 89 103 104 106 117 121 125 135 155 172 175 181 194 195 197 210 230 232 245 254 258 272 274 285 287 301 303 317 330 336 349 351 378 382 386 387 392 395 413 431 434 440 446 459 460 461 465 469 475 481 489 491 505 506 525 543 556 558 561 571 572 584 590 605 614 617 624 628 635 638 651 654 664 674 677 687 689 704 708 717 719 727 731 735 744 758 766 770 781 788 789 793 795 797 798 808 813 826 835 837 857 861 869 872 876 885 891 898 916 920 930 933 936 948 950 960 966 983 986 987 989 993
288 400 400 379 395 359 396 384 412 382 421 376 420 326 421 294 415 301 369 312 378 274 380 243 381 243 343 262 348 284 346 297 331 284 309 272 301 249 312 229 271 212 255 221 237 250 242 279 245 287 221 307 194 323 190 332 201 372 210 399 212 401 213 409 179 443 171 462 159 479 165 493 172 485 193 473 183 458 191 453 223 455 235 456 274 472 321 495 335 487 388 477 393 489 416 511 407 535 427 564 409 576 390 592 387 595 394 588 376 612 380 623 363 639 334 642 330 581 326 585 318 556 352 544 363 553 265 549 244 547 227 541 209 538 194 486 191 489 242 515 251 564 239 570 226 575 257 605 282 616 421 609 433 586 451 565 445 546 473 527 473 506 481 506 505 491 512 469 501 443 508 435 514 429 497 415 498 369 500 355 504 349 489 316 476 298 485 282 503 285 524 286 539 265 530 256 529 254 530 232 505 213 523 216 442 221 429 203 376 176 375 167 377 164 377 182 385 165 403 132 401 124 416 105 416 105 441 113 451 149 440 151 480 157 490 151 496 114 401 123 338 145 309 163 309 176 342 191 356 205 336 228 328 284 274 290 271 293 270 331 255 340 259 343 312 346 311 339 325 368 335 379 343 421 387 428 393 439 402 452 411 451 381 453 372 489 378 499 387 540 416 531 460 494 456 488 472 484 483 516 531 553 532 554 535 561 539 566 542 568 542 568 531 568 525 590 534 602 534 561 565 519 576 507 579 485 573 486 568 465 533 448 541 436 553 439 582 432 608 437 609 435 623 420 632 417 612 414 606 387 614 391 618 395 626 403 650 399 669 362 670 355 623 337 620 337 605 369 605 359 574 353 555 362 549 330 551 325 551 333 557 310 562 309 561 309 530 304 518 327 531 392 505 462 487 466 470 521 412 542 370 574 376 665 405 665 393 670 428 684 423 677 453 702 397 727 404 730 412 729 388 731 390 736 387 724 375 622 288 514 294 489 219 465 220 450 229 453 235 437 227 448 199 478 194 507 185 528 198 531 197 474 147 471 141 474 124 451 132 449 115 436 117 444 101 418 99 417 111 395 115 381 97 384 85 394 139 410 157 370 180 361 180 346 157 332 212 377 236 376 288 338 290 286 275 317 340 309 362 373 408 388 480 313 477 279 457 240 479 168 459 169 436 191 420 200 419 229 570 253 591 282 581 278 577 346 592 420 592 451 600 458 603 459 618 486 630 482 650 447 659 439 660 429 685 422 689 380 696 362 564 452 550 497 526 525 549 528 604 576 557 584 555 590 529 527 357 532 319 537 248 464 219 431 205 400 400
142 2 3 8 9 15 22 25 26 36 37 38 40 47 48 62 63 64 66 67 71 72 89 103 104 106 117 121 125 135 155 172 175 181 194 195 197 210 230 232 245 254 258 272 274 285 287 301 303 317 330 336 349 351 378 382 386 387 392 395 413 431 434 440 446 459 460 461 465 469 475 481 489 491 505 506 525 543 558 561 571 572 584 590 605 614 617 624 628 635 638 651 654 664 674 677 687 689 704 708 717 719 727 731 735 744 758 766 770 781 788 789 793 795 797 798 808 813 826 835 837 857 861 869 872 876 885 891 898 916 920 930 933 936 948 950 960 966 983 986 987 989 993
286 400 400 379 395 359 396 384 412 382 421 376 420 326 421 294 415 301 369 312 378 274 380 243 381 243 343 262 348 284 346 297 331 284 309 272 301 249 312 229 271 212 255 221 237 250 242 279 245 287 221 307 194 323 190 332 201 372 210 399 212 401 213 409 179 443 171 462 159 479 165 493 172 485 193 473 183 458 191 453 223 455 235 456 274 472 321 495 335 487 388 477 393 489 416 511 407 535 427 564 409 576 390 592 387 595 394 588 376 612 380 623 363 639 334 642 330 581 326 585 318 556 352 544 363 553 265 549 244 547 227 541 209 538 194 486 191 489 242 515 251 564 239 570 226 575 257 605 282 616 421 609 433 586 451 565 445 546 473 527 473 506 481 506 505 491 512 469 501 443 508 435 514 429 497 415 498 369 500 355 504 349 489 316 476 298 485 282 503 285 524 286 539 265 530 256 529 254 530 232 505 213 523 216 442 221 429 203 376 176 375 167 377 164 377 182 385 165 403 132 401 124 416 105 416 105 441 113 451 149 440 151 480 157 490 151 496 114 401 123 338 145 309 163 309 176 342 191 356 205 336 228 328 284 274 290 271 293 270 331 255 340 259 343 312 346 311 339 325 368 335 379 343 421 387 428 393 439 402 452 411 451 381 453 372 489 378 499 387 540 416 531 460 494 456 488 472 484 483 516 531 553 532 554 535 561 539 566 542 568 542 568 531 568 525 590 534 602 534 561 565 519 576 507 579 485 573 486 568 465 533 448 541 436 553 439 582 432 608 437 609 435 623 420 632 417 612 414 606 387 614 391 618 395 626 403 650 399 669 362 670 355 623 337 620 337 605 369 605 359 574 353 555 362 549 330 551 325 551 333 557 310 562 309 561 309 530 304 518 327 531 392 505 462 487 466 470 521 412 542 370 574 376 665 405 665 393 670 428 684 423 677 453 702 397 727 404 730 412 729 388 731 390 736 387 724 375 622 288 514 294 489 219 465 220 450 229 453 235 437 227 448 199 478 194 507 185 528 198 531 197 474 147 471 141 474 124 451 132 449 115 444 101 418 99 417 111 395 115 381 97 384 85 394 139 410 157 370 180 361 180 346 157 332 212 377 236 376 288 338 290 317 340 309 362 373 408 388 480 313 477 279 457 240 479 168 459 169 436 191 420 200 419 229 570 253 591 282 581 278 577 346 592 420 592 451 600 458 603 459 618 486 630 482 650 447 659 439 660 429 685 422 689 380 696 362 564 452 550 497 526 525 549 528 604 576 557 584 555 590 529 527 357 532 319 537 248 464 219 431 205 400 400
141 2 3 8 9 15 22 25 26 36 37 38 40 47 48 62 63 64 66 67 71 72 89 103 104 106 117 121 125 135 155 172 175 181 194 195 197 210 230 232 245 254 258 272 274 285 287 301 303 317 330 336 349 351 378 382 386 387 392 395 413 431 434 440 446 459 460 461 465 469 475 481 489 491 505 506 525 543 558 561 571 572 584 590 605 614 617 624 628 635 638 651 654 664 674 677 687 689 704 708 717 719 727 731 735 744 758 766 770 781 788 789 793 795 797 798 808 813 826 835 837 857 861 869 872 876 885 898 916 920 930 933 936 948 950 960 966 983 986 987 989 993
284 400 400 379 395 359 396 384 412 382 421 376 420 326 421 294 415 301 369 312 378 274 380 243 381 243 343 262 348 284 346 297 331 284 309 272 301 249 312 229 271 212 255 221 237 250 242 279 245 287 221 307 194 323 190 332 201 372 210 399 212 401 213 409 179 443 171 462 159 479 165 493 172 485 193 473 183 458 191 453 223 455 235 456 274 472 321 495 335 487 388 477 393 489 416 511 407 535 427 564 409 576 390 592 387 595 394 588 376 612 380 623 363 639 334 642 330 581 326 585 318 556 352 544 363 553 265 549 244 547 227 541 209 538 194 486 191 489 242 515 251 564 239 570 226 575 257 605 282 616 421 609 433 586 451 565 445 546 473 527 473 506 481 506 505 491 512 469 501 443 508 435 514 429 497 415 498 369 500 355 504 349 489 316 476 298 485 282 503 285 524 286 539 265 530 256 529 254 530 232 505 213 523 216 442 221 429 203 376 176 375 167 377 164 377 182 385 165 403 132 401 124 416 105 416 105 441 113 451 149 440 151 480 157 490 151 496 114 401 123 338 145 309 163 309 176 342 191 356 205 336 228 328 284 274 290 271 293 270 331 255 340 259 343 312 346 311 339 325 368 335 379 343 421 387 428 393 439 402 452 411 451 381 453 372 489 378 499 387 540 416 531 460 494 456 488 472 484 483 516 531 554 535 561 539 566 542 568 542 568 531 568 525 590 534 602 534 561 565 519 576 507 579 485 573 486 568 465 533 448 541 436 553 439 582 432 608 437 609 435 623 420 632 417 612 414 606 387 614 391 618 395 626 403 650 399 669 362 670 355 623 337 620 337 605 369 605 359 574 353 555 362 549 330 551 325 551 333 557 310 562 309 561 309 530 304 518 327 531 392 505 462 487 466 470 521 412 542 370 574 376 665 405 665 393 670 428 684 423 702 397 727 404 730 412 729 388 731 390 736 387 724 375 622 288 514 294 489 219 465 220 450 229 453 235 437 227 448 199 478 194 507 185 528 198 531 197 474 147 471 141 474 124 451 132 449 115 444 101 418 99 417 111 395 115 381 97 384 85 394 139 410 157 370 180 361 180 346 157 332 212 377 236 376 288 338 290 317 340 309 362 373 408 388 480 313 477 279 457 240 479 168 459 169 436 191 420 200 419 229 570 253 591 282 581 278 577 346 592 420 592 451 600 458 603 459 618 486 630 482 650 447 659 439 660 429 685 422 689 380 696 362 564 452 550 497 526 525 549 528 604 576 557 584 555 590 529 527 357 532 319 537 248 464 219 431 205 400 400
140 2 8 9 15 22 25 26 36 37 38 40 47 48 62 63 64 66 67 71 72 89 103 104 106 117 121 125 135 155 172 175 181 194 195 197 210 230 232 245 254 258 272 274 285 287 301 303 317 330 336 349 351 378 382 386 387 392 395 413 431 434 440 446 459 460 461 465 469 475 481 489 491 505 506 525 543 558 561 571 572 584 590 605 614 617 624 628 635 638 651 654 664 674 677 687 689 704 708 717 719 727 731 735 744 758 766 770 781 788 789 793 795 797 798 808 813 826 835 837 857 861 869 872 876 885 898 916 920 930 933 936 948 950 960 966 983 986 987 989 993
282 400 400 379 395 359 396 384 412 382 421 376 420 326 421 294 415 301 369 312 378 274 380 243 381 243 343 262 348 284 346 297 331 284 309 272 301 249 312 229 271 212 255 221 237 250 242 279 245 287 221 307 194 323 190 332 201 372 210 399 212 401 213 409 179 443 171 462 159 479 165 493 172 485 193 473 183 458 191 453 223 455 235 456 274 472 321 495 335 487 388 477 393 489 416 511 407 535 427 564 409 576 390 592 387 595 394 588 376 612 380 623 363 639 334 642 330 581 326 585 318 556 352 544 363 553 265 549 244 547 227 541 209 538 194 486 191 489 242 564 239 570 226 575 257 605 282 616 421 609 433 586 451 565 445 546 473 527 473 506 481 506 505 491 512 469 501 443 508 435 514 429 497 415 498 369 500 355 504 349 489 316 476 298 485 282 503 285 524 286 539 265 530 256 529 254 530 232 505 213 523 216 442 221 429 203 376 176 375 167 377 164 377 182 385 165 403 132 401 124 416 105 416 105 441 113 451 149 440 151 480 157 490 151 496 114 401 123 338 145 309 163 309 176 342 191 356 205 336 228 328 284 274 290 271 293 270 331 255 340 259 343 312 346 311 339 325 368 335 379 343 421 387 428 393 439 402 452 411 451 381 453 372 489 378 499 387 540 416 531 460 494 456 488 472 484 483 516 531 554 535 561 539 566 542 568 542 568 531 568 525 590 534 602 534 561 565 519 576 507 579 485 573 486 568 465 533 448 541 436 553 439 582 432 608 437 609 435 623 420 632 417 612 414 606 387 614 391 618 395 626 403 650 399 669 362 670 355 623 337 620 337 605 369 605 359 574 353 555 362 549 330 551 325 551 333 557 310 562 309 561 309 530 304 518 327 531 392 505 462 487 466 470 521 412 542 370 574 376 665 405 665 393 670 428 684 423 702 397 727 404 730 412 729 388 731 390 736 387 724 375 622 288 514 294 489 219 465 220 450 229 453 235 437 227 448 199 478 194 507 185 528 198 531 197 474 147 471 141 474 124 451 132 449 115 444 101 418 99 417 111 395 115 381 97 384 85 394 139 370 180 361 180 346 157 332 212 377 236 376 288 338 290 317 340 309 362 373 408 388 480 313 477 279 457 240 479 168 459 169 436 191 420 200 419 229 570 253 591 282 581 278 577 346 592 420 592 451 600 458 603 459 618 486 630 482 650 447 659 439 660 429 685 422 689 380 696 362 564 452 550 497 526 525 549 528 604 576 557 584 555 590 529 527 357 532 319 537 248 464 219 431 205 400 400
139 2 8 9 15 22 25 26 36 37 38 40 47 48 62 63 64 66 67 71 72 89 103 104 106 117 121 125 135 172 175 181 194 195 197 210 230 232 245 254 258 272 274 285 287 301 303 317 330 336 349 351 378 382 386 387 392 395 413 431 434 440 446 459 460 461 465 469 475 481 489 491 505 506 525 543 558 561 571 572 584 590 605 614 617 624 628 635 638 651 654 664 674 677 687 689 704 708 717 719 727 731 735 744 758 766 770 781 788 789 793 795 797 798 808 813 826 835 837 857 861 869 872 876 885 898 916 920 930 933 936 948 950 960 966 983 986 987 989 993
280 400 400 379 395 359 396 384 412 382 421 376 420 326 421 294 415 301 369 312 378 274 380 243 381 243 343 262 348 284 346 297 331 284 309 272 301 249 312 229 271 212 255 221 237 250 242 279 245 287 221 307 194 323 190 332 201 372 210 399 212 401 213 409 179 443 171 462 159 479 165 493 172 485 193 473 183 458 191 453 223 455 235 456 274 472 321 495 335 487 388 477 393 489 416 511 407 535 427 564 409 576 390 592 387 595 394 588 376 612 380 623 363 639 334 642 330 581 326 585 318 556 352 544 363 553 265 549 244 547 227 541 209 538 194 486 191 489 242 564 239 570 226 575 257 605 282 616 421 609 433 586 451 565 445 546 473 527 473 506 481 506 505 491 512 469 501 443 508 435 514 429 497 415 498 369 500 355 504 349 489 316 476 298 485 282 503 285 524 286 539 265 530 256 529 254 530 232 505 213 523 216 442 221 429 203 376 176 375 167 377 164 377 182 385 165 403 132 401 124 416 105 416 105 441 113 451 149 440 151 480 157 490 151 496 114 401 123 338 145 309 163 309 176 342 191 356 205 336 228 328 284 274 290 271 293 270 331 255 340 259 343 312 346 311 339 325 368 335 379 343 421 387 428 393 439 402 452 411 451 381 453 372 489 378 499 387 540 416 531 460 494 456 488 472 484 483 516 531 554 535 561 539 566 542 568 542 568 531 568 525 590 534 602 534 561 565 519 576 507 579 485 573 486 568 465 533 448 541 436 553 439 582 432 608 437 609 435 623 420 632 417 612 414 606 391 618 395 626 403 650 399 669 362 670 355 623 337 620 337 605 369 605 359 574 353 555 362 549 330 551 325 551 333 557 310 562 309 561 309 530 304 518 327 531 392 505 462 487 466 470 521 412 542 370 574 376 665 405 665 393 670 428 684 423 702 397 727 404 730 412 729 388 731 390 736 387 724 375 622 288 514 294 489 219 465 220 450 229 453 235 437 227 448 199 478 194 507 185 528 198 531 197 474 147 471 141 474 124 451 132 449 115 444 101 418 99 417 111 395 115 381 97 384 85 394 139 370 180 361 180 346 157 332 212 377 236 376 288 338 290 317 340 309 362 373 408 388 480 313 477 279 457 168 459 169 436 191 420 200 419 229 570 253 591 282 581 278 577 346 592 420 592 451 600 458 603 459 618 486 630 482 650 447 659 439 660 429 685 422 689 380 696 362 564 452 550 497 526 525 549 528 604 576 557 584 555 590 529 527 357 532 319 537 248 464 219 431 205 400 400
138 8 9 15 22 25 26 36 37 38 40 47 48 62 63 64 66 67 71 72 89 103 104 106 117 121 125 135 172 175 181 194 195 197 210 230 232 245 254 258 272 274 285 287 301 303 317 330 336 349 351 378 382 386 387 392 395 413 431 434 440 446 459 460 461 465 469 475 481 489 491 505 506 525 543 558 561 571 572 584 590 605 614 617 624 628 635 638 651 654 664 674 677 687 689 704 708 717 719 727 731 735 744 758 766 770 781 788 789 793 795 797 798 808 813 826 835 837 857 861 869 872 876 885 898 916 920 930 933 936 948 950 960 966 983 986 987 989 993
278 400 400 379 395 359 396 384 412 382 421 376 420 326 421 294 415 301 369 312 378 274 380 243 381 243 343 262 348 284 346 297 331 284 309 272 301 249 312 229 271 212 255 221 237 250 242 279 245 287 221 307 194 323 190 332 201 372 210 399 212 401 213 409 179 443 171 462 159 479 165 493 172 485 193 473 183 458 191 453 223 455 235 456 274 472 321 495 335 487 388 477 393 489 416 511 407 535 427 564 409 576 390 592 387 595 394 588 376 612 380 623 363 639 334 642 330 581 326 585 318 556 352 544 363 553 265 549 244 547 227 541 209 538 194 486 191 489 242 564 239 570 226 575 257 605 282 616 421 609 433 586 451 565 445 546 473 527 473 506 481 506 505 491 512 469 501 443 508 435 514 429 497 415 498 369 500 355 504 349 489 316 476 298 485 282 503 285 524 286 539 265 530 256 529 254 530 232 505 213 523 216 442 221 429 203 376 176 375 167 377 164 377 182 385 165 403 132 401 124 416 105 416 105 441 113 451 149 440 151 480 157 490 151 496 114 401 123 338 145 309 163 309 176 342 191 356 205 336 228 328 284 274 290 271 293 270 331 255 340 259 343 312 346 311 339 325 368 335 379 343 421 387 428 393 439 402 452 411 451 381 453 372 489 378 499 387 540 416 531 460 494 456 488 472 484 483 516 531 554 535 561 539 566 542 568 542 568 531 568 525 590 534 602 534 561 565 519 576 507 579 485 573 486 568 465 533 448 541 436 553 439 582 432 608 437 609 435 623 420 632 417 612 414 606 391 618 395 626 403 650 399 669 362 670 355 623 337 620 337 605 369 605 359 574 353 555 362 549 330 551 325 551 333 557 310 562 309 561 309 530 304 518 327 531 392 505 462 487 466 470 521 412 542 370 574 376 665 405 665 393 670 428 684 423 702 397 727 404 730 412 729 388 731 390 736 387 724 375 622 288 514 294 489 219 465 220 450 229 453 235 437 227 448 199 478 194 507 185 528 198 531 197 474 147 471 141 474 124 451 132 449 115 444 101 418 99 417 111 395 115 381 97 384 85 394 139 370 180 361 180 346 157 332 212 377 236 376 288 338 290 317 340 309 362 373 408 388 480 313 477 279 457 168 459 169 436 191 420 200 419 229 570 253 591 282 581 278 577 346 592 420 592 451 600 458 603 459 618 486 630 482 650 447 659 429 685 422 689 380 696 362 564 452 550 525 549 528 604 576 557 584 555 590 529 527 357 532 319 537 248 464 219 431 205 400 400
137 8 9 15 22 25 26 36 37 38 40 47 48 62 63 64 66 67 71 72 89 103 104 106 117 121 125 135 172 175 181 194 195 197 210 230 232 245 254 258 272 274 285 287 301 303 317 330 336 349 351 378 382 386 387 392 395 413 431 434 440 446 459 460 461 465 469 475 481 489 491 505 506 525 543 558 561 571 572 584 590 605 614 617 624 628 635 638 651 654 664 674 677 687 689 704 708 717 719 727 731 735 744 758 766 770 781 788 789 793 795 797 798 808 813 826 835 837 857 869 872 876 885 898 916 920 930 933 936 948 950 960 966 983 986 987 989 993
276 400 400 379 395 359 396 384 412 382 421 376 420 326 421 294 415 301 369 312 378 274 380 243 381 243 343 262 348 284 346 297 331 284 309 272 301 249 312 229 271 212 255 221 237 250 242 279 245 287 221 307 194 332 201 372 210 399 212 401 213 409 179 443 171 462 159 479 165 493 172 485 193 473 183 458 191 453 223 455 235 456 274 472 321 495 335 487 388 477 393 489 416 511 407 564 409 576 390 592 387 595 394 588 376 612 380 623 363 639 334 642 330 581 326 585 318 556 352 544 363 553 265 549 244 547 227 541 209 538 194 486 191 489 242 564 239 570 226 575 257 605 282 616 421 609 433 586 451 565 445 546 473 527 473 506 481 506 505 491 512 469 501 443 508 435 514 429 497 415 498 369 500 355 504 349 489 316 476 298 485 282 503 285 524 286 539 265 530 256 529 254 530 232 505 213 523 216 442 221 429 203 376 176 375 167 377 164 377 182 385 165 403 132 401 124 416 105 416 105 441 113 451 149 440 151 480 157 490 151 496 114 401 123 338 145 309 163 309 176 342 191 356 205 336 228 328 284 274 290 271 293 270 331 255 340 259 343 312 346 311 339 325 368 335 379 343 421 387 428 393 439 402 452 411 451 381 453 372 489 378 499 387 540 416 531 460 494 456 488 472 484 483 516 531 554 535 561 539 566 542 568 542 568 531 568 525 590 534 602 534 561 565 519 576 507 579 485 573 486 568 465 533 448 541 436 553 439 582 432 608 437 609 435 623 420 632 417 612 414 606 391 618 395 626 403 650 399 669 362 670 355 623 337 620 337 605 369 605 359 574 353 555 362 549 330 551 325 551 333 557 310 562 309 561 309 530 304 518 327 531 392 505 462 487 466 470 521 412 542 370 574 376 665 405 665 393 670 428 684 423 702 397 727 404 730 412 729 388 731 390 736 387 724 375 622 288 514 294 489 219 465 220 450 229 453 235 437 227 448 199 478 194 507 185 528 198 531 197 474 147 471 141 474 124 451 132 449 115 444 101 418 99 417 111 395 115 381 97 384 85 394 139 370 180 361 180 346 157 332 212 377 236 376 288 338 290 317 340 309 362 373 408 388 480 313 477 279 457 168 459 169 436 191 420 200 419 229 570 253 591 282 581 278 577 346 592 420 592 451 600 458 603 459 618 486 630 482 650 447 659 429 685 422 689 380 696 362 564 452 550 525 549 528 604 576 557 584 555 590 529 527 357 532 319 537 248 464 219 431 205 400 400
136 8 9 15 22 25 26 36 37 38 40 47 48 62 63 64 66 67 71 72 89 103 104 106 117 121 125 135 172 175 181 194 195 197 210 230 232 245 254 258 272 274 285 287 301 303 317 330 336 349 351 378 382 386 387 392 395 413 431 434 440 446 459 460 461 465 469 475 481 489 491 505 506 525 543 558 561 571 572 584 590 605 614 617 624 628 635 638 651 654 664 674 677 687 689 708 717 719 727 731 735 744 758 766 770 781 788 789 793 795 797 798 808 813 826 835 837 857 869 872 876 885 898 916 920 930 933 936 948 950 960 966 983 986 987 989 993
274 400 400 379 395 359 396 384 412 382 421 376 420 326 421 294 415 301 369 312 378 274 380 243 381 243 343 262 348 284 346 297 331 284 309 249 312 229 271 212 255 221 237 250 242 279 245 287 221 307 194 332 201 372 210 399 212 401 213 409 179 443 171 462 159 479 165 493 172 485 193 473 183 458 191 453 223 455 235 456 274 472 321 495 335 487 388 477 393 489 416 511 407 564 409 576 390 592 387 595 394 588 376 612 380 623 363 639 334 642 330 581 326 585 318 556 352 544 363 553 265 549 244 547 227 541 209 538 194 486 191 489 242 564 239 570 226 575 257 605 282 616 421 609 433 586 451 565 445 546 473 527 473 506 481 506 505 491 512 469 501 443 508 435 514 429 497 415 498 369 500 355 504 349 489 316 476 298 485 282 503 285 524 286 539 265 530 256 529 254 530 232 505 213 523 216 442 221 429 203 376 176 375 167 377 164 377 182 385 165 403 132 401 124 416 105 416 105 441 113 451 149 440 151 480 157 490 151 496 114 401 123 338 145 309 163 309 176 342 205 336 228 328 284 274 290 271 293 270 331 255 340 259 343 312 346 311 339 325 368 335 379 343 421 387 428 393 439 402 452 411 451 381 453 372 489 378 499 387 540 416 531 460 494 456 488 472 484 483 516 531 554 535 561 539 566 542 568 542 568 531 568 525 590 534 602 534 561 565 519 576 507 579 485 573 486 568 465 533 448 541 436 553 439 582 432 608 437 609 435 623 420 632 417 612 414 606 391 618 395 626 403 650 399 669 362 670 355 623 337 620 337 605 369 605 359 574 353 555 362 549 330 551 325 551 333 557 310 562 309 561 309 530 304 518 327 531 392 505 462 487 466 470 521 412 542 370 574 376 665 405 665 393 670 428 684 423 702 397 727 404 730 412 729 388 731 390 736 387 724 375 622 288 514 294 489 219 465 220 450 229 453 235 437 227 448 199 478 194 507 185 528 198 531 197 474 147 471 141 474 124 451 132 449 115 444 101 418 99 417 111 395 115 381 97 384 85 394 139 370 180 361 180 346 157 332 212 377 236 376 288 338 290 317 340 309 362 373 408 388 480 313 477 279 457 168 459 169 436 191 420 200 419 229 570 253 591 282 581 278 577 346 592 420 592 451 600 458 603 459 618 486 630 482 650 447 659 429 685 422 689 380 696 362 564 452 550 525 549 528 604 576 557 584 555 590 529 527 357 532 319 537 248 464 219 431 205 400 400
135 8 9 15 22 25 26 36 37 38 40 47 48 62 63 64 66 67 71 72 89 103 104 106 117 121 125 135 172 175 181 194 195 197 210 230 232 245 254 258 272 274 285 287 301 303 317 330 336 349 351 378 382 386 387 392 395 413 431 434 440 446 459 460 461 465 469 475 481 489 491 505 506 525 543 558 561 571 572 584 590 605 614 617 624 635 638 651 654 664 674 677 687 689 708 717 719 727 731 735 744 758 766 770 781 788 789 793 795 797 798 808 813 826 835 837 857 869 872 876 885 898 916 920 930 933 936 948 950 960 966 983 986 987 989 993
272 400 400 379 395 359 396 384 412 382 421 376 420 326 421 294 415 301 369 312 378 274 380 243 381 243 343 262 348 284 346 297 331 249 312 229 271 212 255 221 237 250 242 279 245 287 221 307 194 332 201 372 210 399 212 401 213 409 179 443 171 462 159 479 165 493 172 485 193 473 183 458 191 453 223 455 235 456 274 472 321 495 335 487 388 477 393 489 416 511 407 564 409 576 390 592 387 595 394 588 376 612 380 623 363 639 334 642 330 581 326 585 318 556 352 544 363 553 265 549 244 547 227 541 209 538 194 486 191 489 242 564 239 570 226 575 257 605 282 616 421 609 433 586 451 565 445 546 473 527 473 506 481 506 505 491 512 469 501 443 508 435 514 429 497 415 498 369 500 355 504 349 489 316 476 298 485 282 503 285 524 286 539 265 530 256 529 254 530 213 523 216 442 221 429 203 376 176 375 167 377 164 377 182 385 165 403 132 401 124 416 105 416 105 441 113 451 149 440 151 480 157 490 151 496 114 401 123 338 145 309 163 309 176 342 205 336 228 328 284 274 290 271 293 270 331 255 340 259 343 312 346 311 339 325 368 335 379 343 421 387 428 393 439 402 452 411 451 381 453 372 489 378 499 387 540 416 531 460 494 456 488 472 484 483 516 531 554 535 561 539 566 542 568 542 568 531 568 525 590 534 602 534 561 565 519 576 507 579 485 573 486 568 465 533 448 541 436 553 439 582 432 608 437 609 435 623 420 632 417 612 414 606 391 618 395 626 403 650 399 669 362 670 355 623 337 620 337 605 369 605 359 574 353 555 362 549 330 551 325 551 333 557 310 562 309 561 309 530 304 518 327 531 392 505 462 487 466 470 521 412 542 370 574 376 665 405 665 393 670 428 684 423 702 397 727 404 730 412 729 388 731 390 736 387 724 375 622 288 514 294 489 219 465 220 450 229 453 235 437 227 448 199 478 194 507 185 528 198 531 197 474 147 471 141 474 124 451 132 449 115 444 101 418 99 417 111 395 115 381 97 384 85 394 139 370 180 361 180 346 157 332 212 377 236 376 288 338 290 317 340 309 362 373 408 388 480 313 477 279 457 168 459 169 436 191 420 200 419 229 570 253 591 282 581 278 577 346 592 420 592 451 600 458 603 459 618 486 630 482 650 447 659 429 685 422 689 380 696 362 564 452 550 525 549 528 604 576 557 584 555 590 529 527 357 532 319 537 248 464 219 431 205 400 400
134 8 9 15 22 25 26 36 37 38 40 47 48 62 63 64 66 67 71 72 89 103 104 106 117 121 125 135 172 175 181 194 195 197 210 230 232 245 254 258 272 274 285 287 301 303 317 330 336 349 351 378 382 386 387 392 395 413 431 434 440 446 459 460 461 465 469 475 481 489 491 505 506 525 543 558 561 571 572 584 590 605 614 617 624 635 638 651 654 664 674 677 687 689 708 717 719 727 731 735 744 758 766 770 781 788 789 793 795 797 798 808 813 826 835 837 857 869 872 876 885 898 916 920 930 933 936 948 950 960 966 983 986 989 993
270 400 400 379 395 359 396 384 412 382 421 376 420 326 421 294 415 301 369 312 378 274 380 243 381 243 343 262 348 284 346 297 331 249 312 229 271 212 255 221 237 250 242 279 245 287 221 307 194 332 201 372 210 399 212 401 213 409 179 443 171 462 159 479 165 493 172 485 193 473 183 458 191 453 223 455 235 456 274 472 321 495 335 487 388 477 393 489 416 511 407 564 409 576 390 592 387 595 394 588 376 612 380 623 363 639 334 642 330 581 326 585 318 556 352 544 363 553 265 549 244 547 227 541 209 538 194 486 191 489 242 564 239 570 226 575 257 605 282 616 421 609 433 586 451 565 445 546 473 527 473 506 481 506 505 491 512 469 501 443 508 435 514 429 497 415 498 369 500 355 504 349 489 316 476 298 485 282 503 285 524 286 539 265 530 256 529 254 530 213 523 216 442 221 429 203 376 176 375 167 377 164 377 182 385 165 403 132 401 124 416 105 416 105 441 113 451 149 440 151 480 157 490 151 496 114 401 123 338 145 309 163 309 176 342 205 336 228 328 284 274 290 271 293 270 331 255 340 259 343 312 346 311 339 325 368 335 379 343 421 387 428 393 439 402 452 411 451 381 453 372 489 378 499 387 540 416 531 460 494 456 488 472 484 483 516 531 554 535 561 539 566 542 568 542 568 531 568 525 590 534 602 534 561 565 519 576 507 579 485 573 486 568 465 533 448 541 436 553 439 582 432 608 437 609 435 623 420 632 417 612 414 606 391 618 395 626 403 650 399 669 362 670 355 623 337 620 337 605 369 605 359 574 353 555 330 551 325 551 333 557 310 562 309 561 309 530 304 518 327 531 392 505 462 487 466 470 521 412 542 370 574 376 665 405 665 393 670 428 684 423 702 397 727 404 730 412 729 388 731 390 736 387 724 375 622 288 514 294 489 219 465 220 450 229 437 227 448 199 478 194 507 185 528 198 531 197 474 147 471 141 474 124 451 132 449 115 444 101 418 99 417 111 395 115 381 97 384 85 394 139 370 180 361 180 346 157 332 212 377 236 376 288 338 290 317 340 309 362 373 408 388 480 313 477 279 457 168 459 169 436 191 420 200 419 229 570 253 591 282 581 278 577 346 592 420 592 451 600 458 603 459 618 486 630 482 650 447 659 429 685 422 689 380 696 362 564 452 550 525 549 528 604 576 557 584 555 590 529 527 357 532 319 537 248 464 219 431 205 400 400
133 8 9 15 22 25 26 36 37 38 40 47 48 62 63 64 66 67 71 72 89 103 104 106 117 121 125 135 172 175 181 194 195 197 210 230 232 245 254 258 272 274 285 301 303 317 330 336 349 351 378 382 386 387 392 395 413 431 434 440 446 459 460 461 465 469 475 481 489 491 505 506 525 543 558 561 571 572 584 590 605 614 617 624 635 638 651 654 664 674 677 687 689 708 717 719 727 731 735 744 758 766 770 781 788 789 793 795 797 798 808 813 826 835 837 857 869 872 876 885 898 916 920 930 933 936 948 950 960 966 983 986 989 993
268 400 400 379 395 359 396 384 412 382 421 376 420 326 421 294 415 301 369 312 378 274 380 243 381 243 343 262 348 284 346 297 331 249 312 229 271 221 237 250 242 279 245 287 221 307 194 332 201 372 210 399 212 401 213 409 179 443 171 462 159 479 165 493 172 485 193 473 183 458 191 453 223 455 235 456 274 472 321 495 335 487 388 477 393 489 416 511 407 564 409 576 390 592 387 595 394 612 380 623 363 639 334 642 330 581 326 585 318 556 352 544 363 553 265 549 244 547 227 541 209 538 194 486 191 489 242 564 239 570 226 575 257 605 282 616 421 609 433 586 451 565 445 546 473 527 473 506 481 506 505 491 512 469 501 443 508 435 514 429 497 415 498 369 500 355 504 349 489 316 476 298 485 282 503 285 524 286 539 265 530 256 529 254 530 213 523 216 442 221 429 203 376 176 375 167 377 164 377 182 385 165 403 132 401 124 416 105 416 105 441 113 451 149 440 151 480 157 490 151 496 114 401 123 338 145 309 163 309 176 342 205 336 228 328 284 274 290 271 293 270 331 255 340 259 343 312 346 311 339 325 368 335 379 343 421 387 428 393 439 402 452 411 451 381 453 372 489 378 499 387 540 416 531 460 494 456 488 472 484 483 516 531 554 535 561 539 566 542 568 542 568 531 568 525 590 534 602 534 561 565 519 576 507 579 485 573 486 568 465 533 448 541 436 553 439 582 432 608 437 609 435 623 420 632 417 612 414 606 391 618 395 626 403 650 399 669 362 670 355 623 337 620 337 605 369 605 359 574 353 555 330 551 325 551 333 557 310 562 309 561 309 530 304 518 327 531 392 505 462 487 466 470 521 412 542 370 574 376 665 405 665 393 670 428 684 423 702 397 727 404 730 412 729 388 731 390 736 387 724 375 622 288 514 294 489 219 465 220 450 229 437 227 448 199 478 194 507 185 528 198 531 197 474 147 471 141 474 124 451 132 449 115 444 101 418 99 417 111 395 115 381 97 384 85 394 139 370 180 361 180 346 157 332 212 377 236 376 288 338 290 317 340 309 362 373 408 388 480 313 477 279 457 168 459 169 436 191 420 200 419 229 570 253 591 282 581 278 577 346 592 420 592 451 600 458 603 459 618 486 630 482 650 447 659 429 685 422 689 380 696 362 564 452 550 525 549 528 604 576 557 584 555 590 529 527 357 532 319 537 248 464 219 431 205 400 400
132 8 9 15 22 25 26 36 37 38 40 47 48 62 63 64 66 67 71 72 89 103 104 106 117 121 125 135 172 175 181 194 195 197 210 230 232 245 258 272 274 285 301 303 317 330 336 349 351 378 382 386 387 392 395 413 431 434 440 446 459 460 461 465 469 475 481 489 491 505 506 525 543 558 561 571 572 584 590 605 614 617 624 635 638 651 654 664 674 677 687 689 708 717 719 727 731 735 744 758 766 770 781 788 789 793 795 797 798 808 813 826 835 837 857 869 872 876 885 898 916 920 930 933 936 948 950 960 966 983 986 989 993
266 400 400 379 395 384 412 382 421 376 420 326 421 294 415 301 369 312 378 274 380 243 381 243 343 262 348 284 346 297 331 249 312 229 271 221 237 250 242 279 245 287 221 307 194 332 201 372 210 399 212 401 213 409 179 443 171 462 159 479 165 493 172 485 193 473 183 458 191 453 223 455 235 456 274 472 321 495 335 487 388 477 393 489 416 511 407 564 409 576 390 592 387 595 394 612 380 623 363 639 334 642 330 581 326 585 318 556 352 544 363 553 265 549 244 547 227 541 209 538 194 486 191 489 242 564 239 570 226 575 257 605 282 616 421 609 433 586 451 565 445 546 473 527 473 506 481 506 505 491 512 469 501 443 508 435 514 429 497 415 498 369 500 355 504 349 489 316 476 298 485 282 503 285 524 286 539 265 530 256 529 254 530 213 523 216 442 221 429 203 376 176 375 167 377 164 377 182 385 165 403 132 401 124 416 105 416 105 441 113 451 149 440 151 480 157 490 151 496 114 401 123 338 145 309 163 309 176 342 205 336 228 328 284 274 290 271 293 270 331 255 340 259 343 312 346 311 339 325 368 335 379 343 421 387 428 393 439 402 452 411 451 381 453 372 489 378 499 387 540 416 531 460 494 456 488 472 484 483 516 531 554 535 561 539 568 542 568 531 568 525 590 534 602 534 561 565 519 576 507 579 485 573 486 568 465 533 448 541 436 553 439 582 432 608 437 609 435 623 420 632 417 612 414 606 391 618 395 626 403 650 399 669 362 670 355 623 337 620 337 605 369 605 359 574 353 555 330 551 325 551 333 557 310 562 309 561 309 530 304 518 327 531 392 505 462 487 466 470 521 412 542 370 574 376 665 405 665 393 670 428 684 423 702 397 727 404 730 412 729 388 731 390 736 387 724 375 622 288 514 294 489 219 465 220 450 229 437 227 448 199 478 194 507 185 528 198 531 197 474 147 471 141 474 124 451 132 449 115 444 101 418 99 417 111 395 115 381 97 384 85 394 139 370 180 361 180 346 157 332 212 377 236 376 288 338 290 317 340 309 362 373 408 388 480 313 477 279 457 168 459 169 436 191 420 200 419 229 570 253 591 282 581 278 577 346 592 420 592 451 600 458 603 459 618 486 630 482 650 447 659 429 685 422 689 380 696 362 564 452 550 525 549 528 604 576 557 584 555 590 529 527 357 532 319 537 248 464 219 431 205 400 400
131 8 9 15 22 25 26 36 37 38 40 47 48 62 63 64 66 67 71 72 89 103 104 106 117 121 125 135 172 175 181 194 195 197 210 232 245 258 272 274 285 301 303 317 330 336 349 351 378 382 386 387 392 395 413 431 434 440 446 459 460 461 465 469 475 481 489 491 505 506 525 543 558 561 571 572 584 590 605 614 617 624 635 638 651 654 664 674 677 687 689 708 717 719 727 731 735 744 758 766 770 781 788 789 793 795 797 798 808 813 826 835 837 857 869 872 876 885 898 916 920 930 933 936 948 950 960 966 983 986 989 993
264 400 400 379 395 384 412 382 421 376 420 326 421 294 415 301 369 312 378 274 380 243 381 243 343 262 348 284 346 297 331 249 312 229 271 221 237 250 242 279 245 287 221 307 194 332 201 372 210 399 212 401 213 409 179 443 171 462 159 479 165 493 172 485 193 473 183 458 191 453 223 455 235 456 274 472 321 495 335 487 388 477 393 489 416 511 407 564 409 576 390 592 387 595 394 612 380 623 363 639 334 642 330 581 326 585 318 556 352 544 363 553 265 549 244 547 227 541 209 538 194 486 191 489 242 564 239 570 226 575 257 605 282 616 421 609 433 586 451 565 445 546 473 527 473 506 481 506 505 491 512 469 501 443 508 435 514 429 497 415 498 369 500 355 504 349 489 316 476 298 485 282 503 285 524 286 539 265 530 256 529 254 530 213 523 216 442 221 429 203 376 176 375 167 377 164 377 182 385 165 403 132 401 124 416 105 416 105 441 113 451 149 440 151 480 157 490 151 496 114 401 123 338 145 309 163 309 176 342 205 336 228 328 284 274 290 271 293 270 331 255 340 259 343 312 346 311 339 325 368 335 379 343 421 387 428 393 439 402 452 411 451 381 453 372 489 378 499 387 540 416 531 460 494 456 488 472 484 483 516 531 554 535 561 539 568 542 568 531 568 525 590 534 602 534 561 565 519 576 507 579 485 573 486 568 465 533 448 541 436 553 439 582 432 608 437 609 435 623 420 632 417 612 414 606 391 618 395 626 403 650 399 669 362 670 355 623 337 620 337 605 369 605 359 574 353 555 330 551 325 551 333 557 310 562 309 561 309 530 304 518 327 531 392 505 462 487 466 470 521 412 542 370 574 376 665 405 665 393 670 428 684 423 702 397 727 404 730 412 729 388 736 387 724 375 622 288 514 294 489 219 465 220 450 229 437 227 448 199 478 194 507 185 528 198 531 197 474 147 471 141 474 124 451 132 449 115 444 101 418 99 417 111 395 115 381 97 384 85 394 139 370 180 361 180 346 157 332 212 377 236 376 288 338 290 317 340 309 362 373 408 313 477 279 457 168 459 169 436 191 420 200 419 229 570 253 591 282 581 278 577 346 592 420 592 451 600 458 603 459 618 486 630 482 650 447 659 429 685 422 689 380 696 362 564 452 550 525 549 528 604 576 557 584 555 590 529 527 357 532 319 537 248 464 219 431 205 400 400
130 8 9 15 22 25 26 36 37 38 40 47 48 62 63 64 66 67 71 72 89 103 104 106 117 121 125 135 172 181 194 195 197 210 232 245 258 272 274 285 301 303 317 330 336 349 351 378 382 386 387 392 395 413 431 434 440 446 459 460 461 465 469 475 481 489 491 505 506 525 543 558 561 571 572 584 590 605 614 617 624 635 638 651 654 664 674 677 687 689 708 717 719 727 731 735 744 758 766 770 781 788 789 793 795 797 798 808 813 826 835 837 857 869 872 876 885 898 916 920 930 933 936 948 950 960 966 983 986 989 993
262 400 400 379 395 384 412 382 421 376 420 326 421 294 415 301 369 312 378 274 380 243 381 243 343 262 348 284 346 297 331 249 312 229 271 221 237 250 242 279 245 287 221 307 194 332 201 372 210 399 212 401 213 409 179 443 171 462 159 479 165 493 172 485 193 473 183 458 191 453 223 455 235 456 274 472 321 495 335 487 388 477 393 489 416 511 407 564 409 576 390 592 387 595 394 612 380 623 363 639 334 642 330 581 326 585 318 556 352 544 363 553 265 549 244 547 227 541 209 538 194 486 191 489 242 564 239 570 226 575 257 605 282 616 421 609 433 586 451 565 445 546 473 527 473 506 481 506 505 491 512 469 501 443 508 435 514 429 497 415 498 369 500 355 504 349 489 316 476 298 485 282 503 285 524 265 530 256 529 254 530 213 523 216 442 221 429 203 376 176 375 167 377 164 377 182 385 165 403 132 401 124 416 105 416 105 441 113 451 149 440 151 480 157 490 151 496 114 401 123 338 145 309 163 309 176 342 205 336 228 328 284 274 290 271 293 270 331 255 340 259 343 312 346 311 339 325 368 335 379 343 421 387 428 393 439 402 452 411 451 381 453 372 489 378 499 387 540 416 531 460 494 456 488 472 484 483 516 531 554 535 561 539 568 542 568 531 568 525 590 534 602 534 561 565 519 576 507 579 485 573 486 568 465 533 448 541 436 553 439 582 432 608 437 609 435 623 420 632 417 612 414 606 391 618 395 626 403 650 399 669 362 670 355 623 337 620 337 605 369 605 359 574 353 555 330 551 325 551 333 557 310 562 309 561 309 530 304 518 327 531 392 505 462 487 466 470 521 412 542 370 574 376 665 405 665 393 670 428 684 423 702 397 727 404 730 412 729 388 736 387 724 375 622 288 514 294 489 219 465 220 450 229 437 227 448 199 478 194 507 185 528 198 531 197 474 147 471 141 474 124 451 132 449 115 444 101 418 99 417 111 395 115 381 97 384 85 394 139 370 180 361 180 346 157 332 212 377 236 376 288 338 290 317 340 309 362 313 477 279 457 168 459 169 436 191 420 200 419 229 570 253 591 282 581 278 577 346 592 420 592 451 600 458 603 459 618 486 630 482 650 447 659 429 685 422 689 380 696 362 564 452 550 525 549 528 604 576 557 584 555 590 529 527 357 532 319 537 248 464 219 431 205 400 400
129 8 9 15 22 25 26 36 37 38 40 47 48 62 63 64 66 67 71 72 89 103 104 106 117 121 125 135 172 181 194 195 197 210 232 245 258 272 274 285 301 303 317 330 336 349 351 378 382 386 387 392 395 413 431 434 440 446 459 460 461 465 469 475 481 489 505 506 525 543 558 561 571 572 584 590 605 614 617 624 635 638 651 654 664 674 677 687 689 708 717 719 727 731 735 744 758 766 770 781 788 789 793 795 797 798 808 813 826 835 837 857 869 872 876 885 898 916 920 930 933 936 948 950 960 966 983 986 989 993
260 400 400 379 395 384 412 382 421 376 420 326 421 294 415 301 369 312 378 274 380 243 381 243 343 262 348 284 346 297 331 249 312 229 271 221 237 250 242 279 245 287 221 307 194 332 201 372 210 399 212 401 213 409 179 443 171 462 159 479 165 493 172 485 193 473 183 458 191 453 223 455 235 456 274 472 321 495 335 487 388 477 393 489 416 511 407 564 409 576 390 592 387 595 394 612 380 623 363 639 334 642 330 581 326 585 318 556 352 544 363 553 265 549 244 547 227 541 209 538 194 486 191 489 242 564 239 570 226 575 257 605 282 616 421 609 433 586 451 565 445 546 473 527 473 506 481 506 505 491 512 469 501 443 508 435 514 429 497 415 498 369 500 355 504 349 489 316 476 298 485 282 503 285 524 265 530 256 529 254 530 213 523 216 442 221 429 203 376 176 375 167 377 164 377 182 385 165 403 132 401 124 416 105 416 105 441 113 451 149 440 151 480 157 490 151 496 114 401 123 338 145 309 163 309 176 342 205 336 228 328 284 274 290 271 293 270 331 255 340 259 343 312 346 311 339 325 368 335 379 343 421 387 428 393 439 402 452 411 451 381 453 372 489 378 499 387 540 416 531 460 494 456 488 472 484 483 516 531 554 535 561 539 568 542 568 531 568 525 590 534 602 534 561 565 519 576 507 579 485 573 486 568 465 533 448 541 436 553 439 582 432 608 437 609 435 623 420 632 417 612 414 606 391 618 395 626 403 650 399 669 362 670 355 623 337 620 337 605 369 605 359 574 353 555 330 551 325 551 333 557 310 562 309 561 309 530 304 518 327 531 392 505 462 487 466 470 521 412 542 370 574 376 665 405 665 393 670 428 684 423 702 397 727 404 730 412 729 388 736 387 724 375 622 288 514 294 489 219 465 220 450 229 437 227 448 199 478 194 507 185 528 198 531 197 474 147 471 141 474 124 451 132 449 115 418 99 417 111 395 115 381 97 384 85 394 139 370 180 361 180 346 157 332 212 377 236 376 288 338 290 317 340 309 362 279 457 168 459 169 436 191 420 200 419 229 570 253 591 282 581 278 577 346 592 420 592 451 600 458 603 459 618 486 630 482 650 447 659 429 685 422 689 380 696 362 564 452 550 525 549 528 604 576 557 584 555 590 529 527 357 532 319 537 248 464 219 431 205 400 400
128 8 9 15 22 25 26 36 37 38 40 47 48 62 63 64 66 67 71 72 89 103 104 106 117 121 125 135 172 181 194 195 197 210 232 245 258 272 274 285 301 303 317 330 336 349 351 378 382 386 387 392 395 413 431 434 440 446 459 460 461 465 469 475 481 489 505 506 525 543 558 561 571 572 584 590 605 614 617 624 635 638 651 654 664 674 677 687 689 708 717 727 731 735 744 758 766 770 781 788 789 793 795 797 798 808 813 826 835 837 857 869 872 876 885 898 916 920 930 933 936 948 950 960 966 983 986 989 993
258 400 400 379 395 384 412 382 421 376 420 326 421 294 415 301 369 312 378 274 380 243 381 243 343 262 348 284 346 297 331 249 312 229 271 221 237 250 242 279 245 287 221 307 194 332 201 372 210 399 212 401 213 409 179 443 171 462 159 479 165 493 172 485 193 473 183 458 191 453 223 455 235 456 274 472 321 495 335 487 388 477 393 489 416 511 407 564 409 576 390 592 387 595 394 612 380 623 363 639 334 642 330 581 326 585 318 556 352 544 363 553 265 549 244 547 227 541 209 538 194 486 191 489 242 564 239 570 226 575 257 605 282 616 421 609 433 586 451 565 445 546 473 527 473 506 481 506 505 491 512 469 501 443 508 435 514 429 497 415 498 369 500 355 504 349 489 316 476 298 485 282 503 285 524 265 530 256 529 254 530 213 523 216 442 221 429 203 376 176 375 167 377 164 377 182 385 165 403 132 401 124 416 105 416 105 441 113 451 149 440 151 480 157 490 151 496 114 401 123 338 145 309 163 309 176 342 205 336 228 328 284 274 290 271 293 270 331 255 340 259 343 312 346 311 339 325 368 335 379 343 421 387 428 393 439 402 452 411 451 381 453 372 489 378 499 387 540 416 531 460 494 456 488 472 484 483 516 531 554 535 561 539 568 542 568 531 568 525 590 534 602 534 561 565 519 576 507 579 485 573 486 568 465 533 448 541 436 553 439 582 432 608 437 609 435 623 420 632 417 612 414 606 391 618 395 626 403 650 399 669 362 670 355 623 337 620 337 605 369 605 359 574 353 555 330 551 325 551 333 557 310 562 309 561 309 530 304 518 327 531 392 505 462 487 466 470 521 412 542 370 574 376 665 405 665 393 670 428 684 423 702 397 727 404 730 412 729 388 736 387 724 375 622 288 514 294 489 219 465 220 450 229 437 227 448 199 478 194 507 185 528 198 531 197 474 147 471 141 474 124 451 132 449 115 417 111 395 115 381 97 384 85 394 139 370 180 361 180 346 157 377 236 376 288 338 290 317 340 309 362 279 457 168 459 169 436 191 420 200 419 229 570 253 591 282 581 278 577 346 592 420 592 451 600 458 603 459 618 486 630 482 650 447 659 429 685 422 689 380 696 362 564 452 550 525 549 528 604 576 557 584 555 590 529 527 357 532 319 537 248 464 219 431 205 400 400
127 8 9 15 22 25 26 36 37 38 40 47 48 62 63 64 66 67 71 72 89 103 104 106 117 121 125 135 172 181 194 195 197 210 232 245 258 272 274 285 301 303 317 330 336 349 351 378 382 386 387 392 395 413 431 434 440 446 459 460 461 465 469 475 481 489 505 506 525 543 558 561 571 572 584 590 605 614 617 624 635 638 651 654 664 674 677 687 689 708 717 727 731 735 744 758 766 770 781 788 789 793 797 798 808 813 826 835 837 857 869 872 876 885 898 916 920 930 933 936 948 950 960 966 983 986 989 993
256 400 400 379 395 384 412 382 421 376 420 326 421 294 415 301 369 312 378 274 380 243 381 243 343 262 348 284 346 297 331 249 312 229 271 221 237 250 242 279 245 287 221 307 194 332 201 372 210 399 212 401 213 409 179 443 171 462 159 479 165 493 172 485 193 473 183 458 191 453 223 455 235 456 274 472 321 495 335 487 388 477 393 489 416 511 407 564 409 576 390 592 387 595 394 612 380 623 363 639 334 642 330 581 326 585 318 556 352 544 363 553 265 549 244 547 227 541 209 538 194 486 191 489 242 564 239 570 226 575 257 605 282 616 421 609 433 586 451 565 445 546 473 527 473 506 481 506 505 491 512 469 501 443 508 435 514 429 497 415 498 369 500 355 504 349 489 316 476 298 485 282 503 285 524 265 530 256 529 254 530 213 523 216 442 221 429 203 376 176 375 167 377 164 377 182 385 165 403 132 401 124 416 105 416 105 441 113 451 149 440 151 480 157 490 151 496 114 401 123 338 145 309 163 309 176 342 205 336 228 328 284 274 290 271 293 270 331 255 340 259 343 312 346 311 339 325 368 335 379 343 421 387 428 393 439 402 452 411 451 381 453 372 489 378 499 387 540 416 531 460 494 456 488 472 484 483 516 531 554 535 561 539 568 542 568 531 568 525 590 534 602 534 561 565 519 576 507 579 485 573 486 568 465 533 448 541 436 553 439 582 432 608 437 609 435 623 420 632 417 612 414 606 391 618 395 626 403 650 399 669 362 670 355 623 337 620 337 605 369 605 359 574 353 555 330 551 325 551 333 557 310 562 309 561 309 530 304 518 327 531 392 505 462 487 466 470 521 412 542 370 574 376 665 405 665 393 670 428 684 423 702 397 727 404 730 412 729 388 736 387 724 375 622 288 514 294 489 219 465 220 450 229 437 227 448 199 478 194 507 185 528 198 531 197 474 147 471 141 474 124 451 132 449 115 417 111 395 115 381 97 384 85 394 139 370 180 361 180 346 157 377 236 376 288 338 290 317 340 309 362 169 436 191 420 200 419 229 570 253 591 282 581 278 577 346 592 420 592 451 600 458 603 459 618 486 630 482 650 447 659 429 685 422 689 380 696 362 564 452 550 525 549 528 604 576 557 584 555 590 529 527 357 532 319 537 248 464 219 431 205 400 400
126 8 9 15 22 25 26 36 37 38 40 47 48 62 63 64 66 67 71 72 89 103 104 106 117 121 125 135 172 181 194 195 197 210 232 245 258 272 274 285 301 303 317 330 336 349 351 378 382 386 387 392 395 413 431 434 440 446 459 460 461 465 469 475 481 489 505 506 525 543 558 561 571 572 584 590 605 614 617 624 635 638 651 654 664 674 677 687 689 708 717 727 731 735 744 766 770 781 788 789 793 797 798 808 813 826 835 837 857 869 872 876 885 898 916 920 930 933 936 948 950 960 966 983 986 989 993
254 400 400 379 395 384 412 382 421 376 420 326 421 294 415 301 369 312 378 274 380 243 381 243 343 262 348 284 346 297 331 249 312 229 271 221 237 250 242 279 245 287 221 307 194 332 201 372 210 399 212 401 213 409 179 443 171 462 159 479 165 493 172 485 193 473 183 458 191 453 223 455 235 456 274 472 321 495 335 487 388 477 393 489 416 511 407 564 409 576 390 592 387 595 394 612 380 623 363 639 334 642 330 581 326 585 318 556 352 544 363 553 265 549 244 547 227 541 209 538 194 486 191 489 242 564 239 570 226 575 257 605 282 616 421 609 433 586 451 565 445 546 473 527 473 506 481 506 505 491 512 469 501 443 508 435 514 429 497 415 498 369 500 355 504 349 489 316 476 298 485 282 503 285 524 265 530 256 529 254 530 213 523 216 442 221 429 203 376 176 375 167 377 164 377 182 385 165 403 132 401 124 416 105 416 105 441 113 451 149 440 151 480 157 490 151 496 114 401 123 338 145 309 163 309 176 342 205 336 228 328 284 274 290 271 293 270 331 255 340 259 343 312 346 311 339 325 368 335 379 343 421 387 428 393 439 402 452 411 451 381 453 372 489 378 499 387 540 416 531 460 494 456 488 472 484 483 516 531 554 535 561 539 568 542 568 531 568 525 590 534 602 534 561 565 519 576 507 579 485 573 486 568 465 533 448 541 436 553 439 582 432 608 437 609 435 623 420 632 417 612 414 606 391 618 395 626 403 650 399 669 362 670 355 623 337 620 337 605 369 605 359 574 353 555 330 551 325 551 310 562 309 561 309 530 304 518 327 531 392 505 462 487 466 470 521 412 542 370 574 376 665 405 665 393 670 428 684 423 702 397 727 404 730 412 729 388 736 387 724 375 622 288 514 294 489 219 465 220 450 229 437 227 448 199 478 194 507 185 528 198 531 197 474 147 471 141 474 124 451 132 449 115 417 111 395 115 381 97 384 85 394 139 370 180 361 180 346 157 377 236 376 288 338 290 317 340 309 362 191 420 200 419 229 570 253 591 282 581 278 577 346 592 420 592 451 600 458 603 459 618 486 630 482 650 447 659 429 685 422 689 380 696 362 564 452 550 525 549 528 604 576 557 584 555 590 529 527 357 532 319 537 248 464 219 431 205 400 400
125 8 9 15 22 25 26 36 37 38 40 47 48 62 63 64 66 71 72 89 103 104 106 117 121 125 135 172 181 194 195 197 210 232 245 258 272 274 285 301 303 317 330 336 349 351 378 382 386 387 392 395 413 431 434 440 446 459 460 461 465 469 475 481 489 505 506 525 543 558 561 571 572 584 590 605 614 617 624 635 638 651 654 664 674 677 687 689 708 717 727 731 735 744 766 770 781 788 789 793 797 798 808 813 826 835 837 857 869 872 876 885 898 916 920 930 933 936 948 950 960 966 983 986 989 993
252 400 400 379 395 384 412 382 421 376 420 326 421 294 415 301 369 312 378 274 380 243 381 243 343 262 348 284 346 297 331 249 312 229 271 221 237 250 242 279 245 287 221 307 194 332 201 372 210 399 212 401 213 409 179 443 171 462 159 479 165 493 172 485 193 473 183 458 191 453 223 455 235 456 274 472 321 495 335 487 388 477 393 489 416 511 407 564 409 576 390 592 387 595 394 612 380 623 363 639 334 642 330 581 326 585 318 556 352 544 363 553 265 549 244 547 227 541 209 538 194 486 191 489 242 564 239 570 226 575 257 605 282 616 421 609 433 586 451 565 445 546 473 527 473 506 481 506 505 491 512 469 501 443 508 435 514 429 497 415 498 369 500 355 504 349 489 298 485 282 503 285 524 265 530 256 529 254 530 213 523 216 442 221 429 203 376 176 375 167 377 164 377 182 385 165 403 132 401 124 416 105 416 105 441 113 451 149 440 151 480 157 490 151 496 114 401 123 338 145 309 163 309 176 342 205 336 228 328 284 274 290 271 293 270 331 255 340 259 343 312 346 311 339 325 368 335 379 343 421 387 428 393 439 402 452 411 451 381 453 372 489 378 499 387 540 416 531 460 494 456 488 472 484 483 516 531 554 535 561 539 568 542 568 531 568 525 590 534 602 534 561 565 519 576 507 579 485 573 486 568 465 533 448 541 436 553 439 582 432 608 437 609 435 623 420 632 417 612 414 606 391 618 395 626 403 650 399 669 362 670 355 623 337 620 337 605 369 605 359 574 353 555 330 551 325 551 310 562 309 561 309 530 304 518 327 531 392 505 462 487 466 470 521 412 542 370 574 376 665 405 665 393 670 428 684 423 702 397 727 404 730 412 729 388 736 387 724 375 622 288 514 294 489 219 465 220 450 229 448 199 478 194 507 185 528 198 531 197 474 147 471 141 474 124 451 132 449 115 417 111 395 115 381 97 384 85 394 139 370 180 361 180 346 157 377 236 376 288 338 290 317 340 309 362 191 420 200 419 229 570 253 591 282 581 278 577 346 592 420 592 451 600 458 603 459 618 486 630 482 650 447 659 429 685 422 689 380 696 362 564 452 550 525 549 528 604 576 557 584 555 590 529 527 357 532 319 537 248 464 219 431 205 400 400
124 8 9 15 25 26 36 37 38 40 47 48 62 63 64 66 71 72 89 103 104 106 117 121 125 135 172 181 194 195 197 210 232 245 258 272 274 285 301 303 317 330 336 349 351 378 382 386 387 392 395 413 431 434 440 446 459 460 461 465 469 475 481 489 505 506 525 543 558 561 571 572 584 590 605 614 617 624 635 638 651 654 664 674 677 687 689 708 717 727 731 735 744 766 770 781 788 789 793 797 798 808 813 826 835 837 857 869 872 876 885 898 916 920 930 933 936 948 950 960 966 983 986 989 993
250 400 400 379 395 384 412 382 421 376 420 326 421 294 415 301 369 312 378 274 380 243 381 243 343 262 348 297 331 249 312 229 271 221 237 250 242 279 245 287 221 307 194 332 201 372 210 399 212 401 213 409 179 443 171 462 159 479 165 493 172 485 193 473 183 458 191 453 223 455 235 456 274 472 321 495 335 487 388 477 393 489 416 511 407 564 409 576 390 592 387 595 394 612 380 623 363 639 334 642 330 581 326 585 318 556 352 553 265 549 244 547 227 541 209 538 194 486 191 489 242 564 239 570 226 575 257 605 282 616 421 609 433 586 451 565 445 546 473 527 473 506 481 506 505 491 512 469 501 443 508 435 514 429 497 415 498 369 500 355 504 349 489 298 485 282 503 285 524 265 530 256 529 254 530 213 523 216 442 221 429 203 376 176 375 167 377 164 377 182 385 165 403 132 401 124 416 105 416 105 441 113 451 149 440 151 480 157 490 151 496 114 401 123 338 145 309 163 309 176 342 205 336 228 328 284 274 290 271 293 270 331 255 340 259 343 312 346 311 339 325 368 335 379 343 421 387 428 393 439 402 452 411 451 381 453 372 489 378 499 387 540 416 531 460 494 456 488 472 484 483 516 531 554 535 561 539 568 542 568 531 568 525 590 534 602 534 561 565 519 576 507 579 485 573 486 568 465 533 448 541 436 553 439 582 432 608 437 609 435 623 420 632 417 612 414 606 391 618 395 626 403 650 399 669 362 670 355 623 337 620 337 605 369 605 359 574 353 555 330 551 325 551 310 562 309 561 309 530 304 518 327 531 392 505 462 487 466 470 521 412 542 370 574 376 665 405 665 393 670 428 684 423 702 397 727 404 730 412 729 388 736 387 724 375 622 288 514 294 489 219 465 220 450 229 448 199 478 194 507 185 528 198 531 197 474 147 471 141 474 124 451 132 449 115 417 111 395 115 381 97 384 85 394 139 370 180 361 180 346 157 377 236 376 288 338 290 317 340 309 362 191 420 200 419 229 570 253 591 282 581 278 577 346 592 420 592 451 600 458 603 459 618 486 630 482 650 447 659 429 685 422 689 380 696 362 564 452 550 525 549 528 604 576 557 584 555 590 529 527 357 532 319 537 248 464 219 431 205 400 400
123 8 9 15 25 26 36 37 38 40 47 48 62 63 64 66 71 72 89 103 104 106 117 121 125 135 172 181 194 195 197 210 232 245 258 272 274 301 303 317 330 336 349 351 378 382 386 387 392 395 413 431 434 440 446 459 460 461 465 469 475 481 489 505 506 525 543 558 561 571 572 584 590 605 614 617 624 635 638 651 654 664 674 677 687 689 708 717 727 731 735 744 766 770 781 788 789 793 797 798 808 813 826 835 837 857 869 872 876 885 898 916 920 930 933 936 948 950 960 966 983 986 989 993
248 400 400 379 395 384 412 382 421 376 420 326 421 294 415 301 369 312 378 274 380 243 381 243 343 262 348 249 312 229 271 221 237 250 242 279 245 287 221 307 194 332 201 372 210 399 212 401 213 409 179 443 171 462 159 479 165 493 172 485 193 473 183 458 191 453 223 455 235 456 274 472 321 495 335 487 388 477 393 489 416 511 407 564 409 576 390 592 387 595 394 612 380 623 363 639 334 642 330 581 326 585 318 556 352 553 265 549 244 547 227 541 209 538 194 486 191 489 242 564 239 570 226 575 257 605 282 616 421 609 433 565 445 546 473 527 473 506 481 506 505 491 512 469 501 443 508 435 514 429 497 415 498 369 500 355 504 349 489 298 485 282 503 285 524 265 530 256 529 254 530 213 523 216 442 221 429 203 376 176 375 167 377 164 377 182 385 165 403 132 401 124 416 105 416 105 441 113 451 149 440 151 480 157 490 151 496 114 401 123 338 145 309 163 309 176 342 205 336 228 328 284 274 290 271 293 270 331 255 340 259 343 312 346 311 339 325 368 335 379 343 421 387 428 393 439 402 452 411 451 381 453 372 489 378 499 387 540 416 531 460 494 456 488 472 484 483 516 531 554 535 561 539 568 542 568 531 568 525 590 534 602 534 561 565 519 576 507 579 485 573 486 568 465 533 448 541 436 553 439 582 432 608 437 609 435 623 420 632 417 612 414 606 391 618 395 626 403 650 399 669 362 670 355 623 337 620 337 605 369 605 359 574 353 555 330 551 325 551 310 562 309 561 309 530 304 518 327 531 392 505 462 487 466 470 521 412 542 370 574 376 665 405 665 393 670 428 684 423 702 397 727 404 730 412 729 388 736 387 724 375 622 288 514 294 489 219 465 220 450 229 448 199 478 194 507 185 528 198 531 197 474 147 471 141 474 124 451 132 449 115 417 111 395 115 381 97 384 85 394 139 370 180 361 180 346 157 377 236 376 288 338 290 317 340 309 362 191 420 200 419 229 570 253 591 282 581 278 577 346 592 420 592 451 600 458 603 459 618 486 630 482 650 447 659 429 685 422 689 380 696 362 564 452 550 525 549 528 604 576 557 584 555 590 529 527 357 532 319 537 248 464 219 431 205 400 400
122 8 9 15 25 26 36 37 38 40 47 48 62 63 64 66 71 72 89 103 104 106 117 121 125 135 172 181 194 195 197 210 232 245 258 272 274 301 303 317 330 336 349 351 378 382 386 387 392 395 413 431 440 446 459 460 461 465 469 475 481 489 505 506 525 543 558 561 571 572 584 590 605 614 617 624 635 638 651 654 664 674 677 687 689 708 717 727 731 735 744 766 770 781 788 789 793 797 798 808 813 826 835 837 857 869 872 876 885 898 916 920 930 933 936 948 950 960 966 983 986 989 993
246 400 400 379 395 384 412 382 421 376 420 326 421 294 415 301 369 312 378 274 380 243 381 243 343 262 348 249 312 229 271 221 237 250 242 279 245 287 221 307 194 332 201 372 210 399 212 401 213 409 179 443 171 462 159 479 165 493 172 485 193 473 183 458 191 453 223 455 235 456 274 472 321 495 335 487 388 477 393 489 416 511 407 564 409 576 390 592 387 595 394 612 380 623 363 639 334 642 330 581 326 585 318 553 265 549 244 547 227 541 209 538 194 486 191 489 242 564 239 570 226 575 257 605 282 616 421 609 433 565 445 546 473 527 473 506 481 506 505 491 512 469 501 443 508 435 514 429 497 415 498 369 500 355 504 349 489 298 485 282 503 285 524 265 530 256 529 254 530 213 523 216 442 221 429 203 376 176 375 167 377 164 377 182 385 165 403 132 401 124 416 105 416 105 441 113 451 149 440 157 490 151 496 114 401 123 338 145 309 163 309 176 342 205 336 228 328 284 274 290 271 293 270 331 255 340 259 343 312 346 311 339 325 368 335 379 343 421 387 428 393 439 402 452 411 451 381 453 372 489 378 499 387 540 416 531 460 494 456 488 472 484 483 516 531 554 535 561 539 568 542 568 531 568 525 590 534 602 534 561 565 519 576 507 579 485 573 486 568 465 533 448 541 436 553 439 582 432 608 437 609 435 623 420 632 417 612 414 606 391 618 395 626 403 650 399 669 362 670 355 623 337 620 337 605 369 605 359 574 353 555 330 551 325 551 310 562 309 561 309 530 304 518 327 531 392 505 462 487 466 470 521 412 542 370 574 376 665 405 665 393 670 428 684 423 702 397 727 404 730 412 729 388 736 387 724 375 622 288 514 294 489 219 465 220 450 229 448 199 478 194 507 185 528 198 531 197 474 147 471 141 474 124 451 132 449 115 417 111 395 115 381 97 384 85 394 139 370 180 361 180 346 157 377 236 376 288 338 290 317 340 309 362 191 420 200 419 229 570 253 591 282 581 278 577 346 592 420 592 451 600 458 603 459 618 486 630 482 650 447 659 429 685 422 689 380 696 362 564 452 550 525 549 528 604 576 557 584 555 590 529 527 357 532 319 537 248 464 219 431 205 400 400
121 8 9 15 25 26 36 37 38 40 47 48 62 63 64 66 71 72 89 103 104 106 117 121 125 135 172 181 194 195 197 210 232 245 258 274 301 303 317 330 336 349 351 378 382 386 387 392 395 413 431 440 446 459 460 461 465 469 475 481 489 505 506 525 543 558 561 571 572 584 590 605 614 617 624 635 638 651 654 664 674 677 687 689 708 717 727 731 735 744 766 770 781 788 789 793 797 798 808 813 826 835 837 857 869 872 876 885 898 916 920 930 933 936 948 950 960 966 983 986 989 993
244 400 400 379 395 384 412 382 421 376 420 326 421 294 415 301 369 312 378 274 380 243 381 243 343 249 312 229 271 221 237 250 242 279 245 287 221 307 194 332 201 372 210 399 212 401 213 409 179 443 171 462 159 479 165 493 172 485 193 473 183 458 191 453 223 455 235 456 274 472 321 495 335 487 388 477 393 489 416 511 407 576 390 592 387 595 394 612 380 623 363 639 334 642 330 581 326 585 318 553 265 549 244 547 227 541 209 538 194 486 191 489 242 564 239 570 226 575 257 605 282 616 421 609 433 565 445 546 473 527 473 506 481 506 505 491 512 469 501 443 508 435 514 429 497 415 498 369 500 355 504 349 489 298 485 282 503 285 524 265 530 256 529 254 530 213 523 216 442 221 429 203 376 176 375 167 377 164 377 182 385 165 403 132 401 124 416 105 416 105 441 113 451 149 440 157 490 151 496 114 401 123 338 145 309 163 309 176 342 205 336 228 328 284 274 290 271 293 270 331 255 340 259 343 312 346 311 339 325 368 335 379 343 421 387 428 393 439 402 452 411 451 381 453 372 489 378 499 387 540 416 531 460 494 456 488 472 484 483 516 531 554 535 561 539 568 542 568 531 568 525 590 534 602 534 561 565 519 576 507 579 485 573 486 568 465 533 448 541 436 553 439 582 432 608 437 609 435 623 420 632 417 612 414 606 391 618 395 626 403 650 399 669 362 670 355 623 337 620 337 605 369 605 359 574 353 555 330 551 325 551 310 562 309 561 309 530 304 518 327 531 392 505 462 487 466 470 521 412 542 370 574 376 665 405 665 393 670 428 684 423 702 397 727 404 730 412 729 388 736 387 724 375 622 288 514 294 489 219 465 220 450 229 448 199 478 194 507 185 528 198 531 197 474 147 471 141 474 124 451 132 449 115 417 111 395 115 381 97 384 85 394 139 370 180 361 180 346 157 377 236 376 288 338 290 317 340 309 362 191 420 200 419 229 570 253 591 282 581 278 577 346 592 420 592 451 600 458 603 459 618 486 630 482 650 447 659 429 685 422 689 380 696 362 564 452 550 525 549 528 604 576 557 584 555 590 529 527 357 532 319 537 248 464 219 431 205 400 400
120 8 9 15 25 26 36 37 38 40 47 48 62 63 64 66 71 72 89 103 104 106 117 121 125 135 172 181 194 195 197 210 232 245 258 274 301 303 317 336 349 351 378 382 386 387 392 395 413 431 440 446 459 460 461 465 469 475 481 489 505 506 525 543 558 561 571 572 584 590 605 614 617 624 635 638 651 654 664 674 677 687 689 708 717 727 731 735 744 766 770 781 788 789 793 797 798 808 813 826 835 837 857 869 872 876 885 898 916 920 930 933 936 948 950 960 966 983 986 989 993
242 400 400 379 395 384 412 382 421 376 420 326 421 294 415 301 369 312 378 274 380 243 381 243 343 249 312 229 271 221 237 250 242 279 245 287 221 307 194 332 201 372 210 399 212 401 213 409 179 443 171 462 159 479 165 493 172 485 193 473 183 458 191 453 223 455 235 456 274 472 321 495 335 487 388 477 393 489 416 511 407 576 390 592 387 595 394 612 380 623 363 639 334 642 330 581 326 585 318 553 265 549 244 547 227 541 209 538 194 486 191 489 242 564 239 570 226 575 257 605 282 616 421 609 433 565 445 546 473 527 473 506 481 506 505 491 512 469 501 443 508 435 514 429 497 415 498 369 500 355 504 349 489 298 485 282 503 285 524 265 530 256 529 254 530 213 523 216 442 221 429 203 376 176 375 167 377 164 377 182 385 165 403 132 401 124 416 105 416 105 441 113 451 149 440 157 490 151 496 114 401 123 338 145 309 163 309 176 342 205 336 228 328 284 274 290 271 293 270 331 255 340 259 343 312 346 311 368 335 379 343 421 387 428 393 439 402 452 411 451 381 453 372 489 378 499 387 540 416 531 460 494 456 488 472 484 483 516 531 554 535 561 539 568 542 568 531 568 525 590 534 602 534 561 565 519 576 507 579 485 573 486 568 465 533 448 541 436 553 439 582 432 608 437 609 435 623 420 632 417 612 414 606 391 618 395 626 403 650 399 669 362 670 355 623 337 620 337 605 369 605 359 574 353 555 330 551 325 551 310 562 309 561 309 530 304 518 327 531 392 505 462 487 466 470 521 412 542 370 574 376 665 393 670 428 684 423 702 397 727 404 730 412 729 388 736 387 724 375 622 288 514 294 489 219 465 220 450 229 448 199 478 194 507 185 528 198 531 197 474 147 471 141 474 124 451 132 449 115 417 111 395 115 381 97 384 85 394 139 370 180 361 180 346 157 377 236 376 288 338 290 317 340 309 362 191 420 200 419 229 570 253 591 282 581 278 577 346 592 420 592 451 600 458 603 459 618 486 630 482 650 447 659 429 685 422 689 380 696 362 564 452 550 525 549 528 604 576 557 584 555 590 529 527 357 532 319 537 248 464 219 431 205 400 400
119 8 9 15 25 26 36 37 38 40 47 48 62 63 64 66 71 72 89 103 104 106 117 125 135 172 181 194 195 197 210 232 245 258 274 301 303 317 336 349 351 378 382 386 387 392 395 413 431 440 446 459 460 461 465 469 475 481 489 505 506 525 543 558 561 571 572 584 590 605 614 617 624 635 638 651 654 664 674 677 687 689 708 717 727 731 735 744 766 770 781 788 789 793 797 798 808 813 826 835 837 857 869 872 876 885 898 916 920 930 933 936 948 950 960 966 983 986 989 993
240 400 400 384 412 382 421 376 420 326 421 294 415 301 369 312 378 274 380 243 381 243 343 249 312 229 271 221 237 250 242 279 245 287 221 307 194 332 201 372 210 399 212 401 213 409 179 443 171 462 159 479 165 493 172 485 193 473 183 458 191 453 223 455 235 456 274 472 321 495 335 487 388 477 393 489 416 511 407 576 390 592 387 595 394 612 380 623 363 639 334 642 330 581 326 585 318 553 265 549 244 547 227 541 209 538 194 486 191 489 242 564 239 570 226 575 257 605 282 616 421 609 433 565 445 546 473 527 473 506 481 506 505 491 512 469 501 443 508 435 514 429 497 415 498 369 500 355 504 349 489 298 485 282 503 285 524 265 530 256 529 254 530 213 523 216 442 221 429 203 376 176 375 167 377 164 377 182 385 165 403 132 401 124 416 105 416 105 441 113 451 149 440 157 490 151 496 114 401 123 338 145 309 163 309 176 342 205 336 228 328 284 274 290 271 293 270 331 255 340 259 343 312 346 311 368 335 379 343 421 387 428 393 439 402 452 411 451 381 453 372 489 378 499 387 540 416 531 460 494 456 488 472 484 483 516 531 554 535 561 539 568 542 568 531 568 525 590 534 602 534 561 565 519 576 507 579 485 573 486 568 465 533 448 541 436 553 439 582 432 608 437 609 435 623 420 632 417 612 414 606 391 618 395 626 403 650 399 669 362 670 355 623 337 620 337 605 369 605 359 574 353 555 330 551 325 551 310 562 309 561 309 530 304 518 327 531 392 505 462 487 466 470 521 412 542 370 574 376 665 393 670 428 684 423 702 397 727 404 729 388 736 387 724 375 622 288 514 294 489 219 465 220 450 229 448 199 478 194 507 185 528 198 531 197 474 147 471 141 474 124 451 132 449 115 417 111 395 115 381 97 384 85 394 139 370 180 361 180 346 157 377 236 376 288 338 290 317 340 309 362 191 420 200 419 229 570 253 591 282 581 278 577 346 592 420 592 451 600 458 603 459 618 486 630 482 650 447 659 429 685 422 689 380 696 362 564 452 550 525 549 528 604 576 557 584 555 590 529 527 357 532 319 537 248 464 219 431 205 400 400
118 8 9 15 25 26 36 37 38 40 47 48 62 63 64 66 71 72 89 103 104 106 117 125 135 172 181 194 195 197 210 232 245 258 274 301 303 317 336 349 351 378 382 386 387 392 395 413 431 440 446 459 460 461 465 469 475 481 489 505 506 525 543 558 561 571 572 584 590 605 614 617 624 635 638 651 654 664 674 677 687 689 708 717 727 731 735 766 770 781 788 789 793 797 798 808 813 826 835 837 857 869 872 876 885 898 916 920 930 933 936 948 950 960 966 983 986 989 993
238 400 400 384 412 382 421 376 420 326 421 294 415 301 369 274 380 243 381 243 343 249 312 229 271 221 237 250 242 279 245 287 221 307 194 332 201 372 210 399 212 401 213 409 179 443 171 462 159 479 165 493 172 485 193 473 183 458 191 453 223 455 235 456 274 472 321 495 335 487 388 477 393 489 416 511 407 576 390 592 387 595 394 612 380 623 363 639 334 642 330 581 326 585 318 553 265 549 244 547 227 541 209 538 194 486 191 489 242 564 239 570 226 575 257 605 282 616 421 609 433 565 445 546 473 527 473 506 481 506 505 469 501 443 508 435 514 429 497 415 498 369 500 355 504 349 489 298 485 282 503 285 524 265 530 256 529 254 530 213 523 216 442 221 429 203 376 176 375 167 377 164 377 182 385 165 403 132 401 124 416 105 416 105 441 113 451 149 440 157 490 151 496 114 401 123 338 145 309 163 309 176 342 205 336 228 328 284 274 290 271 293 270 331 255 340 259 343 312 346 311 368 335 379 343 421 387 428 393 439 402 452 411 451 381 453 372 489 378 499 387 540 416 531 460 494 456 488 472 484 483 516 531 554 535 561 539 568 542 568 531 568 525 590 534 602 534 561 565 519 576 507 579 485 573 486 568 465 533 448 541 436 553 439 582 432 608 437 609 435 623 420 632 417 612 414 606 391 618 395 626 403 650 399 669 362 670 355 623 337 620 337 605 369 605 359 574 353 555 330 551 325 551 310 562 309 561 309 530 304 518 327 531 392 505 462 487 466 470 521 412 542 370 574 376 665 393 670 428 684 423 702 397 727 404 729 388 736 387 724 375 622 288 514 294 489 219 465 220 450 229 448 199 478 194 507 185 528 198 531 197 474 147 471 141 474 124 451 132 449 115 417 111 395 115 381 97 384 85 394 139 370 180 361 180 346 157 377 236 376 288 338 290 317 340 309 362 191 420 200 419 229 570 253 591 282 581 278 577 346 592 420 592 451 600 458 603 459 618 486 630 482 650 447 659 429 685 422 689 380 696 362 564 452 550 525 549 528 604 576 557 584 555 590 529 527 357 532 319 537 248 464 219 431 205 400 400
117 8 9 15 25 26 36 37 38 40 47 48 62 63 64 66 71 72 89 103 104 106 117 125 135 172 181 194 195 197 210 232 245 258 274 301 303 317 336 349 351 378 382 386 387 392 395 413 431 440 446 459 460 461 465 469 475 481 489 505 506 525 543 558 561 571 572 584 590 605 614 617 624 635 651 654 664 674 677 687 689 708 717 727 731 735 766 770 781 788 789 793 797 798 808 813 826 835 837 857 869 872 876 885 898 916 920 930 933 936 948 950 960 966 983 986 989 993
236 400 400 384 412 382 421 376 420 326 421 294 415 274 380 243 381 243 343 249 312 229 271 221 237 250 242 279 245 287 221 307 194 332 201 372 210 399 212 401 213 409 179 443 171 462 159 479 165 493 172 485 193 473 183 458 191 453 223 455 235 456 274 472 321 495 335 487 388 477 393 489 416 511 407 576 390 592 387 595 394 612 380 623 363 639 334 642 330 581 326 585 318 553 265 549 244 547 227 541 209 538 194 486 191 489 242 564 239 570 226 575 257 605 282 616 421 609 433 565 445 546 473 527 473 506 481 506 505 469 501 443 508 435 514 429 497 415 498 369 500 355 504 349 489 298 485 282 503 285 524 265 530 256 529 254 530 213 523 216 442 221 429 203 376 176 375 167 377 164 377 182 385 165 403 132 401 124 416 105 416 105 441 113 451 149 440 157 490 151 496 114 401 123 338 145 309 163 309 176 342 205 336 228 328 284 274 290 271 293 270 331 255 340 259 343 312 346 311 368 335 379 343 421 387 428 393 439 402 452 411 451 381 453 372 489 378 499 387 540 416 531 460 494 456 488 472 484 483 516 531 554 535 561 539 568 542 568 531 568 525 590 534 602 534 561 565 519 576 507 579 485 573 486 568 465 533 448 541 436 553 439 582 432 608 437 609 435 623 417 612 414 606 391 618 395 626 403 650 399 669 362 670 355 623 337 620 337 605 369 605 359 574 353 555 330 551 325 551 310 562 309 561 309 530 304 518 327 531 392 505 462 487 466 470 521 412 542 370 574 376 665 393 670 428 684 423 702 397 727 404 729 388 736 387 724 375 622 288 514 294 489 219 465 220 450 229 448 199 478 194 507 185 528 198 531 197 474 147 471 141 474 124 451 132 449 115 417 111 395 115 381 97 384 85 394 139 370 180 361 180 346 157 377 236 376 288 338 290 317 340 309 362 191 420 200 419 229 570 253 591 282 581 278 577 346 592 420 592 451 600 458 603 459 618 486 630 482 650 447 659 429 685 422 689 380 696 362 564 452 550 525 549 528 604 576 557 584 555 590 529 527 357 532 319 537 248 464 219 431 205 400 400
116 8 9 15 25 26 36 37 38 40 47 48 62 63 64 66 71 72 89 103 104 106 117 125 135 172 181 194 195 197 210 232 245 258 274 301 303 317 336 349 351 378 382 386 387 392 395 413 431 440 446 459 460 461 465 469 475 489 505 506 525 543 558 561 571 572 584 590 605 614 617 624 635 651 654 664 674 677 687 689 708 717 727 731 735 766 770 781 788 789 793 797 798 808 813 826 835 837 857 869 872 876 885 898 916 920 930 933 936 948 950 960 966 983 986 989 993
234 400 400 384 412 382 421 376 420 326 421 294 415 274 380 243 381 243 343 249 312 229 271 221 237 250 242 279 245 287 221 307 194 332 201 372 210 399 212 401 213 409 179 443 171 462 159 479 165 493 172 485 193 473 183 458 191 453 223 455 235 456 274 472 321 495 335 487 388 477 393 489 416 511 407 576 390 592 387 595 394 612 380 623 363 639 334 642 330 581 326 585 318 553 265 549 244 547 227 541 209 538 194 486 191 489 242 564 239 570 226 575 257 605 282 616 421 609 433 565 445 546 473 527 473 506 481 506 505 469 501 443 508 435 514 429 497 415 498 369 500 355 504 349 489 298 485 282 503 285 524 265 530 256 529 254 530 213 523 216 442 221 429 203 376 176 375 167 377 164 377 182 385 165 403 132 401 124 416 105 416 105 441 113 451 149 440 157 490 151 496 114 401 123 338 145 309 163 309 176 342 205 336 228 328 284 274 290 271 293 270 331 255 340 259 343 312 346 311 368 335 379 343 421 387 428 393 439 402 452 411 451 381 453 372 489 378 499 387 540 416 531 460 494 456 488 472 484 483 516 531 554 535 561 539 568 542 568 531 568 525 590 534 602 534 561 565 519 576 507 579 485 573 486 568 465 533 448 541 436 553 439 582 432 608 437 609 435 623 417 612 414 606 391 618 395 626 403 650 399 669 362 670 355 623 337 620 337 605 369 605 359 574 353 555 330 551 325 551 310 562 309 561 309 530 304 518 327 531 392 505 462 487 466 470 521 412 542 370 574 376 665 393 670 428 684 423 702 397 727 404 729 388 736 387 724 375 622 288 514 294 489 219 465 220 450 229 448 199 478 194 507 185 528 198 531 197 474 147 471 141 474 124 451 132 449 115 417 111 395 115 381 97 384 85 394 139 370 180 361 180 346 157 377 236 376 288 338 290 317 340 309 362 191 420 200 419 229 570 253 591 278 577 346 592 420 592 451 600 458 603 459 618 486 630 482 650 447 659 429 685 422 689 380 696 362 564 452 550 525 549 528 604 576 557 584 555 590 529 527 357 532 319 537 248 464 219 400 400
115 8 9 15 25 26 36 37 38 40 47 48 62 63 64 66 71 72 89 103 104 106 117 125 135 172 181 194 195 197 210 232 245 258 274 301 303 317 336 349 378 382 386 387 392 395 413 431 440 446 459 460 461 465 469 475 489 505 506 525 543 558 561 571 572 584 590 605 614 617 624 635 651 654 664 674 677 687 689 708 717 727 731 735 766 770 781 788 789 793 797 798 808 813 826 835 837 857 869 872 876 885 898 916 920 930 933 936 948 950 960 966 983 986 989 993
232 400 400 384 412 382 421 376 420 326 421 294 415 274 380 243 381 243 343 249 312 229 271 221 237 250 242 279 245 287 221 307 194 332 201 372 210 399 212 401 213 409 179 443 171 462 159 479 165 493 172 485 193 473 183 458 191 453 223 455 235 456 274 472 321 495 335 487 388 477 393 489 416 511 407 576 390 592 387 595 394 612 380 623 363 639 334 642 330 581 326 585 318 553 265 549 244 547 227 541 209 538 194 486 191 489 242 564 239 570 226 575 257 605 282 616 421 609 433 565 445 546 473 527 473 506 481 506 505 469 501 443 508 435 514 429 497 415 498 369 500 355 504 349 489 298 485 282 503 285 524 265 530 256 529 254 530 213 523 216 442 221 429 203 376 176 375 167 377 164 377 182 385 165 403 132 401 124 416 105 416 105 441 113 451 149 440 157 490 151 496 114 401 123 338 145 309 163 309 176 342 205 336 228 328 284 274 290 271 293 270 331 255 340 259 343 312 346 311 368 335 379 343 421 387 428 393 439 402 452 411 451 381 453 372 489 378 499 387 540 416 531 460 494 456 488 472 484 483 516 531 554 535 561 539 568 542 568 531 568 525 590 534 602 534 561 565 519 576 507 579 485 573 486 568 465 533 448 541 436 553 439 582 432 608 437 609 435 623 417 612 414 606 391 618 395 626 403 650 399 669 362 670 355 623 337 620 337 605 369 605 359 574 353 555 330 551 325 551 310 562 309 561 309 530 304 518 327 531 392 505 462 487 466 470 521 412 542 370 574 376 665 393 670 428 684 423 702 397 727 404 729 388 736 387 724 375 622 288 514 294 489 219 465 220 450 229 448 199 478 194 507 185 528 198 531 197 474 147 471 141 451 132 449 115 417 111 395 115 381 97 384 85 394 139 370 180 361 180 346 157 377 236 376 288 338 290 317 340 309 362 191 420 200 419 229 570 253 591 278 577 346 592 420 592 451 600 458 603 459 618 486 630 482 650 447 659 429 685 422 689 380 696 362 564 452 550 525 549 528 604 576 557 584 555 590 529 527 357 532 319 537 248 400 400
114 8 9 15 25 26 37 38 40 47 48 62 63 64 66 71 72 89 103 104 106 117 125 135 172 181 194 195 197 210 232 245 258 274 301 303 317 336 349 378 382 386 387 392 395 413 431 440 446 459 460 461 465 469 475 489 505 506 525 543 558 561 571 572 584 590 605 614 617 624 635 651 654 664 674 677 687 689 708 717 727 731 735 766 770 781 788 789 793 797 798 808 813 826 835 837 857 869 872 876 885 898 916 920 930 933 936 948 950 960 966 983 986 989 993
230 400 400 384 412 382 421 376 420 326 421 294 415 274 380 243 381 243 343 249 312 229 271 221 237 250 242 279 245 287 221 307 194 332 201 372 210 399 212 401 213 409 179 443 171 462 159 479 165 493 172 485 193 473 183 458 191 453 223 455 235 456 274 472 321 495 335 487 388 477 393 489 416 511 407 576 390 592 387 595 394 612 380 623 363 639 334 642 330 581 326 585 318 553 265 549 244 547 227 541 209 538 194 486 191 489 242 564 239 570 226 575 257 605 282 616 421 609 433 565 445 546 473 527 473 506 481 506 505 469 501 443 508 435 514 429 497 415 498 369 500 355 504 349 489 298 485 282 503 285 524 265 530 256 529 254 530 213 523 216 442 221 429 203 376 176 375 167 377 164 377 182 385 165 403 132 401 124 416 105 416 105 441 113 451 149 440 157 490 151 496 114 401 123 338 145 309 163 309 176 342 205 336 228 328 284 274 290 271 293 270 331 255 340 259 343 312 346 311 368 335 379 343 421 387 428 393 439 402 452 411 451 381 453 372 489 378 499 387 540 416 531 460 494 456 488 472 484 483 516 531 554 535 561 539 568 542 568 531 568 525 590 534 602 534 561 565 519 576 507 579 485 573 486 568 465 533 448 541 436 553 439 582 432 608 437 609 435 623 417 612 414 606 391 618 395 626 403 650 399 669 362 670 355 623 337 620 337 605 369 605 359 574 353 555 330 551 325 551 310 562 309 561 309 530 304 518 327 531 392 505 462 487 466 470 521 412 542 370 574 376 665 393 670 428 684 423 702 397 727 404 729 388 736 387 724 375 622 288 514 294 489 219 465 220 450 229 448 199 478 194 507 185 528 198 531 197 474 147 451 132 449 115 417 111 395 115 381 97 384 85 394 139 370 180 361 180 346 157 377 236 376 288 338 290 317 340 309 362 191 420 200 419 229 570 253 591 278 577 346 592 420 592 451 600 458 603 459 618 486 630 482 650 447 659 429 685 422 689 380 696 362 564 452 550 525 549 528 604 576 557 584 555 590 529 527 357 532 319 400 400
113 8 9 15 25 26 37 38 40 47 48 62 63 64 66 71 72 89 103 104 106 117 125 135 172 181 194 195 197 210 232 245 258 274 301 303 317 336 349 378 382 386 387 392 395 413 431 440 446 459 460 461 465 469 475 489 505 506 525 543 558 561 571 572 584 590 605 614 617 624 635 651 654 664 674 677 687 689 708 717 727 731 735 766 770 781 788 789 793 797 798 808 813 826 835 837 857 869 872 876 885 898 916 920 930 933 936 948 950 966 983 986 989 993
228 400 400 384 412 382 421 376 420 326 421 294 415 274 380 243 381 243 343 249 312 229 271 221 237 250 242 279 245 287 221 307 194 332 201 372 210 399 212 401 213 409 179 443 171 462 159 479 165 493 172 485 193 473 183 458 191 453 223 455 235 456 274 472 321 495 335 487 388 477 393 489 416 511 407 576 390 592 387 595 394 612 380 623 363 639 334 642 330 581 326 585 318 553 265 549 244 547 227 541 209 538 194 486 191 489 242 564 239 570 226 575 257 605 282 616 421 609 433 565 445 546 473 527 473 506 481 506 505 469 501 443 508 435 514 429 497 415 498 369 500 355 504 349 489 298 485 282 503 285 524 265 530 256 529 254 530 213 523 216 442 221 429 203 376 176 375 167 377 164 377 182 385 165 403 132 401 124 416 105 416 105 441 113 451 149 440 157 490 151 496 114 401 123 338 145 309 163 309 176 342 205 336 228 328 284 274 290 271 293 270 331 255 340 259 343 312 346 311 368 335 379 343 421 387 428 393 439 402 452 411 451 381 453 372 489 378 499 387 540 416 531 460 494 456 488 472 484 483 516 531 554 535 561 539 568 542 568 531 568 525 590 534 602 534 561 565 519 576 507 579 485 573 486 568 465 533 448 541 436 553 439 582 432 608 437 609 435 623 417 612 414 606 391 618 395 626 403 650 399 669 362 670 355 623 337 620 337 605 369 605 359 574 353 555 330 551 325 551 310 562 309 561 309 530 304 518 327 531 392 505 462 487 466 470 521 412 542 370 574 376 665 393 670 428 684 423 702 397 727 404 729 388 736 387 724 375 622 288 514 294 489 219 465 220 450 229 448 199 478 194 507 185 528 198 531 197 474 147 451 132 449 115 417 111 395 115 381 97 384 85 394 139 370 180 361 180 346 157 377 236 376 288 338 290 317 340 309 362 191 420 200 419 229 570 253 591 278 577 346 592 420 592 451 600 458 603 459 618 482 650 447 659 429 685 422 689 380 696 362 564 452 550 525 549 528 604 576 557 584 555 590 529 527 357 400 400
112 8 15 25 26 37 38 40 47 48 62 63 64 66 71 72 89 103 104 106 117 125 135 172 181 194 195 197 210 232 245 258 274 301 303 317 336 349 378 382 386 387 392 395 413 431 440 446 459 460 461 465 469 475 489 505 506 525 543 558 561 571 572 584 590 605 614 617 624 635 651 654 664 674 677 687 689 708 717 727 731 735 766 770 781 788 789 793 797 798 808 813 826 835 837 857 869 872 876 885 898 916 920 930 933 936 948 950 966 983 986 989 993
226 400 400 384 412 382 421 376 420 326 421 294 415 274 380 243 381 243 343 249 312 229 271 221 237 250 242 279 245 287 221 307 194 332 201 372 210 399 212 401 213 409 179 443 171 462 159 479 165 493 172 485 193 473 183 458 191 453 223 455 235 456 274 472 321 495 335 487 388 477 393 489 416 511 407 576 390 592 387 595 394 612 380 623 363 639 334 642 330 581 326 585 318 553 265 549 244 547 227 541 209 538 194 486 191 489 242 564 239 570 226 575 257 605 282 616 421 609 433 565 445 546 473 527 473 506 481 506 505 469 501 443 508 435 514 429 497 415 498 369 500 355 504 349 489 298 485 282 503 285 524 265 530 256 529 254 530 213 523 216 442 221 429 203 376 176 375 167 377 164 377 182 385 165 403 132 401 124 416 105 416 105 441 113 451 149 440 157 490 151 496 114 401 123 338 145 309 163 309 176 342 205 336 228 328 284 274 290 271 293 270 331 255 340 259 343 312 346 311 368 335 379 343 421 387 428 393 439 402 452 411 451 381 453 372 489 378 499 387 540 416 531 460 494 456 488 472 484 483 516 531 554 535 561 539 568 542 568 531 568 525 590 534 602 534 561 565 519 576 507 579 485 573 486 568 465 533 448 541 436 553 439 582 432 608 437 609 435 623 417 612 414 606 391 618 395 626 403 650 399 669 362 670 355 623 337 620 337 605 369 605 359 574 353 555 330 551 325 551 310 562 309 561 309 530 304 518 327 531 392 505 462 487 466 470 521 412 542 370 574 376 665 393 670 428 684 423 702 397 727 404 729 388 736 387 724 375 622 288 514 294 489 219 465 220 450 229 448 199 478 194 507 185 528 198 531 197 474 147 451 132 449 115 417 111 395 115 381 97 384 85 394 139 370 180 361 180 346 157 377 236 376 288 338 290 317 340 309 362 191 420 200 419 229 570 253 591 278 577 346 592 420 592 451 600 458 603 459 618 482 650 447 659 422 689 380 696 362 564 452 550 525 549 528 604 576 557 584 555 590 529 400 400
111 8 15 25 26 37 38 40 47 48 62 63 64 66 71 72 89 103 104 106 117 125 135 172 181 194 195 197 210 232 245 258 274 301 303 317 336 349 378 386 387 392 395 413 431 440 446 459 460 461 465 469 475 489 505 506 525 543 558 561 571 572 584 590 605 614 617 624 635 651 654 664 674 677 687 689 708 717 727 731 735 766 770 781 788 789 793 797 798 808 813 826 835 837 857 869 872 876 885 898 916 920 930 933 936 948 950 966 983 986 989 993
224 400 400 384 412 382 421 376 420 326 421 294 415 274 380 243 381 243 343 249 312 229 271 221 237 250 242 279 245 287 221 307 194 332 201 372 210 399 212 401 213 409 179 443 171 462 159 479 165 493 172 485 193 473 183 458 191 453 223 455 235 456 274 472 321 495 335 487 388 477 393 489 416 511 407 576 390 592 387 595 394 612 380 623 363 639 334 642 330 581 326 585 318 553 265 549 244 547 227 541 209 538 194 486 191 489 242 564 239 570 226 575 257 605 282 616 421 609 433 565 445 527 473 506 481 506 505 469 501 443 508 435 514 429 497 415 498 369 500 355 504 349 489 298 485 282 503 285 524 265 530 256 529 254 530 213 523 216 442 221 429 203 376 176 375 167 377 164 377 182 385 165 403 132 401 124 416 105 416 105 441 113 451 149 440 157 490 151 496 114 401 123 338 145 309 163 309 176 342 205 336 228 328 284 274 290 271 293 270 331 255 340 259 343 312 346 311 368 335 379 343 421 387 428 393 439 402 452 411 451 381 453 372 489 378 499 387 540 416 531 460 494 456 488 472 484 483 516 531 554 535 561 539 568 542 568 531 568 525 590 534 602 534 561 565 519 576 507 579 485 573 486 568 465 533 448 541 436 553 439 582 432 608 437 609 435 623 417 612 414 606 391 618 395 626 403 650 399 669 362 670 355 623 337 620 337 605 369 605 359 574 353 555 330 551 325 551 310 562 309 561 309 530 304 518 327 531 392 505 462 487 466 470 521 412 542 370 574 376 665 393 670 428 684 423 702 397 727 404 729 388 736 387 724 375 622 288 514 294 489 219 465 220 450 229 448 199 478 194 507 185 528 198 531 197 474 147 451 132 449 115 417 111 395 115 381 97 384 85 394 139 370 180 361 180 346 157 377 236 376 288 338 290 317 340 309 362 191 420 200 419 229 570 253 591 278 577 346 592 420 592 451 600 458 603 459 618 447 659 422 689 380 696 362 564 452 550 525 549 528 604 576 557 584 555 590 529 400 400
110 8 15 25 26 37 38 40 47 48 62 63 64 66 71 72 89 103 104 117 125 135 172 181 194 195 197 210 232 245 258 274 301 303 317 336 349 378 386 387 392 395 413 431 440 446 459 460 461 465 469 475 489 505 506 525 543 558 561 571 572 584 590 605 614 617 624 635 651 654 664 674 677 687 689 708 717 727 731 735 766 770 781 788 789 793 797 798 808 813 826 835 837 857 869 872 876 885 898 916 920 930 933 936 948 950 966 983 986 989 993
222 400 400 384 412 382 421 376 420 326 421 294 415 274 380 243 381 243 343 249 312 229 271 221 237 250 242 279 245 287 221 307 194 332 201 372 210 399 212 401 213 409 179 443 171 462 159 479 165 493 172 485 193 473 183 458 191 453 223 455 235 456 274 472 321 495 335 487 388 477 393 489 416 511 407 576 390 592 387 595 394 612 380 623 363 639 334 642 330 581 326 585 318 553 265 549 244 547 227 541 209 538 194 486 191 489 242 564 239 570 226 575 257 605 282 616 421 609 433 565 445 527 473 506 481 506 505 469 501 443 508 435 514 429 497 415 498 369 500 355 504 349 489 298 485 282 503 285 524 265 530 256 529 254 530 213 523 216 442 221 429 203 376 176 375 167 377 164 377 182 385 165 403 132 401 124 416 105 416 105 441 113 451 149 440 157 490 151 496 114 401 123 338 145 309 163 309 176 342 205 336 228 328 284 274 290 271 293 270 331 255 340 259 343 312 346 311 368 335 379 343 421 387 428 393 439 402 452 411 451 381 453 372 489 378 499 387 540 416 531 460 494 456 488 472 484 483 516 531 554 535 561 539 568 542 568 531 568 525 590 534 602 534 561 565 519 576 507 579 485 573 486 568 465 533 448 541 436 553 439 582 432 608 437 609 435 623 417 612 414 606 391 618 395 626 403 650 399 669 362 670 355 623 337 620 337 605 369 605 359 574 353 555 330 551 325 551 310 562 309 561 309 530 304 518 327 531 392 505 462 487 466 470 521 412 542 370 574 376 665 393 670 428 684 423 702 397 727 404 729 388 736 387 724 375 622 288 514 294 489 219 465 220 450 229 448 199 478 194 507 185 528 198 531 197 474 147 451 132 449 115 417 111 395 115 381 97 384 85 394 139 370 180 361 180 346 157 377 236 376 288 338 290 317 340 309 362 191 420 200 419 229 570 253 591 278 577 346 592 420 592 451 600 458 603 447 659 422 689 380 696 452 550 525 549 528 604 576 557 584 555 590 529 400 400
109 8 15 25 26 37 38 40 47 48 62 63 64 66 71 72 89 103 104 117 125 135 172 181 194 195 197 210 232 245 258 274 301 303 317 336 349 378 386 387 392 395 413 431 440 446 459 460 461 465 469 475 489 505 506 525 543 558 561 571 572 584 590 605 614 617 624 635 651 654 664 674 677 687 689 708 717 727 731 735 766 770 781 788 789 793 797 798 808 813 826 835 837 857 869 872 885 898 916 920 930 933 936 948 950 966 983 986 989 993
220 400 400 384 412 382 421 376 420 326 421 294 415 274 380 243 381 243 343 249 312 229 271 221 237 250 242 279 245 287 221 307 194 332 201 372 210 399 212 401 213 409 179 443 171 462 159 479 165 493 172 485 193 473 183 458 191 453 223 455 235 456 274 472 321 495 335 487 388 477 393 489 416 511 407 576 390 592 387 595 394 612 380 623 363 639 334 581 326 585 318 553 265 549 244 547 227 541 209 538 194 486 191 489 242 564 239 570 226 575 257 605 282 616 421 609 433 565 445 527 473 506 481 506 505 469 501 443 508 435 514 429 497 415 498 369 500 355 504 349 489 298 485 282 503 285 524 265 530 256 529 254 530 213 523 216 442 221 429 203 376 176 375 167 377 164 377 182 385 165 403 132 401 124 416 105 416 105 441 113 451 149 440 157 490 151 496 114 401 123 338 145 309 163 309 176 342 205 336 228 328 284 274 290 271 293 270 331 255 340 259 343 312 346 311 368 335 379 343 421 387 428 393 439 402 452 411 451 381 453 372 489 378 499 387 540 416 531 460 494 456 488 472 484 483 516 531 554 535 561 539 568 542 568 531 568 525 590 534 602 534 561 565 519 576 507 579 485 573 486 568 465 533 448 541 436 553 439 582 432 608 437 609 435 623 417 612 414 606 391 618 395 626 403 650 399 669 362 670 355 623 337 620 337 605 369 605 359 574 353 555 330 551 325 551 310 562 309 561 309 530 304 518 327 531 392 505 462 487 466 470 521 412 542 370 574 376 665 393 670 428 684 423 702 397 727 404 729 388 736 387 724 375 622 288 514 294 489 219 465 220 450 229 448 199 478 194 507 185 528 198 531 197 474 147 451 132 449 115 417 111 395 115 381 97 384 85 394 139 370 180 361 180 346 157 377 236 376 288 338 290 317 340 309 362 191 420 200 419 229 570 253 591 278 577 346 592 420 592 451 600 458 603 447 659 422 689 452 550 525 549 528 604 576 557 584 555 590 529 400 400
108 8 15 25 26 37 38 40 47 48 62 63 64 66 71 72 89 103 104 117 125 135 172 181 194 195 197 210 232 245 258 274 301 303 317 336 349 378 386 387 392 395 413 431 440 446 459 460 461 465 469 475 489 505 506 525 543 558 561 571 572 584 590 605 614 617 624 635 651 654 664 674 677 687 689 708 717 727 731 735 766 770 781 788 789 793 797 798 808 813 826 835 837 857 869 872 885 898 916 920 930 933 936 950 966 983 986 989 993
218 400 400 384 412 382 421 376 420 326 421 294 415 274 380 243 381 243 343 249 312 229 271 221 237 250 242 279 245 287 221 307 194 332 201 372 210 399 212 401 213 409 179 443 171 462 159 479 165 493 172 485 193 473 183 458 191 453 223 455 235 456 274 472 321 495 335 487 388 477 393 489 416 511 407 576 390 592 387 595 394 612 380 623 363 639 334 581 326 585 318 553 265 549 244 547 227 541 209 538 194 486 191 489 242 564 239 570 226 575 257 605 282 616 421 609 433 565 445 527 473 506 481 506 505 469 501 443 508 435 514 429 497 415 498 369 500 355 504 349 489 298 485 282 503 285 524 265 530 256 529 254 530 213 523 216 442 221 429 203 376 176 375 167 377 164 377 182 385 165 403 132 401 124 416 105 416 105 441 113 451 149 440 157 490 114 401 123 338 145 309 163 309 176 342 205 336 228 328 284 274 290 271 293 270 331 255 340 259 343 312 346 311 368 335 379 343 421 387 428 393 439 402 452 411 451 381 453 372 489 378 499 387 540 416 531 460 494 456 488 472 484 483 516 531 554 535 561 539 568 542 568 531 568 525 590 534 602 534 561 565 519 576 507 579 485 573 486 568 465 533 448 541 436 553 439 582 432 608 437 609 435 623 417 612 414 606 391 618 395 626 403 650 399 669 362 670 355 623 337 620 337 605 369 605 359 574 353 555 330 551 325 551 310 562 309 561 309 530 304 518 327 531 392 505 462 487 466 470 521 412 542 370 574 376 665 393 670 428 684 423 702 397 727 404 729 388 736 387 724 375 622 288 514 294 489 219 465 220 450 229 448 199 478 194 507 185 528 198 531 197 474 147 451 132 449 115 417 111 395 115 381 97 384 85 394 139 370 180 361 180 346 157 377 236 376 288 338 290 317 340 309 362 191 420 200 419 229 570 253 591 278 577 346 592 420 592 451 600 458 603 447 659 452 550 525 549 528 604 576 557 584 555 590 529 400 400
107 8 15 25 26 37 38 40 47 48 62 63 64 66 71 72 89 103 117 125 135 172 181 194 195 197 210 232 245 258 274 301 303 317 336 349 378 386 387 392 395 413 431 440 446 459 460 461 465 469 475 489 505 506 525 543 558 561 571 572 584 590 605 614 617 624 635 651 654 664 674 677 687 689 708 717 727 731 735 766 770 781 788 789 793 797 798 808 813 826 835 837 857 869 872 885 898 916 920 930 933 936 950 966 983 986 989 993
216 400 400 384 412 382 421 376 420 326 421 294 415 274 380 243 381 243 343 249 312 229 271 221 237 250 242 279 245 287 221 307 194 332 201 372 210 399 212 401 213 409 179 443 171 462 159 479 165 493 172 485 193 473 183 458 191 453 223 455 235 456 274 472 321 495 335 487 388 477 393 489 416 511 407 576 390 592 387 595 394 612 380 623 363 639 334 581 326 585 318 553 265 549 244 547 227 541 209 538 194 486 191 489 242 564 239 570 226 575 257 605 282 616 421 609 433 565 445 527 473 506 481 506 505 469 501 443 508 435 514 429 497 415 498 369 500 355 504 349 489 298 485 282 503 285 524 265 530 256 529 254 530 213 523 216 442 221 429 203 376 176 375 167 377 164 377 182 385 165 403 132 401 124 416 105 416 105 441 113 451 149 440 123 338 145 309 163 309 176 342 205 336 228 328 284 274 290 271 293 270 331 255 340 259 343 312 346 311 368 335 379 343 421 387 428 393 439 402 452 411 451 381 453 372 489 378 499 387 540 416 531 460 494 456 488 472 484 483 516 531 554 535 561 539 568 542 568 531 568 525 590 534 602 534 561 565 519 576 507 579 485 573 486 568 465 533 448 541 436 553 439 582 432 608 437 609 435 623 417 612 414 606 391 618 395 626 403 650 399 669 362 670 355 623 337 620 337 605 369 605 359 574 353 555 330 551 325 551 310 562 309 561 309 530 304 518 327 531 392 505 462 487 466 470 521 412 542 370 574 376 665 393 670 428 684 423 702 397 727 404 729 388 736 387 724 375 622 288 514 294 489 219 465 220 450 229 448 199 478 194 507 185 528 198 531 197 474 147 451 132 449 115 417 111 395 115 381 97 384 85 394 139 370 180 361 180 346 157 377 236 376 288 338 290 317 340 309 362 191 420 200 419 229 570 253 591 278 577 346 592 420 592 451 600 458 603 447 659 452 550 525 549 528 604 576 557 584 555 590 529 400 400
106 8 15 25 26 37 38 40 47 48 62 63 64 66 71 72 89 103 117 125 135 172 181 194 195 197 210 232 245 258 274 301 303 317 336 349 378 386 387 392 395 413 431 440 446 459 460 461 465 469 475 489 505 506 525 543 558 561 571 572 584 590 605 614 617 624 635 651 654 664 674 677 687 689 708 717 727 731 735 766 770 781 788 789 793 797 798 808 813 826 835 837 857 872 885 898 916 920 930 933 936 950 966 983 986 989 993
214 400 400 384 412 382 421 376 420 326 421 294 415 274 380 243 381 243 343 249 312 229 271 221 237 250 242 279 245 287 221 307 194 332 201 372 210 399 212 401 213 409 179 443 171 462 159 479 165 493 172 485 193 473 183 458 191 453 223 455 235 456 274 472 321 495 335 487 388 477 393 489 416 511 407 576 390 592 387 595 394 612 380 623 363 639 334 581 326 585 318 553 265 549 244 547 227 541 209 538 194 486 191 489 242 564 239 570 226 575 257 605 282 616 421 609 433 565 445 527 473 506 481 506 505 469 501 443 508 435 514 429 497 415 498 369 500 355 504 349 489 298 485 282 503 285 524 265 530 256 529 254 530 213 523 216 442 221 429 203 376 176 375 167 377 164 377 182 385 165 403 132 401 124 416 105 416 105 441 113 451 123 338 145 309 163 309 176 342 205 336 228 328 284 274 290 271 293 270 331 255 340 259 343 312 346 311 368 335 379 343 421 387 428 393 439 402 452 411 451 381 453 372 489 378 499 387 540 416 531 460 494 456 488 472 484 483 516 531 554 535 561 539 568 542 568 531 568 525 590 534 602 534 561 565 519 576 507 579 485 573 486 568 465 533 448 541 436 553 439 582 432 608 437 609 435 623 417 612 414 606 391 618 395 626 403 650 399 669 362 670 355 623 337 620 337 605 369 605 359 574 353 555 330 551 325 551 310 562 309 561 309 530 304 518 327 531 392 505 462 487 466 470 521 412 542 370 574 376 665 393 670 428 684 423 702 397 727 404 729 388 736 387 724 375 622 288 514 294 489 219 465 220 450 229 448 199 478 194 507 185 528 198 474 147 451 132 449 115 417 111 395 115 381 97 384 85 394 139 370 180 361 180 346 157 377 236 376 288 338 290 317 340 309 362 191 420 200 419 229 570 253 591 278 577 346 592 420 592 451 600 458 603 447 659 452 550 525 549 528 604 576 557 584 555 590 529 400 400
105 8 15 25 26 37 38 40 47 48 62 63 64 66 71 72 89 103 117 125 135 172 181 194 195 197 210 232 245 258 274 301 303 317 336 349 378 386 387 392 395 413 431 440 446 459 460 461 465 469 475 489 505 506 525 543 558 561 571 572 584 590 605 617 624 635 651 654 664 674 677 687 689 708 717 727 731 735 766 770 781 788 789 793 797 798 808 813 826 835 837 857 872 885 898 916 920 930 933 936 950 966 983 986 989 993
212 400 400 384 412 382 421 376 420 326 421 294 415 274 380 243 381 243 343 249 312 229 271 221 237 250 242 279 245 287 221 307 194 332 201 372 210 399 212 401 213 409 179 443 171 462 159 479 165 493 172 485 193 473 183 458 191 453 223 455 235 456 274 472 321 495 335 487 388 477 393 489 416 511 407 576 390 592 387 595 394 612 380 623 363 639 334 581 326 585 318 553 265 549 244 547 227 541 209 538 194 486 191 489 242 564 239 570 226 575 257 605 282 616 421 609 433 565 445 527 473 506 481 506 505 469 501 443 508 435 514 429 497 415 498 369 500 355 504 349 489 298 485 282 503 285 524 265 530 256 529 254 530 213 523 216 442 221 429 203 376 176 375 167 377 164 377 182 385 165 403 132 401 124 416 105 416 113 451 123 338 145 309 163 309 176 342 205 336 228 328 284 274 290 271 293 270 331 255 340 259 343 312 346 311 368 335 379 343 421 387 428 393 439 402 452 411 451 381 453 372 489 378 499 387 540 416 531 460 494 456 488 472 484 483 516 531 554 535 561 539 568 542 568 531 568 525 590 534 602 534 561 565 519 576 507 579 485 573 486 568 465 533 448 541 436 553 439 582 432 608 437 609 435 623 417 612 414 606 391 618 395 626 403 650 399 669 362 670 355 623 337 620 337 605 369 605 359 574 353 555 330 551 325 551 310 562 309 561 309 530 304 518 327 531 392 505 462 487 466 470 521 412 542 370 574 376 665 393 670 428 684 423 702 397 727 404 729 388 736 387 724 375 622 288 514 294 489 219 465 220 450 229 448 199 478 194 507 185 474 147 451 132 449 115 417 111 395 115 381 97 384 85 394 139 370 180 361 180 346 157 377 236 376 288 338 290 317 340 309 362 191 420 200 419 229 570 253 591 278 577 346 592 420 592 451 600 458 603 447 659 452 550 525 549 528 604 576 557 584 555 590 529 400 400
104 8 15 25 26 37 38 40 47 48 62 63 64 66 71 72 89 103 117 125 135 172 181 194 195 197 210 232 245 258 274 301 303 317 336 349 378 386 387 392 395 413 431 440 446 459 460 461 465 469 475 489 505 525 543 558 561 571 572 584 590 605 617 624 635 651 654 664 674 677 687 689 708 717 727 731 735 766 770 781 788 789 793 797 798 808 813 826 835 837 857 872 885 898 916 920 930 933 936 950 966 983 986 989 993
210 400 400 384 412 382 421 376 420 326 421 294 415 274 380 243 381 243 343 249 312 229 271 221 237 250 242 279 245 287 221 307 194 332 201 372 210 399 212 401 213 409 179 443 171 462 159 479 165 493 172 485 193 473 183 458 191 453 223 455 235 456 274 472 321 495 335 487 388 477 393 489 416 511 407 576 390 592 387 595 394 612 380 623 363 639 334 581 326 585 318 553 265 549 244 547 227 541 209 538 194 486 191 489 242 564 239 570 226 575 257 605 282 616 421 609 433 565 445 527 473 506 481 506 505 469 501 443 508 429 497 415 498 369 500 355 504 349 489 298 485 282 503 285 524 265 530 256 529 254 530 213 523 216 442 221 429 203 376 176 375 167 377 164 377 182 385 165 403 132 401 124 416 105 416 113 451 123 338 145 309 163 309 176 342 205 336 228 328 284 274 290 271 293 270 331 255 340 259 343 312 346 311 368 335 379 343 421 387 428 393 439 402 452 411 451 381 453 372 489 378 499 387 540 416 531 460 494 456 488 472 484 483 516 531 554 535 561 539 568 542 568 531 568 525 590 534 602 534 561 565 519 576 507 579 485 573 486 568 465 533 448 541 436 553 439 582 432 608 437 609 435 623 417 612 414 606 391 618 395 626 403 650 399 669 362 670 355 623 337 620 337 605 369 605 359 574 353 555 330 551 325 551 310 562 309 561 309 530 304 518 327 531 392 505 462 487 466 470 521 412 542 370 574 376 665 393 670 428 684 423 702 397 727 404 729 388 736 387 724 375 622 288 514 294 489 219 465 220 450 229 448 199 478 194 474 147 451 132 449 115 417 111 395 115 381 97 384 85 394 139 370 180 361 180 346 157 377 236 376 288 338 290 317 340 309 362 191 420 200 419 229 570 253 591 278 577 346 592 420 592 451 600 458 603 447 659 452 550 525 549 528 604 576 557 584 555 590 529 400 400
103 8 15 25 26 37 38 40 47 48 62 63 64 66 71 72 89 103 117 125 135 172 181 194 195 197 210 232 245 258 274 301 303 317 336 349 378 386 387 392 395 413 431 440 446 459 460 461 465 469 475 489 505 525 543 558 561 571 572 584 590 605 617 624 635 651 654 664 674 677 687 708 717 727 731 735 766 770 781 788 789 793 797 798 808 813 826 835 837 857 872 885 898 916 920 930 933 936 950 966 983 986 989 993
208 400 400 384 412 382 421 376 420 326 421 294 415 274 380 243 381 243 343 249 312 229 271 250 242 279 245 287 221 307 194 332 201 372 210 399 212 401 213 409 179 443 171 462 159 479 165 493 172 485 193 473 183 458 191 453 223 455 235 456 274 472 321 495 335 487 388 477 393 489 416 511 407 576 390 592 387 595 394 612 380 623 363 639 334 581 326 585 318 553 265 549 244 547 227 541 209 538 194 486 191 489 242 564 239 570 226 575 257 605 282 616 421 609 433 565 445 527 473 506 481 506 505 469 501 443 508 429 497 415 498 369 500 355 504 349 489 298 485 282 503 285 524 265 530 256 529 254 530 213 523 216 442 221 429 203 376 176 375 167 377 164 377 182 385 165 403 132 401 124 416 105 416 113 451 123 338 145 309 163 309 176 342 205 336 228 328 284 274 290 271 293 270 340 259 343 312 346 311 368 335 379 343 421 387 428 393 439 402 452 411 451 381 453 372 489 378 499 387 540 416 531 460 494 456 488 472 484 483 516 531 554 535 561 539 568 542 568 531 568 525 590 534 602 534 561 565 519 576 507 579 485 573 486 568 465 533 448 541 436 553 439 582 432 608 437 609 435 623 417 612 414 606 391 618 395 626 403 650 399 669 362 670 355 623 337 620 337 605 369 605 359 574 353 555 330 551 325 551 310 562 309 561 309 530 304 518 327 531 392 505 462 487 466 470 521 412 542 370 574 376 665 393 670 428 684 423 702 397 727 404 729 388 736 387 724 375 622 288 514 294 489 219 465 220 450 229 448 199 478 194 474 147 451 132 449 115 417 111 395 115 381 97 384 85 394 139 370 180 361 180 346 157 377 236 376 288 338 290 317 340 309 362 191 420 200 419 229 570 253 591 278 577 346 592 420 592 451 600 458 603 447 659 452 550 525 549 528 604 576 557 584 555 590 529 400 400
102 8 15 25 37 38 40 47 48 62 63 64 66 71 72 89 103 117 125 135 172 181 194 195 197 210 232 245 258 274 301 303 317 336 349 378 386 387 392 395 413 431 440 446 459 460 461 465 469 475 489 505 525 543 558 561 571 572 584 590 605 617 624 635 651 654 664 674 677 687 708 717 727 731 735 766 770 781 788 789 793 797 798 808 813 826 835 837 857 872 885 898 916 920 930 933 936 950 966 983 986 989 993
206 400 400 384 412 382 421 376 420 326 421 294 415 274 380 243 381 243 343 249 312 250 242 279 245 287 221 307 194 332 201 372 210 399 212 401 213 409 179 443 171 462 159 479 165 493 172 485 193 473 183 458 191 453 223 455 235 456 274 472 321 495 335 477 393 489 416 511 407 576 390 592 387 595 394 612 380 623 363 639 334 581 326 585 318 553 265 549 244 547 227 541 209 538 194 486 191 489 242 564 239 570 226 575 257 605 282 616 421 609 433 565 445 527 473 506 481 506 505 469 501 443 508 429 497 415 498 369 500 355 504 349 489 298 485 282 503 285 524 265 530 256 529 254 530 213 523 216 442 221 429 203 376 176 375 167 377 164 377 182 385 165 403 132 401 124 416 105 416 113 451 123 338 145 309 163 309 176 342 205 336 228 328 284 274 290 271 293 270 340 259 343 312 346 311 368 335 379 343 421 387 428 393 439 402 452 411 451 381 453 372 489 378 499 387 540 416 531 460 494 456 488 472 484 483 516 531 554 535 561 539 568 542 568 531 568 525 590 534 602 534 561 565 519 576 507 579 485 573 486 568 465 533 448 541 436 553 439 582 432 608 437 609 435 623 417 612 414 606 391 618 395 626 403 650 399 669 362 670 355 623 337 620 337 605 369 605 359 574 353 555 330 551 325 551 310 562 309 561 309 530 304 518 327 531 392 505 462 487 466 470 521 412 542 370 574 376 665 393 670 428 684 423 702 397 727 404 729 388 736 387 724 375 622 288 514 294 489 219 465 220 450 229 448 199 478 194 474 147 451 132 449 115 417 111 395 115 381 97 384 85 394 139 370 180 361 180 346 157 377 236 376 288 338 290 317 340 309 362 191 420 200 419 229 570 253 591 278 577 346 592 420 592 451 600 458 603 447 659 452 550 525 549 528 604 576 557 584 555 590 529 400 400
101 8 15 25 37 38 40 47 48 62 63 64 66 71 72 89 103 117 125 135 172 181 194 195 197 210 232 245 258 274 301 303 317 336 349 378 386 387 392 395 413 431 440 446 459 460 461 465 469 475 489 505 525 543 558 561 571 572 584 590 605 617 624 635 651 654 664 674 677 687 708 717 727 731 735 766 770 781 788 789 793 797 798 808 813 826 835 837 857 872 885 898 916 920 930 933 936 950 966 986 989 993
204 400 400 384 412 382 421 376 420 326 421 294 415 274 380 243 381 243 343 249 312 250 242 279 245 287 221 307 194 332 201 372 210 399 212 401 213 409 179 443 171 462 159 479 165 493 172 485 193 473 183 458 191 453 223 455 235 456 274 472 321 477 393 489 416 511 407 576 390 592 387 595 394 612 380 623 363 639 334 581 326 585 318 553 265 549 244 547 227 541 209 538 194 486 191 489 242 564 239 570 226 575 257 605 282 616 421 609 433 565 445 527 473 506 505 469 501 443 508 429 497 415 498 369 500 355 504 349 489 298 485 282 503 285 524 265 530 256 529 254 530 213 523 216 442 221 429 203 376 176 375 167 377 164 377 182 385 165 403 132 401 124 416 105 416 113 451 123 338 145 309 163 309 176 342 205 336 228 328 284 274 290 271 293 270 340 259 343 312 346 311 368 335 379 343 421 387 428 393 439 402 452 411 451 381 453 372 489 378 499 387 540 416 531 460 494 456 488 472 484 483 516 531 554 535 561 539 568 542 568 531 568 525 590 534 602 534 561 565 519 576 507 579 485 573 486 568 465 533 448 541 436 553 439 582 432 608 437 609 435 623 417 612 414 606 391 618 395 626 403 650 399 669 362 670 355 623 337 620 337 605 369 605 359 574 353 555 330 551 325 551 310 562 309 561 309 530 304 518 327 531 392 505 462 487 466 470 521 412 542 370 574 376 665 393 670 428 684 423 702 397 727 404 729 388 736 387 724 375 622 288 514 294 489 219 465 220 450 229 448 199 478 194 474 147 451 132 449 115 417 111 395 115 381 97 384 85 394 139 370 180 361 180 346 157 377 236 376 288 338 290 317 340 309 362 191 420 200 419 229 570 253 591 278 577 346 592 420 592 451 600 458 603 447 659 452 550 525 549 528 604 576 557 584 555 590 529 400 400
100 8 15 25 37 38 40 47 48 62 63 64 66 71 72 89 103 117 125 135 172 181 194 195 197 210 232 245 258 274 301 303 317 336 349 378 386 387 392 395 413 431 440 446 459 460 461 465 469 475 489 505 525 543 558 561 571 572 584 590 605 617 635 651 654 664 674 677 687 708 717 727 731 735 766 770 781 788 789 793 797 798 808 813 826 835 837 857 872 885 898 916 920 930 933 936 950 966 986 989 993
202 400 400 384 412 382 421 376 420 326 421 294 415 274 380 243 381 243 343 249 312 250 242 279 245 287 221 307 194 332 201 372 210 399 212 401 213 409 179 443 171 462 159 479 165 493 172 485 193 473 183 458 191 453 223 455 235 456 274 472 321 477 393 489 416 511 407 576 390 592 387 595 394 612 380 623 363 581 326 585 318 553 265 549 244 547 227 541 209 538 194 486 191 489 242 564 239 570 226 575 257 605 282 616 421 609 433 565 445 527 473 506 505 469 501 443 508 429 497 415 498 369 500 355 504 349 489 298 485 282 503 285 524 265 530 256 529 254 530 213 523 216 442 221 429 203 376 176 375 167 377 164 377 182 385 165 403 132 401 124 416 105 416 113 451 123 338 145 309 163 309 176 342 205 336 228 328 284 274 290 271 293 270 340 259 346 311 368 335 379 343 421 387 428 393 439 402 452 411 451 381 453 372 489 378 499 387 540 416 531 460 494 456 488 472 484 483 516 531 554 535 561 539 568 542 568 531 568 525 590 534 602 534 561 565 519 576 507 579 485 573 486 568 465 533 448 541 436 553 439 582 432 608 437 609 435 623 417 612 414 606 391 618 395 626 403 650 399 669 362 670 355 623 337 620 337 605 369 605 359 574 353 555 330 551 325 551 310 562 309 561 309 530 304 518 327 531 392 505 462 487 466 470 521 412 542 370 574 376 665 393 670 428 684 423 702 397 727 404 729 388 736 387 724 375 622 288 514 294 489 219 465 220 450 229 448 199 478 194 474 147 451 132 449 115 417 111 395 115 381 97 384 85 394 139 370 180 361 180 346 157 377 236 376 288 338 290 317 340 309 362 191 420 200 419 229 570 253 591 278 577 346 592 420 592 451 600 458 603 447 659 452 550 525 549 528 604 576 557 584 555 590 529 400 400
99 8 15 25 37 38 40 47 48 62 63 64 66 71 72 103 117 125 135 172 181 194 195 197 210 232 245 258 274 301 303 317 336 349 378 386 387 392 395 413 431 440 446 459 460 461 465 469 475 489 505 525 543 558 561 571 572 584 590 605 617 635 651 654 664 674 677 687 708 717 727 731 735 766 770 781 788 789 793 797 798 808 813 826 835 837 857 872 885 898 916 920 930 933 936 950 966 986 989 993
200 400 400 384 412 382 421 376 420 326 421 294 415 274 380 243 381 243 343 249 312 250 242 279 245 287 221 307 194 332 201 372 210 399 212 401 213 409 179 443 171 462 159 479 165 493 172 485 193 473 183 458 191 453 223 455 235 456 274 472 321 477 393 489 416 511 407 576 390 592 387 595 394 612 380 581 326 585 318 553 265 549 244 547 227 541 209 538 194 486 191 489 242 564 239 570 226 575 257 605 282 616 421 609 433 565 445 527 473 506 505 469 501 443 508 429 497 415 498 369 500 355 504 349 489 298 485 282 503 285 524 265 530 256 529 254 530 213 523 216 442 221 429 203 376 176 375 167 377 164 377 182 385 165 403 132 401 124 416 105 416 113 451 123 338 145 309 163 309 176 342 205 336 228 328 284 274 290 271 293 270 340 259 346 311 368 335 379 343 421 387 428 393 439 402 452 411 451 381 453 372 489 378 499 387 540 416 531 460 494 456 488 472 484 483 516 531 554 535 561 539 568 542 568 531 568 525 590 534 602 534 561 565 519 576 507 579 485 573 486 568 465 533 448 541 436 553 439 582 432 608 437 609 435 623 417 612 414 606 391 618 395 626 403 650 399 669 362 670 355 623 337 620 337 605 369 605 359 574 353 555 330 551 325 551 310 562 309 561 309 530 304 518 327 531 392 505 462 487 466 470 521 412 542 370 574 376 665 393 670 428 684 423 702 397 727 404 729 388 736 387 724 375 622 288 514 294 489 219 465 220 450 229 448 199 478 194 474 147 451 132 449 115 417 111 395 115 381 97 384 85 370 180 361 180 346 157 377 236 376 288 338 290 317 340 309 362 191 420 200 419 229 570 253 591 278 577 346 592 420 592 451 600 458 603 447 659 452 550 525 549 528 604 576 557 584 555 590 529 400 400
98 8 15 25 37 38 40 47 48 62 63 64 66 71 72 103 117 125 135 172 181 194 195 197 210 232 245 258 274 301 303 317 336 349 378 386 387 392 395 431 440 446 459 460 461 465 469 475 489 505 525 543 558 561 571 572 584 590 605 617 635 651 654 664 674 677 687 708 717 727 731 735 766 770 781 788 789 793 797 798 808 813 826 835 837 857 872 885 898 916 920 930 933 936 950 966 986 989 993
198 400 400 384 412 382 421 376 420 326 421 294 415 274 380 243 381 243 343 249 312 250 242 279 245 287 221 307 194 332 201 372 210 399 212 401 213 409 179 443 171 462 159 479 165 493 172 485 193 473 183 458 191 453 223 455 235 456 274 472 321 477 393 489 416 511 407 576 390 592 387 595 394 581 326 585 318 553 265 549 244 547 227 541 209 538 194 486 191 489 242 564 239 570 226 575 257 605 282 616 421 609 433 565 445 527 473 506 505 469 501 443 508 429 497 415 498 369 500 355 504 349 489 298 485 282 503 285 524 265 530 256 529 254 530 213 523 216 442 221 429 203 376 176 375 167 377 164 377 182 385 165 403 132 401 124 416 105 416 113 451 123 338 145 309 163 309 176 342 205 336 228 328 284 274 290 271 293 270 340 259 346 311 368 335 379 343 421 387 428 393 439 402 452 411 451 381 453 372 489 378 499 387 540 416 531 460 494 456 488 472 484 483 516 531 554 535 561 539 568 542 568 531 568 525 590 534 602 534 561 565 519 576 507 579 485 573 486 568 465 533 448 541 436 553 439 582 432 608 437 609 435 623 417 612 414 606 391 618 395 626 403 650 399 669 362 670 355 623 337 620 337 605 369 605 359 574 353 555 325 551 310 562 309 561 309 530 304 518 327 531 392 505 462 487 466 470 521 412 542 370 574 376 665 393 670 428 684 423 702 397 727 404 729 388 736 387 724 375 622 288 514 294 489 219 465 220 450 229 448 199 478 194 474 147 451 132 449 115 417 111 395 115 381 97 384 85 370 180 361 180 346 157 377 236 376 288 338 290 317 340 309 362 191 420 200 419 229 570 253 591 278 577 346 592 420 592 451 600 458 603 447 659 452 550 525 549 528 604 576 557 584 555 590 529 400 400
97 8 15 25 37 38 40 47 48 62 63 64 66 71 72 103 125 135 172 181 194 195 197 210 232 245 258 274 301 303 317 336 349 378 386 387 392 395 431 440 446 459 460 461 465 469 475 489 505 525 543 558 561 571 572 584 590 605 617 635 651 654 664 674 677 687 708 717 727 731 735 766 770 781 788 789 793 797 798 808 813 826 835 837 857 872 885 898 916 920 930 933 936 950 966 986 989 993
196 400 400 384 412 382 421 376 420 326 421 294 415 274 380 243 381 243 343 249 312 250 242 279 245 287 221 307 194 332 201 372 210 399 212 401 213 409 179 443 171 462 159 479 165 493 172 485 193 473 183 458 191 453 223 455 235 456 274 472 321 477 393 489 416 511 407 576 390 592 387 595 394 581 326 585 318 553 265 549 244 547 227 541 209 538 194 486 191 489 242 564 239 570 226 575 257 605 282 616 421 609 433 565 445 527 473 506 505 469 501 443 508 429 497 415 498 369 500 355 504 349 489 298 485 282 503 285 524 265 530 256 529 254 530 213 523 216 442 221 429 203 376 176 375 167 377 164 377 182 385 165 403 132 401 124 416 105 416 113 451 123 338 145 309 163 309 176 342 205 336 228 328 284 274 290 271 293 270 340 259 346 311 368 335 379 343 421 387 428 393 439 402 452 411 451 381 453 372 489 378 499 387 540 416 531 460 494 456 488 472 484 483 516 531 554 535 561 539 568 542 568 531 568 525 590 534 602 534 561 565 519 576 507 579 485 573 486 568 465 533 448 541 436 553 439 582 432 608 437 609 435 623 417 612 414 606 391 618 395 626 403 650 399 669 362 670 355 623 337 620 337 605 369 605 359 574 353 555 325 551 310 562 309 561 309 530 327 531 392 505 466 470 521 412 542 370 574 376 665 393 670 428 684 423 702 397 727 404 729 388 736 387 724 375 622 288 514 294 489 219 465 220 450 229 448 199 478 194 474 147 451 132 449 115 417 111 395 115 381 97 384 85 370 180 361 180 346 157 377 236 376 288 338 290 317 340 309 362 191 420 200 419 229 570 253 591 278 577 346 592 420 592 451 600 458 603 447 659 452 550 525 549 528 604 576 557 584 555 590 529 400 400
96 8 25 37 38 40 47 48 62 63 64 66 71 72 103 125 135 172 181 194 195 197 210 232 245 258 274 301 303 317 336 349 378 386 387 392 395 431 440 446 459 460 461 465 469 475 489 505 525 543 558 561 571 572 584 590 605 617 635 651 654 664 674 677 687 708 717 727 731 735 766 770 781 788 789 793 797 798 808 813 826 835 837 857 872 885 898 916 920 930 933 936 950 966 986 989 993
194 400 400 384 412 382 421 376 420 326 421 294 415 274 380 243 381 243 343 249 312 250 242 279 245 287 221 307 194 332 201 372 210 399 212 401 213 409 179 443 171 462 159 479 165 493 172 485 193 473 183 458 191 453 223 455 235 456 274 472 321 477 393 489 416 511 407 576 390 592 387 595 394 581 326 585 318 553 265 549 244 547 227 541 209 538 194 486 191 489 242 564 239 570 226 575 257 605 282 616 421 609 433 565 445 527 473 506 505 469 501 443 508 429 497 415 498 369 500 355 504 349 489 298 485 282 503 285 524 265 530 256 529 254 530 213 523 216 442 221 429 203 376 176 375 167 377 164 377 165 403 132 401 124 416 105 416 113 451 123 338 145 309 163 309 176 342 205 336 228 328 284 274 290 271 293 270 340 259 346 311 368 335 379 343 421 387 428 393 439 402 452 411 451 381 453 372 499 387 540 416 531 460 494 456 488 472 484 483 516 531 554 535 561 539 568 542 568 531 568 525 590 534 602 534 561 565 519 576 507 579 485 573 486 568 465 533 448 541 436 553 439 582 432 608 437 609 435 623 417 612 414 606 391 618 395 626 403 650 399 669 362 670 355 623 337 620 337 605 369 605 359 574 353 555 325 551 310 562 309 561 309 530 327 531 392 505 466 470 521 412 542 370 574 376 665 393 670 428 684 423 702 397 727 404 729 388 736 387 724 375 622 288 514 294 489 219 465 220 450 229 448 199 478 194 474 147 451 132 449 115 417 111 395 115 381 97 384 85 370 180 361 180 346 157 377 236 376 288 338 290 317 340 309 362 191 420 200 419 229 570 253 591 278 577 346 592 420 592 451 600 458 603 447 659 452 550 525 549 528 604 576 557 584 555 590 529 400 400
95 8 25 37 38 40 47 48 62 63 64 66 71 72 103 125 135 172 181 194 195 197 210 232 245 258 274 301 303 317 336 349 378 386 387 392 395 431 440 446 459 460 461 465 469 475 489 505 525 543 558 561 571 572 584 590 605 617 635 651 654 664 674 677 687 708 717 727 731 735 766 770 781 788 789 793 797 798 808 813 826 835 837 857 872 885 898 916 920 930 933 950 966 986 989 993
192 400 400 384 412 382 421 376 420 326 421 294 415 274 380 243 381 243 343 249 312 250 242 279 245 287 221 307 194 332 201 372 210 399 212 401 213 409 179 443 171 462 159 479 165 493 172 485 193 473 183 458 191 453 223 455 235 456 274 472 321 477 393 489 416 511 407 576 390 592 387 595 394 581 326 585 318 553 265 549 244 547 227 541 209 538 194 486 191 489 242 564 239 570 226 575 257 605 282 609 433 565 445 527 473 506 505 469 501 443 508 429 497 415 498 369 500 355 504 349 489 298 485 282 503 285 524 265 530 256 529 254 530 213 523 216 442 221 429 203 376 176 375 167 377 164 377 165 403 132 401 124 416 113 451 123 338 145 309 163 309 176 342 205 336 228 328 284 274 290 271 293 270 340 259 346 311 368 335 379 343 421 387 428 393 439 402 452 411 451 381 453 372 499 387 540 416 531 460 494 456 488 472 484 483 516 531 554 535 561 539 568 542 568 531 568 525 590 534 602 534 561 565 519 576 507 579 485 573 486 568 465 533 448 541 436 553 439 582 432 608 437 609 435 623 417 612 414 606 391 618 395 626 403 650 399 669 362 670 355 623 337 620 337 605 369 605 359 574 353 555 325 551 310 562 309 561 309 530 327 531 392 505 466 470 521 412 542 370 574 376 665 393 670 428 684 423 702 397 727 404 729 388 736 387 724 375 622 288 514 294 489 219 465 220 450 229 448 199 478 194 474 147 451 132 449 115 417 111 395 115 381 97 384 85 370 180 361 180 346 157 377 236 376 288 338 290 317 340 309 362 191 420 200 419 229 570 253 591 278 577 346 592 420 592 451 600 458 603 447 659 452 550 525 549 528 604 576 557 584 555 590 529 400 400
94 8 25 37 38 40 47 48 62 63 64 66 71 72 103 125 135 172 181 194 195 197 210 232 245 258 274 301 303 317 336 349 378 386 387 392 395 431 440 446 459 460 461 465 469 475 489 505 525 543 558 561 571 572 584 590 605 617 635 651 654 664 674 677 687 708 717 727 731 735 766 770 781 788 789 793 797 798 808 813 826 835 837 857 872 885 898 916 920 933 950 966 986 989 993
190 400 400 384 412 382 421 376 420 326 421 294 415 274 380 243 381 243 343 249 312 250 242 279 245 287 221 307 194 332 201 372 210 399 212 401 213 409 179 443 171 462 159 479 165 493 172 485 193 473 183 458 191 453 223 455 235 456 274 472 321 477 393 489 416 511 407 576 390 592 387 595 394 581 326 585 318 553 265 549 244 547 227 541 209 538 194 486 191 489 242 564 239 570 226 575 257 605 282 609 433 565 445 527 473 506 505 469 501 443 508 429 497 415 498 369 500 355 504 349 489 298 485 282 503 285 524 265 530 256 529 254 530 213 523 216 442 221 429 203 376 176 375 167 377 164 377 165 403 132 401 124 416 113 451 123 338 145 309 163 309 176 342 205 336 228 328 284 274 290 271 293 270 346 311 368 335 379 343 421 387 428 393 439 402 452 411 451 381 453 372 499 387 540 416 531 460 494 456 488 472 484 483 516 531 554 535 561 539 568 542 568 531 568 525 590 534 602 534 561 565 519 576 507 579 485 573 486 568 465 533 448 541 436 553 439 582 432 608 437 609 435 623 417 612 414 606 395 626 403 650 399 669 362 670 355 623 337 620 337 605 369 605 359 574 353 555 325 551 310 562 309 561 309 530 327 531 392 505 466 470 521 412 542 370 574 376 665 393 670 428 684 423 702 397 727 404 729 388 736 387 724 375 622 288 514 294 489 219 465 220 450 229 448 199 478 194 474 147 451 132 449 115 417 111 395 115 381 97 384 85 370 180 361 180 346 157 377 236 376 288 338 290 317 340 309 362 191 420 200 419 229 570 253 591 278 577 346 592 420 592 451 600 458 603 447 659 452 550 525 549 528 604 576 557 584 555 590 529 400 400
93 8 25 37 38 40 47 48 62 63 64 66 71 72 103 125 135 172 181 194 195 197 232 245 258 274 301 303 317 336 349 378 386 387 392 395 431 440 446 459 460 461 465 469 475 489 505 525 543 558 561 571 572 584 590 605 617 635 651 654 664 674 677 687 708 717 727 731 735 766 770 781 788 789 793 797 798 808 813 826 835 837 857 872 885 898 916 920 933 950 966 986 989 993
188 400 400 384 412 382 421 376 420 326 421 294 415 274 380 243 381 243 343 249 312 250 242 279 245 287 221 307 194 332 201 372 210 399 212 401 213 409 179 443 171 462 159 479 165 493 172 485 193 473 183 458 191 453 223 455 235 456 274 472 321 477 393 489 416 511 407 576 390 592 387 595 394 581 326 585 318 553 265 549 244 547 227 541 209 538 194 486 191 489 242 564 239 570 226 575 257 605 282 609 433 565 445 527 473 506 505 469 501 443 508 429 497 415 498 369 500 355 504 349 489 298 485 282 503 285 524 265 530 256 529 254 530 213 523 216 442 221 429 203 376 176 375 167 377 164 377 165 403 132 401 124 416 113 451 123 338 145 309 163 309 176 342 205 336 228 328 284 274 290 271 293 270 346 311 368 335 379 343 421 387 428 393 439 402 452 411 451 381 453 372 499 387 540 416 531 460 494 456 488 472 484 483 516 531 554 535 561 539 568 542 568 531 590 534 602 534 561 565 519 576 507 579 485 573 486 568 465 533 448 541 436 553 439 582 432 608 437 609 435 623 417 612 414 606 395 626 403 650 399 669 362 670 355 623 337 620 337 605 369 605 359 574 353 555 325 551 310 562 309 561 309 530 327 531 392 505 466 470 521 412 542 370 574 376 665 393 670 428 684 423 702 397 727 404 729 388 736 387 724 375 622 288 514 294 489 219 465 220 448 199 478 194 474 147 451 132 449 115 417 111 395 115 381 97 384 85 370 180 361 180 346 157 377 236 376 288 338 290 317 340 309 362 191 420 200 419 229 570 253 591 278 577 346 592 420 592 451 600 458 603 447 659 452 550 525 549 528 604 576 557 584 555 590 529 400 400
92 8 25 37 38 40 47 48 62 63 66 71 72 103 125 135 172 181 194 195 197 232 245 258 274 301 303 317 336 349 378 386 387 392 395 431 440 446 459 460 461 465 469 475 489 505 525 543 558 561 571 572 584 590 605 617 635 651 654 664 674 677 687 708 717 727 731 735 766 770 781 788 789 793 797 798 808 813 826 835 837 857 872 885 898 916 920 933 950 966 986 989 993
186 400 400 384 412 382 421 376 420 326 421 294 415 274 380 243 381 243 343 249 312 250 242 279 245 287 221 307 194 332 201 372 210 399 212 401 213 409 179 443 171 462 159 479 165 493 172 485 193 473 183 458 191 453 223 455 235 456 274 472 321 477 393 489 416 511 407 576 390 592 387 595 394 581 326 585 318 553 265 549 244 547 227 541 209 538 194 486 191 489 242 564 239 570 226 575 257 605 282 609 433 565 445 527 473 506 505 469 501 443 508 429 497 415 498 369 500 355 504 349 489 298 485 282 503 285 524 256 529 254 530 213 523 216 442 221 429 203 376 176 375 167 377 164 377 165 403 132 401 124 416 113 451 123 338 145 309 163 309 176 342 205 336 228 328 284 274 290 271 293 270 346 311 368 335 379 343 421 387 428 393 439 402 452 411 451 381 453 372 499 387 540 416 531 460 494 456 488 472 484 483 516 531 554 535 561 539 568 542 568 531 590 534 602 534 561 565 519 576 507 579 485 573 486 568 465 533 448 541 436 553 439 582 432 608 437 609 435 623 417 612 414 606 395 626 403 650 399 669 362 670 355 623 337 620 337 605 369 605 359 574 353 555 325 551 310 562 309 561 309 530 327 531 392 505 466 470 521 412 542 370 574 376 665 393 670 428 684 423 702 397 727 404 729 388 736 387 724 375 622 288 514 294 489 219 465 220 478 194 474 147 451 132 449 115 417 111 395 115 381 97 384 85 370 180 361 180 346 157 377 236 376 288 338 290 317 340 309 362 191 420 200 419 229 570 253 591 278 577 346 592 420 592 451 600 458 603 447 659 452 550 525 549 528 604 576 557 584 555 590 529 400 400
91 8 25 37 38 40 47 48 62 63 66 71 72 103 125 135 172 181 194 195 197 232 245 258 274 301 303 317 336 349 378 386 387 392 395 431 440 446 459 460 461 465 469 475 489 505 525 543 558 561 571 572 584 590 605 617 635 651 654 664 674 677 687 708 717 727 731 735 766 770 781 788 789 793 797 798 808 813 826 835 837 857 885 898 916 920 933 950 966 986 989 993
184 400 400 384 412 382 421 376 420 326 421 294 415 274 380 243 381 243 343 249 312 250 242 279 245 287 221 307 194 332 201 372 210 399 212 401 213 409 179 443 171 462 159 479 165 493 172 485 193 473 183 458 191 453 223 455 235 456 274 472 321 477 393 489 416 511 407 576 390 592 387 595 394 581 326 585 318 553 265 549 244 547 227 541 209 538 194 486 191 489 242 564 239 570 226 575 257 605 282 609 433 565 445 527 473 506 505 469 501 443 508 429 497 415 498 369 500 355 504 349 489 298 485 282 503 285 524 256 529 254 530 213 523 216 442 221 429 203 376 176 375 167 377 164 377 165 403 132 401 124 416 113 451 123 338 145 309 163 309 176 342 205 336 228 328 284 274 290 271 293 270 346 311 368 335 379 343 421 387 428 393 439 402 452 411 451 381 453 372 499 387 540 416 531 460 494 456 488 472 484 483 516 531 554 535 561 539 568 542 568 531 602 534 561 565 519 576 507 579 485 573 486 568 465 533 448 541 436 553 439 582 432 608 437 609 435 623 417 612 414 606 395 626 403 650 399 669 362 670 355 623 337 620 337 605 369 605 359 574 353 555 325 551 310 562 309 561 309 530 327 531 392 505 466 470 521 412 542 370 574 376 665 393 670 428 684 423 702 397 727 404 729 388 736 387 724 375 622 288 514 294 489 219 478 194 474 147 451 132 449 115 417 111 395 115 381 97 384 85 370 180 361 180 346 157 377 236 376 288 338 290 317 340 309 362 191 420 200 419 229 570 253 591 278 577 346 592 420 592 451 600 458 603 447 659 452 550 525 549 528 604 576 557 584 555 590 529 400 400
90 8 25 37 38 40 47 48 62 63 66 71 72 103 125 135 172 181 194 195 197 232 245 258 274 301 303 317 336 349 378 386 387 392 395 431 440 446 459 460 461 465 469 475 489 505 525 543 558 561 571 572 584 590 605 617 635 651 654 664 674 677 687 708 717 727 731 735 766 770 781 788 789 793 797 798 808 813 835 837 857 885 898 916 920 933 950 966 986 989 993
182 400 400 384 412 382 421 376 420 326 421 294 415 274 380 243 381 243 343 249 312 250 242 279 245 287 221 307 194 332 201 372 210 399 212 401 213 409 179 443 171 462 159 479 165 493 172 485 193 473 183 458 191 453 223 455 235 456 274 472 321 477 393 489 416 511 407 576 390 592 387 595 394 581 326 585 318 553 265 549 244 547 227 541 209 538 194 486 191 489 242 564 239 570 226 575 257 605 282 609 433 565 445 527 473 506 505 469 501 443 508 429 497 415 498 369 500 355 504 349 489 298 485 282 503 285 524 256 529 254 530 213 523 216 442 221 429 203 376 176 375 167 377 164 377 165 403 132 401 124 416 113 451 123 338 145 309 163 309 176 342 205 336 228 328 284 274 290 271 293 270 346 311 368 335 379 343 421 387 428 393 439 402 452 411 451 381 453 372 499 387 540 416 531 460 494 456 488 472 484 483 516 531 554 535 561 539 568 542 568 531 602 534 561 565 519 576 507 579 485 573 486 568 465 533 448 541 436 553 439 582 432 608 437 609 435 623 417 612 414 606 403 650 399 669 362 670 355 623 337 620 337 605 369 605 359 574 353 555 325 551 310 562 309 561 309 530 327 531 392 505 466 470 521 412 542 370 574 376 665 393 670 428 684 423 702 397 727 404 729 388 736 387 724 375 622 288 489 219 478 194 474 147 451 132 449 115 417 111 395 115 381 97 384 85 370 180 361 180 346 157 377 236 376 288 338 290 317 340 309 362 191 420 200 419 229 570 253 591 278 577 346 592 420 592 451 600 458 603 447 659 452 550 525 549 528 604 576 557 584 555 590 529 400 400
89 8 25 37 38 40 47 48 62 63 66 71 72 103 125 135 172 181 194 195 197 232 245 258 274 301 303 317 336 349 378 386 387 392 395 431 440 446 459 460 461 465 469 475 489 525 543 558 561 571 572 584 590 605 617 635 651 654 664 674 677 687 708 717 727 731 735 766 770 781 788 789 793 797 798 808 813 835 837 857 885 898 916 920 933 950 966 986 989 993
180 400 400 384 412 382 421 376 420 326 421 294 415 274 380 243 381 243 343 249 312 250 242 279 245 287 221 307 194 332 201 372 210 399 212 401 213 409 179 443 171 462 159 479 165 493 172 485 193 473 183 458 191 453 223 455 235 456 274 472 321 477 393 489 416 511 407 576 390 592 387 595 394 581 326 585 318 553 265 549 244 547 227 541 209 538 194 486 191 489 242 564 239 570 226 575 257 605 282 609 433 565 445 527 473 506 505 469 501 443 508 429 497 415 498 369 500 355 504 349 489 298 485 282 503 285 524 256 529 254 530 213 523 216 442 221 429 203 376 176 375 167 377 164 377 165 403 132 401 124 416 113 451 123 338 145 309 163 309 176 342 205 336 228 328 284 274 290 271 293 270 346 311 368 335 379 343 421 387 428 393 439 402 452 411 451 381 453 372 499 387 540 416 531 460 494 456 488 472 484 483 516 531 554 535 561 539 568 542 568 531 602 534 561 565 519 576 507 579 485 573 486 568 465 533 448 541 436 553 439 582 432 608 437 609 435 623 417 612 414 606 403 650 399 669 362 670 355 623 337 620 337 605 369 605 359 574 353 555 325 551 310 562 309 561 309 530 327 531 392 505 466 470 521 412 542 370 574 376 665 393 670 428 684 423 702 397 727 404 729 388 736 387 724 375 622 288 489 219 478 194 474 147 451 132 449 115 417 111 395 115 381 97 384 85 370 180 361 180 346 157 377 236 376 288 338 290 317 340 309 362 191 420 200 419 229 570 253 591 346 592 451 600 458 603 447 659 452 550 525 549 528 604 576 557 584 555 590 529 400 400
88 8 25 37 38 40 47 48 62 63 66 71 72 103 125 135 172 181 194 195 197 232 245 258 274 301 303 317 336 349 378 386 387 392 395 440 446 459 460 461 465 469 475 489 525 543 558 561 571 572 584 590 605 617 635 651 654 664 674 677 687 708 717 727 731 735 766 770 781 788 789 793 797 798 808 813 835 837 857 885 898 916 920 933 950 966 986 989 993
178 400 400 384 412 382 421 376 420 326 421 294 415 274 380 243 381 243 343 249 312 250 242 279 245 287 221 307 194 332 201 372 210 399 212 401 213 409 179 443 171 462 159 479 165 493 172 485 193 473 183 458 191 453 223 455 235 456 274 472 321 477 393 489 416 511 407 576 390 592 387 595 394 585 318 553 265 549 244 547 227 541 209 538 194 486 191 489 242 564 239 570 226 575 257 605 282 609 433 565 445 527 473 506 505 469 501 443 508 429 497 415 498 369 500 355 504 349 489 298 485 282 503 285 524 256 529 254 530 213 523 216 442 221 429 203 376 176 375 167 377 164 377 165 403 132 401 124 416 113 451 123 338 145 309 163 309 176 342 205 336 228 328 284 274 290 271 293 270 346 311 368 335 379 343 421 387 428 393 439 402 451 381 453 372 499 387 540 416 531 460 494 456 488 472 484 483 516 531 554 535 561 539 568 542 568 531 602 534 561 565 519 576 507 579 485 573 486 568 465 533 448 541 436 553 439 582 432 608 437 609 435 623 417 612 414 606 403 650 399 669 362 670 355 623 337 620 337 605 369 605 359 574 353 555 325 551 310 562 309 561 309 530 327 531 392 505 466 470 521 412 542 370 574 376 665 393 670 428 684 423 702 397 727 404 729 388 736 387 724 375 622 288 489 219 478 194 474 147 451 132 449 115 417 111 395 115 381 97 384 85 370 180 361 180 346 157 377 236 376 288 338 290 317 340 309 362 191 420 200 419 229 570 253 591 346 592 451 600 458 603 447 659 452 550 525 549 528 604 576 557 584 555 590 529 400 400
87 8 25 37 38 40 47 48 62 63 66 71 72 103 125 135 172 181 194 195 197 232 245 258 274 301 303 317 336 349 378 386 392 395 440 446 459 460 461 465 469 475 489 525 543 558 561 571 572 584 590 605 617 635 651 654 664 674 677 687 708 717 727 731 735 766 770 781 788 789 793 797 798 808 813 835 837 857 885 898 916 920 933 950 966 986 989 993
176 400 400 384 412 382 421 376 420 326 421 294 415 274 380 243 381 243 343 249 312 250 242 279 245 287 221 307 194 332 201 372 210 399 212 401 213 409 179 443 171 462 159 479 165 493 172 473 183 458 191 453 223 455 235 456 274 472 321 477 393 489 416 511 407 576 390 592 387 595 394 585 318 553 265 549 244 547 227 541 209 538 194 486 191 489 242 564 239 570 226 575 257 605 282 609 433 565 445 527 473 506 505 469 501 443 508 429 497 415 498 369 500 349 489 298 485 282 503 285 524 256 529 254 530 213 523 216 442 221 429 203 376 176 375 167 377 164 377 165 403 132 401 124 416 113 451 123 338 145 309 163 309 176 342 205 336 228 328 284 274 290 271 293 270 346 311 368 335 379 343 421 387 428 393 439 402 451 381 453 372 499 387 540 416 531 460 494 456 488 472 484 483 516 531 554 535 561 539 568 542 568 531 602 534 561 565 519 576 507 579 485 573 486 568 465 533 448 541 436 553 439 582 432 608 437 609 435 623 417 612 414 606 403 650 399 669 362 670 355 623 337 620 337 605 369 605 359 574 353 555 325 551 310 562 309 561 309 530 327 531 392 505 466 470 521 412 542 370 574 376 665 393 670 428 684 423 702 397 727 404 729 388 736 387 724 375 622 288 489 219 478 194 474 147 451 132 449 115 417 111 395 115 381 97 384 85 370 180 361 180 346 157 377 236 376 288 338 290 317 340 309 362 191 420 200 419 229 570 253 591 346 592 451 600 458 603 447 659 452 550 525 549 528 604 576 557 584 555 590 529 400 400
86 8 25 37 38 40 47 48 62 63 66 71 72 103 135 172 181 194 195 197 232 245 258 274 301 303 317 336 349 378 386 392 395 440 446 459 460 461 465 469 475 489 525 543 558 561 571 572 584 590 605 617 635 651 654 664 674 677 687 708 717 727 731 735 766 770 781 788 789 793 797 798 808 813 835 837 857 885 898 916 920 933 950 966 986 989 993
174 400 400 384 412 382 421 376 420 326 421 294 415 274 380 243 381 243 343 249 312 250 242 279 245 287 221 307 194 332 201 372 210 399 212 401 213 409 179 443 171 462 159 479 165 473 183 458 191 453 223 455 235 456 274 472 321 477 393 489 416 511 407 576 390 592 387 595 394 585 318 553 265 549 244 547 227 541 209 538 194 486 191 489 242 564 239 570 226 575 257 605 282 609 433 565 445 527 473 506 505 469 501 443 508 429 497 415 498 369 500 349 489 298 485 282 503 285 524 256 529 254 530 213 523 216 442 221 429 203 376 176 375 167 377 164 377 165 403 132 401 124 416 113 451 123 338 145 309 163 309 176 342 205 336 228 328 284 274 290 271 293 270 346 311 368 335 379 343 421 387 428 393 439 402 451 381 453 372 499 387 540 416 531 460 494 456 488 472 484 483 516 531 554 535 561 539 568 542 568 531 602 534 561 565 519 576 507 579 485 573 486 568 465 533 448 541 436 553 439 582 432 608 437 609 435 623 417 612 414 606 403 650 399 669 362 670 355 623 337 620 337 605 369 605 359 574 353 555 325 551 310 562 309 561 309 530 327 531 392 505 466 470 521 412 542 370 574 376 665 393 670 428 684 423 702 397 727 404 729 388 736 387 724 375 622 288 489 219 478 194 474 147 451 132 449 115 417 111 395 115 381 97 384 85 370 180 346 157 377 236 376 288 338 290 317 340 309 362 191 420 200 419 229 570 253 591 346 592 451 600 458 603 447 659 452 550 525 549 528 604 576 557 584 555 590 529 400 400
85 8 25 37 38 40 47 48 62 63 66 71 72 103 135 172 181 194 195 197 232 245 258 274 301 303 317 336 349 378 386 392 395 440 446 459 460 461 465 469 475 489 525 543 558 561 571 572 584 590 605 617 635 651 654 664 674 677 687 708 717 727 731 735 766 770 781 788 789 797 798 808 813 835 837 857 885 898 916 920 933 950 966 986 989 993
172 400 400 384 412 382 421 376 420 326 421 294 415 274 380 243 381 243 343 249 312 250 242 279 245 287 221 307 194 332 201 372 210 399 212 401 213 409 179 443 171 462 159 479 165 473 183 458 191 453 223 455 235 456 274 472 321 477 393 489 416 511 407 576 390 592 387 595 394 585 318 553 265 549 244 547 227 541 209 538 194 486 191 489 242 564 239 570 226 575 257 605 282 609 433 565 445 527 473 506 505 469 501 443 508 429 497 415 498 369 500 349 489 298 485 282 503 285 524 256 529 254 530 213 523 216 442 221 429 203 376 176 375 167 377 164 377 165 403 132 401 124 416 113 451 123 338 145 309 163 309 176 342 205 336 228 328 284 274 290 271 293 270 346 311 368 335 379 343 421 387 428 393 439 402 451 381 453 372 499 387 540 416 531 460 494 456 488 472 484 483 516 531 554 535 561 539 568 542 568 531 602 534 561 565 519 576 507 579 485 573 486 568 465 533 448 541 436 553 439 582 432 608 437 609 435 623 417 612 414 606 403 650 399 669 362 670 355 623 337 620 337 605 369 605 359 574 353 555 325 551 310 562 309 561 309 530 327 531 392 505 466 470 521 412 542 370 574 376 665 393 670 428 684 423 727 404 729 388 736 387 724 375 622 288 489 219 478 194 474 147 451 132 449 115 417 111 395 115 381 97 384 85 346 157 377 236 376 288 338 290 317 340 309 362 191 420 200 419 229 570 253 591 346 592 451 600 458 603 447 659 452 550 525 549 528 604 576 557 584 555 590 529 400 400
84 8 25 37 38 40 47 48 62 63 66 71 72 103 135 172 181 194 195 197 232 245 258 274 301 303 317 336 349 378 386 392 395 440 446 459 460 461 465 469 475 489 525 543 558 561 571 584 590 605 617 635 651 654 664 674 677 687 708 717 727 731 735 766 770 781 788 789 797 798 808 813 835 837 857 885 898 916 920 933 950 966 986 989 993
170 400 400 384 412 382 421 376 420 326 421 294 415 274 380 243 381 243 343 249 312 250 242 279 245 287 221 307 194 332 201 372 210 399 212 401 213 409 179 443 171 462 159 479 165 473 183 458 191 453 223 455 235 456 274 472 321 477 393 489 416 511 407 576 390 592 387 595 394 585 318 553 265 549 244 547 227 541 209 538 194 486 191 489 242 564 239 570 226 575 257 605 282 609 433 565 445 527 473 506 505 469 501 443 508 429 497 415 498 369 500 349 489 298 485 282 503 285 524 256 529 254 530 213 523 216 442 221 429 203 376 176 375 167 377 164 377 165 403 132 401 124 416 113 451 123 338 145 309 163 309 176 342 205 336 228 328 284 274 290 271 293 270 346 311 368 335 379 343 421 387 428 393 439 402 451 381 453 372 499 387 540 416 531 460 494 456 488 472 484 483 516 531 554 535 561 539 568 542 568 531 602 534 561 565 519 576 507 579 485 573 486 568 465 533 448 541 436 553 432 608 437 609 435 623 417 612 414 606 403 650 399 669 362 670 355 623 337 620 337 605 369 605 359 574 353 555 325 551 310 562 309 561 309 530 327 531 392 505 466 470 521 412 542 370 574 376 665 393 670 428 684 423 727 404 729 388 736 387 724 375 622 288 489 219 478 194 474 147 451 132 449 115 417 111 395 115 381 97 346 157 377 236 376 288 338 290 317 340 309 362 191 420 200 419 229 570 253 591 346 592 451 600 458 603 447 659 452 550 525 549 528 604 576 557 584 555 590 529 400 400
83 8 25 37 38 40 47 48 62 63 66 71 72 103 135 172 181 194 195 197 232 245 258 274 301 303 317 336 349 378 386 392 395 440 446 459 460 461 469 475 489 525 543 558 561 571 584 590 605 617 635 651 654 664 674 677 687 708 717 727 731 735 766 770 781 788 789 797 798 808 813 835 837 857 885 898 916 920 933 950 966 986 989 993
168 400 400 384 412 382 421 376 420 326 421 294 415 274 380 243 381 243 343 249 312 250 242 279 245 287 221 307 194 332 201 372 210 399 212 401 213 409 179 443 171 462 159 479 165 473 183 458 191 453 223 455 235 456 274 472 321 477 393 489 416 511 407 576 390 592 387 595 394 585 318 553 265 549 244 547 227 541 209 538 194 486 191 489 242 564 239 570 226 575 257 605 282 609 433 565 445 527 473 506 505 469 501 443 508 429 497 415 498 369 500 349 489 298 485 282 503 285 524 256 529 254 530 213 523 216 442 221 429 203 376 176 375 167 377 164 377 165 403 132 401 124 416 113 451 123 338 145 309 163 309 176 342 205 336 228 328 284 274 290 271 293 270 346 311 368 335 379 343 421 387 428 393 439 402 451 381 453 372 499 387 540 416 531 460 494 456 488 472 484 483 516 531 554 535 561 539 568 542 568 531 602 534 561 565 519 576 507 579 485 573 486 568 465 533 448 541 436 553 432 608 437 609 435 623 417 612 414 606 403 650 399 669 362 670 355 623 337 620 337 605 369 605 359 574 353 555 325 551 310 562 309 561 309 530 327 531 392 505 466 470 521 412 542 370 574 376 665 393 670 428 684 423 727 404 729 388 736 387 724 375 622 288 489 219 478 194 474 147 451 132 449 115 417 111 395 115 346 157 377 236 376 288 338 290 317 340 309 362 191 420 200 419 229 570 253 591 346 592 451 600 447 659 452 550 525 549 528 604 576 557 584 555 590 529 400 400
82 8 25 37 38 40 47 48 62 63 66 71 72 103 135 172 181 194 195 197 232 245 258 274 301 303 317 336 349 378 386 392 395 440 446 459 460 461 469 475 489 525 543 558 561 571 584 590 605 617 635 651 654 664 674 677 687 708 717 727 731 766 770 781 788 789 797 798 808 813 835 837 857 885 898 916 920 933 950 966 986 989 993
166 400 400 384 412 382 421 376 420 326 421 294 415 274 380 243 381 243 343 249 312 250 242 279 245 287 221 307 194 332 201 372 210 399 212 401 213 409 179 443 171 462 159 479 165 473 183 458 191 453 223 455 235 456 274 472 321 477 393 489 416 511 407 576 390 592 387 595 394 585 318 553 265 549 244 547 227 541 209 538 194 486 191 489 242 564 239 570 226 575 257 605 282 609 433 565 445 527 473 506 505 469 501 443 508 429 497 415 498 369 500 349 489 282 503 285 524 256 529 254 530 213 523 216 442 221 429 203 376 176 375 167 377 164 377 165 403 132 401 124 416 113 451 123 338 145 309 163 309 176 342 205 336 228 328 284 274 290 271 293 270 346 311 368 335 379 343 421 387 428 393 439 402 451 381 499 387 540 416 531 460 494 456 488 472 484 483 516 531 554 535 561 539 568 542 568 531 602 534 561 565 519 576 507 579 485 573 486 568 465 533 448 541 436 553 432 608 437 609 435 623 417 612 414 606 403 650 399 669 362 670 355 623 337 620 337 605 369 605 359 574 353 555 325 551 310 562 309 561 309 530 327 531 392 505 466 470 521 412 542 370 574 376 665 393 670 428 684 423 727 404 729 388 736 387 724 375 622 288 489 219 478 194 474 147 451 132 449 115 417 111 395 115 346 157 377 236 376 288 338 290 317 340 309 362 191 420 200 419 229 570 253 591 346 592 451 600 447 659 452 550 525 549 528 604 576 557 584 555 590 529 400 400
81 8 25 37 38 40 47 48 62 63 66 71 72 103 135 172 181 194 195 197 232 245 258 274 301 303 317 336 349 378 386 392 395 440 446 459 460 461 475 489 525 543 558 561 571 584 590 605 617 635 651 654 664 674 677 687 708 717 727 731 766 770 781 788 789 797 798 808 813 835 837 857 885 898 916 920 933 950 966 986 989 993
164 400 400 384 412 382 421 376 420 326 421 294 415 274 380 243 381 243 343 249 312 250 242 279 245 287 221 307 194 332 201 372 210 399 212 401 213 409 179 443 171 462 159 479 165 473 183 458 191 453 223 455 235 456 274 472 321 477 393 489 416 511 407 576 390 592 387 595 394 585 318 553 265 549 244 547 227 541 209 538 194 486 191 489 242 564 239 575 257 605 282 609 433 565 445 527 473 506 505 469 501 443 508 429 497 415 498 369 500 349 489 282 503 285 524 256 529 254 530 213 523 216 442 221 429 203 376 176 375 167 377 164 377 165 403 132 401 124 416 113 451 123 338 145 309 163 309 176 342 205 336 228 328 284 274 290 271 293 270 346 311 368 335 379 343 421 387 428 393 439 402 451 381 499 387 540 416 531 460 494 456 488 472 484 483 516 531 554 535 561 539 568 542 568 531 602 534 561 565 519 576 507 579 485 573 486 568 465 533 448 541 436 553 432 608 437 609 435 623 414 606 403 650 399 669 362 670 355 623 337 620 337 605 369 605 359 574 353 555 325 551 310 562 309 561 309 530 327 531 392 505 466 470 521 412 542 370 574 376 665 393 670 428 684 423 727 404 729 388 736 387 724 375 622 288 489 219 478 194 474 147 451 132 449 115 417 111 395 115 346 157 377 236 376 288 338 290 317 340 309 362 191 420 200 419 229 570 253 591 346 592 451 600 447 659 452 550 525 549 528 604 576 557 584 555 590 529 400 400
80 8 25 37 38 40 47 48 62 63 66 71 72 103 135 172 181 194 195 197 232 245 258 274 301 303 317 336 378 386 392 395 440 446 459 460 461 475 489 525 543 558 561 571 584 590 605 617 635 651 654 664 674 677 687 708 717 727 731 766 770 781 788 789 797 798 808 813 835 837 857 885 898 916 920 933 950 966 986 989 993
162 400 400 384 412 382 421 376 420 326 421 294 415 274 380 243 381 243 343 249 312 250 242 279 245 287 221 307 194 332 201 372 210 399 212 401 213 409 179 443 171 462 159 479 165 473 183 458 191 453 223 455 235 456 274 472 321 477 393 489 416 511 407 576 390 592 387 595 394 585 318 553 265 549 244 547 227 541 209 538 194 486 191 489 242 564 239 575 257 605 282 609 433 565 445 527 473 506 505 469 501 443 508 429 497 415 498 369 500 349 489 282 503 285 524 256 529 254 530 213 523 216 442 221 429 203 376 176 375 167 377 164 377 165 403 132 401 124 416 113 451 123 338 145 309 163 309 176 342 205 336 228 328 284 274 290 271 293 270 346 311 368 335 379 343 421 387 428 393 439 402 451 381 499 387 540 416 531 460 494 456 488 472 484 483 516 531 554 535 561 539 568 542 568 531 602 534 561 565 519 576 507 579 485 573 486 568 465 533 448 541 436 553 432 608 437 609 414 606 403 650 399 669 362 670 355 623 337 620 337 605 369 605 359 574 353 555 325 551 310 562 309 561 309 530 327 531 392 505 466 470 521 412 574 376 665 393 670 428 684 423 727 404 729 388 736 387 724 375 622 288 489 219 478 194 474 147 451 132 449 115 417 111 395 115 346 157 377 236 376 288 338 290 317 340 309 362 191 420 200 419 229 570 253 591 346 592 451 600 447 659 452 550 525 549 528 604 576 557 584 555 590 529 400 400
79 8 25 37 38 40 47 48 62 63 66 71 72 103 135 172 181 194 195 197 232 245 258 274 301 303 317 336 378 386 392 395 440 446 459 460 461 475 489 525 543 558 561 584 590 605 617 635 651 654 664 674 677 687 708 717 727 731 766 770 781 788 789 797 798 808 813 835 837 857 885 898 916 920 933 950 966 986 989 993
160 400 400 384 412 382 421 376 420 326 421 294 415 274 380 243 381 243 343 249 312 250 242 279 245 287 221 307 194 332 201 372 210 399 212 401 213 409 179 443 171 462 159 479 165 473 183 458 191 453 223 455 235 456 274 472 321 477 393 489 416 511 407 576 390 592 387 595 394 585 318 553 265 549 244 547 227 541 209 538 194 486 191 489 242 564 239 575 257 605 282 609 433 565 445 527 473 506 505 469 501 443 508 429 497 415 498 369 500 349 489 282 503 285 524 256 529 254 530 213 523 216 442 221 429 203 376 176 375 167 377 164 377 165 403 132 401 124 416 113 451 123 338 145 309 163 309 176 342 205 336 228 328 284 274 290 271 293 270 346 311 368 335 379 343 421 387 428 393 439 402 451 381 499 387 540 416 531 460 494 456 488 472 484 483 516 531 554 535 561 539 568 542 602 534 561 565 519 576 507 579 485 573 486 568 448 541 436 553 432 608 437 609 414 606 403 650 399 669 362 670 355 623 337 620 337 605 369 605 359 574 353 555 325 551 310 562 309 561 309 530 327 531 392 505 466 470 521 412 574 376 665 393 670 428 684 423 727 404 729 388 736 387 724 375 622 288 489 219 478 194 474 147 451 132 449 115 417 111 395 115 346 157 377 236 376 288 338 290 317 340 309 362 191 420 200 419 229 570 253 591 346 592 451 600 447 659 452 550 525 549 528 604 576 557 584 555 590 529 400 400
78 8 25 37 38 40 47 48 62 63 66 71 72 103 135 172 181 194 195 197 232 245 258 274 301 303 317 336 386 392 395 440 446 459 460 461 475 489 525 543 558 561 584 590 605 617 635 651 654 664 674 677 687 708 717 727 731 766 770 781 788 789 797 798 808 813 835 837 857 885 898 916 920 933 950 966 986 989 993
158 400 400 384 412 382 421 376 420 326 421 294 415 274 380 243 381 249 312 250 242 279 245 287 221 307 194 332 201 372 210 399 212 401 213 409 179 443 171 462 159 479 165 473 183 458 191 453 223 455 235 456 274 472 321 477 393 489 416 511 407 576 390 592 387 595 394 585 318 553 265 549 244 547 227 541 209 538 194 486 191 489 242 564 239 575 257 605 282 609 433 565 445 527 473 506 505 469 501 443 508 429 497 415 498 369 500 349 489 282 503 285 524 256 529 254 530 213 523 216 442 221 429 203 376 176 375 167 377 164 377 165 403 132 401 124 416 113 451 123 338 145 309 163 309 176 342 205 336 228 328 284 274 290 271 293 270 346 311 368 335 379 343 421 387 428 393 439 402 451 381 499 387 540 416 531 460 494 456 488 472 484 483 516 531 554 535 561 539 568 542 602 534 561 565 519 576 507 579 485 573 486 568 436 553 432 608 437 609 414 606 403 650 399 669 362 670 355 623 337 620 337 605 369 605 359 574 353 555 325 551 310 562 309 561 309 530 327 531 392 505 466 470 521 412 574 376 665 393 670 428 684 423 727 404 729 388 736 387 724 375 622 288 489 219 478 194 474 147 451 132 449 115 417 111 395 115 346 157 377 236 376 288 338 290 317 340 309 362 191 420 200 419 229 570 253 591 346 592 451 600 447 659 452 550 525 549 528 604 576 557 584 555 590 529 400 400
77 8 25 37 38 40 47 48 62 63 66 71 72 103 135 172 181 194 195 197 232 245 258 274 301 303 317 336 386 392 395 440 446 459 460 461 475 489 525 543 558 561 584 590 605 617 635 651 654 664 674 677 687 708 717 727 766 770 781 788 789 797 798 808 813 835 837 857 885 898 916 920 933 950 966 986 989 993
156 400 400 384 412 382 421 376 420 326 421 294 415 274 380 249 312 250 242 279 245 287 221 307 194 332 201 372 210 399 212 401 213 409 179 443 171 462 159 479 165 473 183 458 191 453 223 455 235 456 274 472 321 477 393 489 416 511 407 576 390 592 387 595 394 585 318 553 265 549 244 547 227 541 209 538 194 486 191 489 242 564 239 575 257 605 282 609 433 565 445 527 473 506 505 469 501 443 508 429 497 415 498 369 500 349 489 282 503 285 524 256 529 254 530 213 523 216 442 221 429 203 376 176 375 167 377 164 377 165 403 132 401 124 416 113 451 123 338 145 309 163 309 176 342 205 336 228 328 284 274 290 271 293 270 346 311 368 335 379 343 421 387 428 393 439 402 451 381 499 387 540 416 531 460 494 456 488 472 484 483 516 531 554 535 561 539 568 542 602 534 561 565 519 576 507 579 485 573 486 568 436 553 437 609 414 606 403 650 399 669 362 670 355 623 337 620 337 605 369 605 359 574 353 555 325 551 310 562 309 561 309 530 327 531 392 505 466 470 521 412 574 376 665 393 670 428 684 423 727 404 729 388 736 387 724 375 622 288 489 219 478 194 474 147 451 132 449 115 417 111 395 115 346 157 377 236 376 288 338 290 317 340 309 362 191 420 200 419 229 570 253 591 346 592 451 600 447 659 452 550 525 549 528 604 576 557 584 555 590 529 400 400
76 8 25 37 38 40 47 48 62 63 66 71 72 103 135 172 181 194 195 197 232 245 258 274 301 303 317 336 386 392 395 440 446 459 460 461 475 489 525 543 558 561 584 590 605 617 635 651 654 664 674 677 687 708 717 727 766 770 781 788 789 797 798 808 813 835 837 857 885 898 916 920 950 966 986 989 993
154 400 400 384 412 382 421 326 421 294 415 274 380 249 312 250 242 279 245 287 221 307 194 332 201 372 210 399 212 401 213 409 179 443 171 462 159 479 165 473 183 458 191 453 223 455 235 456 274 472 321 477 393 511 407 576 390 592 387 595 394 585 318 553 265 549 244 547 227 541 209 538 194 486 191 489 242 564 239 575 257 605 282 609 433 565 445 527 473 506 505 469 501 443 508 429 497 415 498 369 500 349 489 282 503 285 524 256 529 254 530 213 523 216 442 221 429 203 376 176 375 167 377 164 377 165 403 132 401 124 416 113 451 123 338 145 309 163 309 176 342 205 336 228 328 284 274 290 271 293 270 346 311 368 335 379 343 421 387 428 393 439 402 451 381 499 387 540 416 531 460 494 456 488 472 484 483 516 531 554 535 561 539 568 542 602 534 561 565 519 576 507 579 485 573 486 568 436 553 437 609 414 606 403 650 399 669 362 670 355 623 337 620 337 605 369 605 359 574 353 555 325 551 310 562 309 561 309 530 327 531 392 505 466 470 521 412 574 376 665 393 670 428 684 423 727 404 729 388 736 387 724 375 622 288 489 219 478 194 474 147 451 132 449 115 417 111 395 115 346 157 377 236 376 288 338 290 317 340 309 362 191 420 200 419 229 570 253 591 346 592 451 600 447 659 452 550 525 549 528 604 576 557 584 555 590 529 400 400
75 8 25 37 38 40 47 48 62 63 66 71 72 103 135 172 181 194 195 197 232 245 258 274 301 303 317 336 386 392 395 440 446 459 460 461 475 489 525 543 558 561 584 605 617 635 651 654 664 674 677 687 708 717 727 766 770 781 788 789 797 798 808 813 835 837 857 885 898 916 920 950 966 986 989 993
152 400 400 384 412 382 421 326 421 294 415 274 380 249 312 250 242 279 245 287 221 307 194 332 201 372 210 399 212 401 213 409 179 443 171 462 159 479 165 473 183 458 191 453 223 455 235 456 274 472 321 477 393 576 390 592 387 595 394 585 318 553 265 549 244 547 227 541 209 538 194 486 191 489 242 564 239 575 257 605 282 609 433 565 445 527 473 506 505 469 501 443 508 429 497 415 498 369 500 349 489 282 503 285 524 256 529 254 530 213 523 216 442 221 429 203 376 176 375 167 377 164 377 165 403 132 401 124 416 113 451 145 309 163 309 176 342 205 336 228 328 284 274 290 271 293 270 346 311 368 335 379 343 421 387 428 393 439 402 451 381 499 387 540 416 531 460 494 456 488 472 484 483 516 531 554 535 561 539 568 542 602 534 561 565 519 576 507 579 485 573 486 568 436 553 437 609 414 606 403 650 399 669 362 670 355 623 337 620 337 605 369 605 359 574 353 555 325 551 310 562 309 561 309 530 327 531 392 505 466 470 521 412 574 376 665 393 670 428 684 423 727 404 729 388 736 387 724 375 622 288 489 219 478 194 474 147 451 132 449 115 417 111 395 115 346 157 377 236 376 288 338 290 317 340 309 362 191 420 200 419 229 570 253 591 346 592 451 600 447 659 452 550 525 549 528 604 576 557 584 555 590 529 400 400
74 8 25 37 38 40 47 48 62 63 66 71 72 103 135 172 181 194 195 197 232 245 258 274 301 303 317 336 386 395 440 446 459 460 461 475 489 525 543 558 561 584 605 617 635 651 654 664 674 677 687 708 717 727 766 770 781 788 789 797 798 808 813 835 837 857 885 898 916 920 950 966 986 989 993
150 400 400 384 412 382 421 326 421 294 415 274 380 249 312 250 242 279 245 287 221 307 194 332 201 372 210 399 212 401 213 409 179 443 171 462 159 479 165 473 183 458 191 453 223 455 235 456 274 472 321 477 393 576 390 592 387 595 394 585 318 553 265 549 244 547 227 541 209 538 194 486 191 489 242 564 239 575 257 605 282 609 433 565 445 527 473 506 505 469 501 443 508 429 497 415 498 369 500 349 489 282 503 285 524 256 529 254 530 213 523 216 442 221 429 203 376 176 375 167 377 164 377 165 403 132 401 124 416 113 451 145 309 163 309 176 342 205 336 228 328 284 274 290 271 293 270 346 311 368 335 379 343 421 387 428 393 439 402 451 381 499 387 540 416 531 460 494 456 488 472 484 483 516 531 561 539 568 542 602 534 561 565 519 576 507 579 485 573 486 568 436 553 437 609 414 606 403 650 399 669 362 670 355 623 337 620 337 605 369 605 359 574 353 555 325 551 310 562 309 561 309 530 327 531 392 505 466 470 521 412 574 376 665 393 670 428 684 423 727 404 729 388 736 387 724 375 622 288 489 219 478 194 474 147 451 132 449 115 417 111 395 115 346 157 377 236 376 288 338 290 317 340 309 362 200 419 229 570 253 591 346 592 451 600 447 659 452 550 525 549 528 604 576 557 584 555 590 529 400 400
73 8 25 37 38 40 47 48 62 63 66 71 72 103 135 172 181 194 195 197 232 245 258 274 301 303 317 336 386 395 440 446 460 461 475 489 525 543 558 561 584 605 617 635 651 654 664 674 677 687 708 717 727 766 770 781 788 789 797 798 808 813 835 837 857 885 898 916 920 950 966 986 989 993
148 400 400 384 412 382 421 326 421 294 415 274 380 249 312 250 242 279 245 287 221 307 194 332 201 372 210 399 212 401 213 409 179 443 171 462 159 479 165 473 183 458 191 453 223 455 235 456 274 472 321 477 393 576 390 592 387 595 394 585 318 553 265 549 244 547 227 541 209 538 194 486 191 489 242 564 239 575 257 605 282 609 433 565 445 527 473 506 505 469 501 443 508 429 497 415 498 369 500 349 489 282 503 285 524 256 529 254 530 213 523 216 442 221 429 203 376 176 375 167 377 164 377 165 403 132 401 124 416 113 451 145 309 163 309 176 342 205 336 228 328 284 274 290 271 293 270 346 311 368 335 379 343 421 387 428 393 439 402 451 381 499 387 540 416 531 460 494 456 488 472 484 483 516 531 561 539 568 542 602 534 561 565 519 576 507 579 486 568 436 553 437 609 414 606 403 650 399 669 362 670 355 623 337 620 337 605 369 605 359 574 353 555 325 551 310 562 309 561 309 530 327 531 392 505 466 470 521 412 574 376 665 393 670 428 684 423 727 404 729 388 736 387 724 375 622 288 489 219 478 194 474 147 451 132 449 115 417 111 395 115 346 157 377 236 376 288 338 290 317 340 309 362 229 570 253 591 346 592 451 600 447 659 452 550 525 549 528 604 576 557 584 555 590 529 400 400
72 8 25 37 38 40 47 48 62 63 66 71 72 103 135 172 181 194 195 197 232 245 258 274 301 303 317 336 386 395 440 446 460 461 475 489 525 543 558 561 584 605 617 635 651 654 664 674 677 687 708 717 727 766 770 788 789 797 798 808 813 835 837 857 885 898 916 920 950 966 986 989 993
146 400 400 384 412 382 421 326 421 294 415 274 380 249 312 250 242 279 245 287 221 307 194 332 201 372 210 399 212 401 213 409 179 443 171 462 159 479 165 473 183 458 191 453 223 455 235 456 274 472 321 477 393 576 390 592 387 595 394 585 318 553 265 549 244 547 227 541 209 538 194 486 191 489 242 564 239 575 257 605 282 609 433 565 445 527 473 506 505 469 501 443 508 429 497 415 498 369 500 349 489 282 503 285 524 256 529 254 530 213 523 216 442 221 429 203 376 167 377 164 377 165 403 132 401 124 416 113 451 145 309 163 309 176 342 205 336 228 328 284 274 290 271 293 270 346 311 368 335 379 343 421 387 428 393 439 402 451 381 499 387 540 416 531 460 494 456 488 472 484 483 516 531 561 539 568 542 602 534 561 565 519 576 507 579 486 568 436 553 437 609 414 606 403 650 399 669 362 670 355 623 337 620 337 605 369 605 359 574 353 555 325 551 310 562 309 561 309 530 327 531 392 505 466 470 521 412 574 376 665 393 670 428 684 423 727 404 729 388 736 387 724 375 622 288 489 219 478 194 474 147 451 132 449 115 417 111 395 115 346 157 377 236 376 288 338 290 317 340 309 362 253 591 346 592 451 600 447 659 452 550 525 549 528 604 576 557 584 555 590 529 400 400
71 8 25 37 38 40 47 48 62 63 66 71 72 103 135 172 181 194 195 232 245 258 274 301 303 317 336 386 395 440 446 460 461 475 489 525 543 558 561 584 605 617 635 651 654 664 674 677 687 708 717 727 766 770 788 789 797 798 808 813 835 837 857 885 898 916 920 950 966 986 989 993
144 400 400 384 412 382 421 326 421 294 415 274 380 249 312 250 242 279 245 287 221 307 194 332 201 372 210 399 212 401 213 409 179 443 171 462 159 479 165 473 183 458 191 453 223 455 235 456 274 472 321 477 393 576 390 592 387 595 394 585 318 553 265 549 244 547 227 541 209 538 194 486 191 489 242 564 239 575 257 605 282 609 433 565 445 527 473 506 505 469 501 443 508 429 497 415 498 369 500 349 489 282 503 285 524 256 529 254 530 213 523 216 442 221 429 203 376 167 377 164 377 165 403 132 401 124 416 113 451 145 309 163 309 176 342 205 336 228 328 284 274 290 271 293 270 346 311 368 335 379 343 421 387 428 393 439 402 451 381 499 387 540 416 531 460 494 456 488 472 484 483 516 531 561 539 568 542 602 534 561 565 519 576 507 579 486 568 436 553 437 609 414 606 403 650 399 669 362 670 355 623 337 620 337 605 359 574 353 555 325 551 310 562 309 561 309 530 327 531 392 505 466 470 521 412 574 376 665 393 670 428 684 423 727 404 729 388 736 387 724 375 622 288 489 219 478 194 474 147 451 132 449 115 417 111 395 115 346 157 377 236 376 288 338 290 317 340 309 362 253 591 346 592 451 600 447 659 452 550 525 549 528 604 576 557 590 529 400 400
70 8 25 37 38 40 47 48 62 63 66 71 72 103 135 172 181 194 195 232 245 258 274 301 303 317 336 386 395 440 446 460 461 475 489 525 543 558 561 584 605 617 635 651 654 664 674 677 687 708 717 727 766 770 789 797 798 808 813 835 837 857 885 898 916 920 950 966 986 989 993
142 400 400 384 412 382 421 326 421 294 415 274 380 249 312 250 242 279 245 287 221 307 194 332 201 372 210 399 212 401 213 409 179 443 171 462 159 479 165 473 183 458 191 453 223 455 235 456 274 472 321 477 393 576 390 592 387 595 394 585 318 553 265 549 244 547 227 541 209 538 194 486 191 489 242 564 239 575 257 605 282 609 433 565 445 527 473 506 505 469 501 443 508 429 497 415 498 369 500 349 489 282 503 285 524 256 529 254 530 213 523 216 442 221 429 203 376 167 377 164 377 165 403 132 401 124 416 113 451 145 309 163 309 176 342 205 336 228 328 284 274 290 271 293 270 346 311 368 335 379 343 421 387 428 393 439 402 451 381 499 387 540 416 531 460 494 456 488 472 484 483 516 531 561 539 568 542 602 534 561 565 519 576 507 579 486 568 436 553 437 609 414 606 403 650 399 669 362 670 355 623 337 620 337 605 359 574 353 555 325 551 310 562 309 561 309 530 327 531 392 505 466 470 521 412 574 376 665 393 670 428 684 423 727 404 729 388 736 387 724 375 622 288 489 219 478 194 474 147 451 132 449 115 417 111 395 115 346 157 376 288 338 290 317 340 309 362 253 591 346 592 451 600 447 659 452 550 525 549 528 604 576 557 400 400
69 8 25 37 38 40 47 48 62 63 66 71 72 103 135 172 181 194 195 232 245 258 274 301 303 317 336 386 395 440 446 460 461 475 489 525 543 558 561 584 605 617 635 651 654 664 674 677 687 708 717 727 766 770 789 797 798 808 813 835 837 857 885 898 916 920 950 986 989 993
140 400 400 384 412 382 421 326 421 294 415 274 380 249 312 250 242 279 245 287 221 307 194 332 201 372 210 399 212 401 213 409 179 443 171 462 159 479 165 473 183 458 191 453 223 455 235 456 274 472 321 477 393 576 390 592 387 595 394 585 318 553 265 549 244 547 227 541 209 538 194 486 191 489 242 564 239 575 257 605 282 609 433 565 445 527 473 506 505 469 501 443 508 429 497 415 498 369 500 349 489 282 503 285 524 256 529 254 530 213 523 216 442 221 429 203 376 167 377 164 377 165 403 132 401 124 416 113 451 145 309 163 309 176 342 205 336 228 328 284 274 290 271 293 270 346 311 368 335 379 343 421 387 428 393 439 402 451 381 499 387 540 416 531 460 494 456 488 472 484 483 516 531 561 539 568 542 602 534 561 565 519 576 507 579 486 568 436 553 437 609 414 606 403 650 399 669 362 670 355 623 337 605 359 574 353 555 325 551 310 562 309 561 309 530 327 531 392 505 466 470 521 412 574 376 665 393 670 428 684 423 727 404 729 388 736 387 724 375 622 288 489 219 478 194 474 147 451 132 449 115 417 111 395 115 346 157 376 288 338 290 317 340 309 362 253 591 346 592 451 600 447 659 452 550 525 549 528 604 400 400
68 8 25 37 38 40 47 48 62 63 66 71 72 103 135 172 181 194 195 232 245 258 274 301 303 317 336 386 395 440 446 460 461 475 489 525 543 558 584 605 617 635 651 654 664 674 677 687 708 717 727 766 770 789 797 798 808 813 835 837 857 885 898 916 920 950 986 989 993
138 400 400 384 412 382 421 326 421 294 415 274 380 249 312 250 242 279 245 287 221 307 194 332 201 372 210 399 212 401 213 409 179 443 171 462 159 479 165 473 183 458 191 453 223 455 235 456 274 472 321 477 393 576 390 592 387 595 394 585 318 553 265 549 244 547 227 541 209 538 194 486 191 489 242 564 239 575 257 605 282 609 433 565 445 527 473 506 505 469 501 443 508 429 497 415 498 369 500 349 489 282 503 285 524 256 529 254 530 213 523 216 442 221 429 203 376 167 377 164 377 165 403 132 401 124 416 113 451 145 309 163 309 176 342 205 336 228 328 284 274 290 271 293 270 346 311 368 335 379 343 421 387 428 393 439 402 451 381 499 387 540 416 531 460 494 456 488 472 484 483 516 531 561 539 568 542 602 534 561 565 519 576 507 579 486 568 436 553 437 609 414 606 403 650 399 669 362 670 355 623 337 605 359 574 353 555 325 551 310 562 309 561 309 530 327 531 392 505 466 470 521 412 574 376 665 393 670 428 684 423 727 404 729 388 736 387 724 375 622 288 489 219 478 194 474 147 451 132 449 115 417 111 395 115 346 157 338 290 317 340 309 362 253 591 346 592 451 600 447 659 525 549 528 604 400 400
67 8 25 37 38 40 47 48 62 63 66 71 72 103 135 172 181 194 195 232 245 258 274 301 303 317 336 386 395 440 446 460 461 475 489 525 543 558 584 605 617 635 651 654 664 674 677 687 708 717 727 766 770 789 797 798 808 813 837 857 885 898 916 920 950 986 989 993
136 400 400 384 412 382 421 326 421 294 415 274 380 249 312 250 242 279 245 287 221 307 194 332 201 372 210 399 212 401 213 409 179 443 171 479 165 473 183 458 191 453 223 455 235 456 274 472 321 477 393 576 390 592 387 595 394 585 318 553 265 549 244 547 227 541 209 538 194 486 191 489 242 564 239 575 257 605 282 609 433 565 445 527 473 506 505 469 501 443 508 429 497 415 498 369 500 349 489 282 503 285 524 256 529 254 530 213 523 216 442 221 429 203 376 167 377 164 377 165 403 132 401 124 416 113 451 145 309 163 309 176 342 205 336 228 328 284 274 290 271 293 270 346 311 368 335 379 343 421 387 428 393 439 402 451 381 499 387 540 416 531 460 494 456 488 472 484 483 516 531 561 539 568 542 602 534 561 565 519 576 507 579 486 568 436 553 437 609 414 606 403 650 399 669 362 670 355 623 337 605 359 574 353 555 325 551 310 562 309 561 309 530 327 531 392 505 466 470 521 412 574 376 665 393 670 428 684 423 727 404 729 388 736 387 724 375 622 288 489 219 478 194 474 147 451 132 449 115 417 111 395 115 346 157 338 290 317 340 309 362 253 591 346 592 451 600 447 659 528 604 400 400
66 8 25 37 38 40 47 48 62 63 66 71 72 103 135 172 181 194 195 232 245 258 274 301 303 317 336 386 395 440 446 460 461 475 489 525 543 558 584 605 617 635 651 654 664 674 677 687 708 717 727 770 789 797 798 808 813 837 857 885 898 916 920 950 986 989 993
134 400 400 384 412 382 421 326 421 294 415 274 380 249 312 250 242 279 245 287 221 307 194 332 201 372 210 399 212 401 213 409 179 443 171 479 165 473 183 458 191 453 223 455 235 456 274 472 321 477 393 576 390 592 387 595 394 585 318 553 265 549 244 547 227 541 209 538 194 486 191 489 242 564 239 575 257 605 282 609 433 565 445 527 473 506 505 469 501 443 508 429 497 415 498 369 500 349 489 282 503 285 524 256 529 254 530 213 523 216 442 221 429 203 376 167 377 164 377 165 403 132 401 124 416 113 451 145 309 163 309 176 342 205 336 228 328 284 274 290 271 293 270 346 311 368 335 379 343 421 387 428 393 439 402 451 381 499 387 540 416 531 460 494 456 488 472 484 483 516 531 561 539 568 542 602 534 561 565 519 576 507 579 486 568 436 553 437 609 414 606 403 650 399 669 362 670 337 605 359 574 353 555 325 551 310 562 309 561 309 530 327 531 392 505 466 470 521 412 574 376 665 393 670 428 684 423 727 404 729 388 736 387 724 375 622 288 489 219 478 194 474 147 451 132 449 115 417 111 395 115 346 157 338 290 317 340 309 362 253 591 346 592 451 600 528 604 400 400
65 8 25 37 38 40 48 62 63 66 71 72 103 135 172 181 194 195 232 245 258 274 301 303 317 336 386 395 440 446 460 461 475 489 525 543 558 584 605 617 635 651 654 664 674 677 687 708 717 727 770 789 797 798 808 813 837 857 885 898 916 920 950 986 989 993
132 400 400 384 412 382 421 326 421 294 415 274 380 249 312 250 242 279 245 287 221 307 194 332 201 372 210 399 212 401 213 409 179 443 171 479 165 473 183 458 191 453 223 455 235 456 274 472 321 477 393 576 390 592 387 595 394 585 318 553 265 549 244 547 227 541 209 538 194 486 191 489 242 564 239 575 257 605 282 609 433 565 445 527 473 506 505 469 501 443 508 429 497 415 498 369 500 349 489 282 503 285 524 256 529 254 530 213 523 216 442 221 429 203 376 167 377 164 377 165 403 132 401 124 416 113 451 145 309 163 309 176 342 205 336 228 328 284 274 290 271 293 270 346 311 368 335 379 343 421 387 428 393 439 402 451 381 499 387 540 416 531 460 494 456 488 472 484 483 516 531 561 539 568 542 602 534 561 565 519 576 507 579 486 568 436 553 437 609 414 606 403 650 399 669 362 670 359 574 353 555 325 551 310 562 309 561 309 530 327 531 466 470 521 412 574 376 665 393 670 428 684 423 727 404 729 388 736 387 724 375 622 288 489 219 478 194 474 147 451 132 449 115 417 111 395 115 346 157 338 290 317 340 309 362 253 591 346 592 451 600 528 604 400 400
64 8 25 37 40 48 62 63 66 71 72 103 135 172 181 194 195 232 245 258 274 301 303 317 336 386 395 440 446 460 461 475 489 525 543 558 584 605 617 635 651 654 664 674 677 687 708 717 727 770 789 797 798 808 813 837 857 885 898 916 920 950 986 989 993
130 400 400 384 412 382 421 326 421 294 415 274 380 249 312 250 242 279 245 287 221 307 194 332 201 372 210 399 212 401 213 409 179 443 171 479 165 473 183 458 191 453 223 455 235 456 274 472 321 477 393 576 390 592 387 585 318 553 265 549 244 547 227 541 209 538 194 486 191 489 242 564 239 605 282 609 433 565 445 527 473 506 505 469 501 443 508 429 497 415 498 369 500 349 489 282 503 285 524 256 529 254 530 213 523 216 442 221 429 203 376 167 377 164 377 165 403 132 401 124 416 113 451 145 309 163 309 176 342 205 336 228 328 284 274 290 271 293 270 346 311 368 335 379 343 421 387 428 393 439 402 451 381 499 387 540 416 531 460 494 456 488 472 484 483 516 531 561 539 568 542 602 534 561 565 519 576 507 579 486 568 436 553 437 609 414 606 403 650 399 669 362 670 359 574 353 555 325 551 310 562 309 561 309 530 327 531 466 470 521 412 574 376 665 393 670 428 684 423 727 404 729 388 736 387 724 375 622 288 489 219 478 194 474 147 451 132 449 115 417 111 395 115 346 157 338 290 317 340 309 362 253 591 346 592 451 600 528 604 400 400
63 8 25 37 48 62 63 66 71 72 103 135 172 181 194 195 232 245 258 274 301 303 317 336 386 395 440 446 460 461 475 489 525 543 558 584 605 617 635 651 654 664 674 677 687 708 717 727 770 789 797 798 808 813 837 857 885 898 916 920 950 986 989 993
128 400 400 384 412 382 421 326 421 294 415 274 380 249 312 250 242 279 245 287 221 307 194 332 201 372 210 399 212 401 213 409 179 443 171 479 165 473 183 458 191 453 223 455 235 456 274 472 321 477 393 576 390 592 387 585 318 553 265 549 244 547 227 541 209 538 194 486 191 489 242 564 239 605 282 609 433 565 445 527 473 506 505 469 501 443 508 429 497 415 498 369 500 349 489 282 503 285 524 256 529 254 530 213 523 216 442 221 429 203 376 167 377 164 377 165 403 132 401 124 416 113 451 145 309 163 309 176 342 205 336 228 328 284 274 290 271 293 270 368 335 379 343 421 387 428 393 439 402 451 381 499 387 531 460 494 456 488 472 484 483 516 531 561 539 568 542 602 534 561 565 519 576 507 579 486 568 436 553 437 609 414 606 403 650 399 669 362 670 359 574 353 555 325 551 310 562 309 561 309 530 327 531 466 470 521 412 574 376 665 393 670 428 684 423 727 404 729 388 736 387 724 375 622 288 489 219 478 194 474 147 451 132 449 115 417 111 395 115 346 157 338 290 317 340 309 362 253 591 346 592 451 600 528 604 400 400
62 8 25 37 48 62 63 71 72 103 135 172 181 194 195 232 245 258 274 301 303 317 336 386 395 440 446 460 461 475 489 525 543 558 584 605 617 635 651 654 664 674 677 687 708 717 727 770 789 797 798 808 813 837 857 885 898 916 920 950 986 989 993
126 400 400 384 412 382 421 326 421 294 415 274 380 249 312 250 242 279 245 287 221 307 194 332 201 372 210 399 212 401 213 409 179 443 171 479 165 473 183 458 191 453 223 455 235 456 274 472 321 477 393 576 390 592 387 585 318 553 265 549 244 547 227 541 209 538 194 486 191 489 242 564 239 605 282 609 433 565 445 527 473 506 505 469 501 443 508 429 497 415 498 349 489 282 503 285 524 256 529 254 530 213 523 216 442 221 429 203 376 167 377 164 377 165 403 132 401 124 416 113 451 145 309 163 309 176 342 205 336 228 328 284 274 290 271 293 270 368 335 379 343 421 387 428 393 439 402 451 381 499 387 494 456 488 472 484 483 516 531 561 539 568 542 602 534 561 565 519 576 507 579 486 568 436 553 437 609 414 606 403 650 399 669 362 670 359 574 353 555 325 551 310 562 309 561 309 530 327 531 466 470 521 412 574 376 665 393 670 428 684 423 727 404 729 388 736 387 724 375 622 288 489 219 478 194 474 147 451 132 449 115 417 111 395 115 346 157 338 290 317 340 309 362 253 591 346 592 451 600 528 604 400 400
61 8 25 48 62 63 71 72 103 135 172 181 194 195 232 245 258 274 301 303 317 336 386 395 440 446 460 461 475 489 525 543 558 584 605 617 635 651 654 664 674 677 687 708 717 727 770 789 797 798 808 813 837 857 885 898 916 920 950 986 989 993
124 400 400 384 412 382 421 326 421 294 415 274 380 249 312 250 242 279 245 287 221 307 194 332 201 372 210 399 212 401 213 409 179 443 171 479 165 473 183 458 191 453 223 455 235 456 274 472 321 477 393 576 390 592 387 585 318 553 265 549 244 547 227 541 209 538 194 486 191 489 242 564 239 605 282 609 433 565 445 527 473 506 505 469 501 443 508 429 497 415 498 349 489 282 503 285 524 256 529 254 530 213 523 216 442 221 429 203 376 164 377 165 403 132 401 124 416 113 451 145 309 163 309 176 342 205 336 228 328 284 274 290 271 293 270 368 335 379 343 421 387 428 393 451 381 499 387 494 456 488 472 484 483 516 531 561 539 568 542 602 534 561 565 519 576 507 579 486 568 436 553 437 609 414 606 403 650 399 669 362 670 359 574 353 555 325 551 310 562 309 561 309 530 327 531 466 470 521 412 574 376 665 393 670 428 684 423 727 404 729 388 736 387 724 375 622 288 489 219 478 194 474 147 451 132 449 115 417 111 395 115 346 157 338 290 317 340 309 362 253 591 346 592 451 600 528 604 400 400
60 8 25 48 62 63 71 72 103 135 172 181 194 195 232 245 258 274 301 303 317 336 386 395 440 446 460 461 475 489 525 543 558 584 605 617 651 654 664 674 677 687 708 717 727 770 789 797 798 808 813 837 857 885 898 916 920 950 986 989 993
122 400 400 384 412 382 421 326 421 294 415 274 380 249 312 250 242 279 245 287 221 307 194 332 201 372 210 399 212 401 213 409 179 443 171 479 165 473 183 458 191 453 223 455 235 456 274 472 321 477 393 576 390 592 387 585 318 553 265 549 244 547 227 541 209 538 194 486 191 564 239 605 282 609 433 565 445 527 473 506 505 469 501 443 508 429 497 415 498 349 489 282 503 285 524 256 529 254 530 213 523 216 442 203 376 164 377 165 403 132 401 124 416 113 451 145 309 163 309 176 342 205 336 228 328 284 274 290 271 293 270 368 335 379 343 421 387 428 393 451 381 499 387 494 456 488 472 484 483 516 531 561 539 568 542 602 534 561 565 519 576 507 579 486 568 436 553 437 609 414 606 403 650 399 669 362 670 359 574 353 555 325 551 310 562 309 561 309 530 327 531 466 470 521 412 574 376 665 393 670 428 684 423 727 404 729 388 736 387 724 375 622 288 489 219 478 194 474 147 451 132 449 115 417 111 395 115 346 157 338 290 317 340 309 362 253 591 346 592 451 600 528 604 400 400
59 8 25 48 62 63 71 72 103 135 172 181 194 195 232 245 258 274 301 303 317 336 386 395 440 446 460 461 475 489 525 543 558 584 605 617 651 654 664 674 677 687 708 717 727 770 789 797 798 808 813 837 857 885 898 916 920 986 989 993
120 400 400 384 412 382 421 326 421 294 415 274 380 249 312 250 242 279 245 287 221 307 194 332 201 372 210 399 212 401 213 409 179 443 171 479 165 473 183 458 191 453 223 455 235 456 274 472 321 477 393 576 390 592 387 585 318 553 265 549 244 547 227 541 209 538 194 486 191 564 239 605 282 609 433 565 445 527 473 506 505 469 501 443 508 429 497 415 498 349 489 282 503 285 524 256 529 254 530 213 523 216 442 203 376 164 377 165 403 132 401 124 416 113 451 145 309 163 309 176 342 205 336 228 328 284 274 290 271 293 270 368 335 379 343 421 387 428 393 451 381 499 387 494 456 488 472 484 483 516 531 561 539 568 542 602 534 561 565 519 576 507 579 486 568 436 553 437 609 414 606 403 650 399 669 362 670 359 574 353 555 325 551 310 562 309 561 309 530 327 531 466 470 521 412 574 376 665 393 670 428 684 423 727 404 729 388 724 375 489 219 478 194 474 147 451 132 449 115 417 111 395 115 346 157 338 290 317 340 309 362 253 591 346 592 451 600 528 604 400 400
58 8 25 48 62 63 71 72 103 135 172 181 194 195 232 245 258 274 301 303 317 336 386 395 440 446 460 461 475 489 525 543 558 584 605 617 651 654 664 677 687 708 717 727 770 789 797 798 808 813 837 857 885 898 916 920 986 989 993
118 400 400 384 412 382 421 326 421 294 415 274 380 249 312 250 242 279 245 287 221 307 194 332 201 372 210 399 212 401 213 409 179 443 171 479 165 473 183 458 191 453 223 455 235 456 274 472 321 477 393 576 390 585 318 553 265 549 244 547 227 541 209 538 194 486 191 564 239 605 282 609 433 565 445 527 473 506 505 469 501 443 508 429 497 415 498 349 489 282 503 285 524 256 529 254 530 213 523 216 442 203 376 164 377 165 403 132 401 124 416 113 451 145 309 163 309 176 342 228 328 284 274 290 271 293 270 368 335 379 343 421 387 428 393 451 381 499 387 494 456 488 472 484 483 516 531 561 539 568 542 602 534 561 565 519 576 507 579 486 568 436 553 437 609 414 606 403 650 399 669 362 670 359 574 353 555 325 551 310 562 309 561 309 530 327 531 466 470 521 412 574 376 665 393 670 428 684 423 727 404 729 388 724 375 489 219 478 194 474 147 451 132 449 115 417 111 395 115 346 157 338 290 317 340 309 362 253 591 346 592 451 600 528 604 400 400
57 8 25 48 62 63 71 72 103 135 172 181 194 195 232 245 258 274 301 303 317 336 386 395 440 446 460 461 475 489 525 543 558 584 605 617 651 654 677 687 708 717 727 770 789 797 798 808 813 837 857 885 898 916 920 986 989 993
116 400 400 384 412 382 421 326 421 294 415 274 380 249 312 250 242 279 245 287 221 307 194 332 201 372 210 399 212 401 213 409 179 443 171 479 165 473 183 458 191 453 223 455 235 456 274 472 321 477 393 576 390 553 265 549 244 547 227 541 209 538 194 486 191 564 239 605 282 609 433 565 445 527 473 506 505 469 501 443 508 429 497 415 498 349 489 282 503 285 524 256 529 254 530 213 523 216 442 203 376 164 377 165 403 132 401 124 416 113 451 145 309 163 309 228 328 284 274 290 271 293 270 368 335 379 343 421 387 428 393 451 381 499 387 494 456 488 472 484 483 516 531 561 539 568 542 602 534 561 565 519 576 507 579 486 568 436 553 437 609 414 606 403 650 399 669 362 670 359 574 353 555 325 551 310 562 309 561 309 530 327 531 466 470 521 412 574 376 665 393 670 428 684 423 727 404 729 388 724 375 489 219 478 194 474 147 451 132 449 115 417 111 395 115 346 157 338 290 317 340 309 362 253 591 346 592 451 600 528 604 400 400
56 8 25 48 62 63 71 72 103 135 172 181 194 195 232 245 258 274 301 303 317 336 386 395 440 446 460 461 475 489 525 543 558 605 617 651 654 677 687 708 717 727 770 789 797 798 808 813 837 857 885 898 916 920 986 989 993
114 400 400 384 412 382 421 326 421 294 415 274 380 249 312 250 242 279 245 287 221 307 194 332 201 372 210 399 212 401 213 409 179 443 171 479 165 473 183 458 191 453 223 455 235 456 274 472 321 477 393 576 390 553 265 549 244 547 227 541 209 538 194 486 191 564 239 605 282 609 433 565 445 527 473 506 505 469 501 443 508 429 497 415 498 349 489 282 503 285 524 256 529 254 530 213 523 216 442 203 376 164 377 165 403 124 416 113 451 145 309 163 309 228 328 284 274 290 271 293 270 368 335 379 343 421 387 428 393 451 381 494 456 488 472 484 483 516 531 561 539 568 542 602 534 561 565 519 576 507 579 486 568 436 553 437 609 414 606 403 650 399 669 362 670 359 574 353 555 325 551 310 562 309 561 309 530 327 531 466 470 521 412 574 376 665 393 670 428 684 423 727 404 729 388 724 375 489 219 478 194 474 147 451 132 449 115 417 111 395 115 346 157 338 290 317 340 309 362 253 591 346 592 451 600 528 604 400 400
55 8 25 48 62 63 71 72 103 135 172 181 194 195 232 245 258 274 301 303 317 336 386 395 440 446 460 461 475 489 525 543 558 605 617 651 654 677 687 717 727 770 789 797 798 808 813 837 857 885 898 916 920 986 989 993
112 400 400 384 412 382 421 326 421 294 415 274 380 249 312 250 242 279 245 287 221 307 194 332 201 372 210 399 212 401 213 409 179 443 171 479 165 473 183 458 191 453 223 455 235 456 274 472 321 477 393 576 390 553 265 549 244 547 227 541 209 538 194 486 191 564 239 605 282 609 433 565 445 527 473 506 505 469 501 443 508 429 497 415 498 349 489 282 503 285 524 256 529 254 530 213 523 216 442 203 376 164 377 165 403 124 416 113 451 145 309 163 309 228 328 284 274 290 271 293 270 368 335 379 343 421 387 428 393 494 456 488 472 484 483 516 531 561 539 568 542 602 534 561 565 519 576 507 579 486 568 436 553 437 609 414 606 403 650 399 669 362 670 359 574 353 555 325 551 310 562 309 561 309 530 327 531 466 470 521 412 574 376 665 393 670 428 684 423 727 404 729 388 724 375 478 194 474 147 451 132 449 115 417 111 395 115 346 157 338 290 317 340 309 362 253 591 346 592 451 600 528 604 400 400
54 8 25 48 62 63 71 72 103 135 172 181 194 195 232 245 258 274 301 303 317 336 386 395 440 446 460 475 489 525 543 558 605 617 651 654 677 687 717 727 770 789 797 798 808 813 837 857 885 898 916 920 986 989 993
110 400 400 384 412 382 421 326 421 294 415 274 380 249 312 250 242 279 245 287 221 332 201 372 210 399 212 401 213 409 179 443 171 479 165 473 183 458 191 453 223 455 235 456 274 472 321 477 393 576 390 553 265 549 244 547 227 541 209 538 194 486 191 564 239 605 282 609 433 565 445 527 473 506 505 469 501 443 508 429 497 415 498 349 489 282 503 285 524 256 529 254 530 213 523 216 442 203 376 164 377 165 403 124 416 113 451 145 309 163 309 228 328 284 274 290 271 293 270 368 335 379 343 421 387 428 393 494 456 488 472 484 483 516 531 561 539 568 542 602 534 561 565 519 576 507 579 486 568 436 553 437 609 414 606 403 650 362 670 359 574 353 555 325 551 310 562 309 561 309 530 327 531 466 470 521 412 574 376 665 393 670 428 684 423 727 404 729 388 724 375 478 194 474 147 451 132 449 115 417 111 395 115 346 157 338 290 317 340 309 362 253 591 346 592 451 600 528 604 400 400
53 8 25 48 62 63 71 72 103 135 172 181 194 195 232 245 258 274 303 317 336 386 395 440 446 460 475 489 525 543 558 605 617 651 654 677 687 717 727 770 789 797 798 808 813 837 857 885 898 916 920 986 989 993
108 400 400 384 412 382 421 326 421 294 415 274 380 249 312 250 242 279 245 287 221 332 201 372 210 399 212 401 213 409 179 443 171 479 165 473 183 458 191 453 223 455 235 456 274 472 321 477 393 576 390 553 265 549 244 547 227 541 209 538 194 486 191 564 239 605 282 609 433 565 445 527 473 506 505 469 501 443 508 429 497 415 498 349 489 282 503 285 524 256 529 254 530 213 523 216 442 203 376 164 377 165 403 124 416 113 451 145 309 163 309 228 328 284 274 290 271 293 270 368 335 379 343 421 387 428 393 494 456 488 472 484 483 516 531 561 539 568 542 602 534 561 565 519 576 507 579 486 568 436 553 437 609 414 606 403 650 359 574 353 555 325 551 310 562 309 561 309 530 327 531 466 470 521 412 574 376 665 393 670 428 684 423 727 404 729 388 724 375 478 194 474 147 451 132 449 115 395 115 346 157 338 290 317 340 309 362 253 591 346 592 451 600 528 604 400 400
52 8 25 48 62 63 71 72 103 135 172 181 194 232 245 258 274 303 317 336 386 395 440 446 460 475 489 525 543 558 605 617 651 654 677 687 717 727 770 789 797 798 808 813 837 857 885 898 916 920 986 989 993
106 400 400 384 412 382 421 326 421 294 415 274 380 249 312 250 242 279 245 287 221 372 210 399 212 401 213 409 179 443 171 479 165 473 183 458 191 453 223 455 235 456 274 472 321 477 393 576 390 553 265 549 244 547 227 541 209 538 194 486 191 564 239 605 282 609 433 565 445 527 473 506 505 469 501 443 508 429 497 415 498 349 489 285 524 256 529 254 530 213 523 216 442 203 376 164 377 165 403 124 416 113 451 145 309 163 309 228 328 284 274 290 271 293 270 368 335 379 343 421 387 428 393 494 456 488 472 484 483 516 531 561 539 568 542 602 534 561 565 519 576 507 579 486 568 436 553 437 609 414 606 403 650 359 574 353 555 325 551 310 562 309 561 309 530 327 531 466 470 521 412 574 376 665 393 670 428 684 423 727 404 729 388 724 375 478 194 474 147 451 132 449 115 395 115 346 157 338 290 317 340 309 362 253 591 346 592 451 600 528 604 400 400
51 8 25 48 62 63 71 72 135 172 181 194 232 245 258 274 303 317 336 386 395 440 446 460 475 489 525 543 558 605 617 651 654 677 687 717 727 770 789 797 798 808 813 837 857 885 898 916 920 986 989 993
104 400 400 384 412 382 421 326 421 294 415 274 380 249 312 250 242 279 245 287 221 372 210 399 212 401 213 409 179 443 171 479 165 473 183 458 191 453 223 455 235 456 274 472 321 477 393 576 390 553 265 549 244 547 227 541 209 538 194 486 191 564 239 605 282 609 433 565 445 527 473 506 505 469 501 443 508 429 497 415 498 285 524 256 529 254 530 213 523 216 442 203 376 164 377 165 403 124 416 113 451 145 309 163 309 228 328 284 274 290 271 293 270 368 335 379 343 421 387 428 393 494 456 488 472 484 483 516 531 561 539 568 542 602 534 561 565 519 576 507 579 486 568 436 553 437 609 414 606 403 650 359 574 353 555 325 551 310 562 309 561 309 530 327 531 466 470 521 412 574 376 665 393 670 428 684 423 727 404 729 388 724 375 478 194 474 147 451 132 395 115 346 157 338 290 317 340 309 362 253 591 346 592 451 600 528 604 400 400
50 8 25 48 62 63 71 72 135 172 181 194 232 245 258 274 303 317 336 386 395 440 446 460 475 489 525 558 605 617 651 654 677 687 717 727 770 789 797 798 808 813 837 857 885 898 916 920 986 989 993
102 400 400 384 412 382 421 326 421 294 415 274 380 249 312 250 242 279 245 287 221 372 210 399 212 401 213 409 179 443 171 479 165 473 183 458 191 453 223 455 235 456 274 472 321 477 393 576 390 553 265 549 244 547 227 541 209 538 194 486 191 564 239 605 282 609 433 565 445 527 473 506 505 469 501 443 508 429 497 415 498 285 524 256 529 254 530 213 523 216 442 203 376 164 377 165 403 124 416 113 451 145 309 163 309 228 328 284 274 290 271 293 270 368 335 379 343 421 387 428 393 494 456 488 472 484 483 516 531 561 539 568 542 602 534 519 576 507 579 486 568 436 553 437 609 414 606 403 650 359 574 353 555 325 551 310 562 309 561 309 530 327 531 466 470 521 412 574 376 665 393 670 428 684 423 727 404 729 388 724 375 478 194 474 147 451 132 346 157 338 290 317 340 309 362 253 591 346 592 451 600 528 604 400 400
50 8 25 48 62 63 71 72 135 172 181 194 232 245 258 274 303 317 336 386 395 440 446 460 475 489 525 558 605 617 651 654 677 687 717 727 770 789 797 798 808 813 837 857 885 898 916 920 986 989 993
102 400 400 384 412 382 421 326 421 294 415 274 380 249 312 250 242 279 245 287 221 372 210 399 212 401 213 409 179 443 171 479 165 473 183 458 191 453 223 455 235 456 274 472 321 477 393 576 390 553 265 549 244 547 227 541 209 538 194 486 191 564 239 605 282 609 433 565 445 527 473 506 505 469 501 443 508 429 497 415 498 285 524 256 529 254 530 213 523 216 442 203 376 164 377 165 403 124 416 113 451 145 309 163 309 228 328 284 274 290 271 293 270 368 335 379 343 421 387 428 393 494 456 488 472 484 483 516 531 561 539 568 542 602 534 519 576 507 579 486 568 436 553 437 609 414 606 403 650 359 574 353 555 325 551 310 562 309 561 309 530 327 531 466 470 521 412 574 376 665 393 670 428 684 423 727 404 729 388 724 375 478 194 474 147 451 132 346 157 338 290 317 340 309 362 253 591 346 592 451 600 528 604 400 400
